Time (s),Lever Position (degrees),Reward Delivered (0/1),Manual Reward (0/1)
0.1,44.9,1,0
0.2,44.9,0,0
0.3,45,0,0
0.4,44.9,1,0
0.5,45,0,0
0.7,44.9,0,0
0.8,42.9,1,0
0.9,19.2,0,0
1,12.7,0,0
1.1,10.5,0,0
1.2,9.9,0,0
1.3,9.9,0,0
1.4,9.9,0,0
1.5,9.9,0,0
1.6,9.9,0,0
1.7,9.9,0,0
1.8,9.9,0,0
1.9,9.6,0,0
2,9.9,0,0
2.1,9.9,0,0
2.3,9.9,0,0
2.4,9.9,0,0
2.5,9.9,0,0
2.6,9.9,0,0
2.7,9.9,0,0
2.8,9.9,0,0
2.9,9.9,0,0
3,9.9,0,0
3.1,9.9,0,0
3.2,27.1,1,0
3.3,25.4,0,0
3.4,8.2,0,0
3.5,8.2,0,0
3.6,7.9,0,0
3.7,26.3,1,0
3.9,13.8,0,0
4,5.7,0,0
4.1,5.4,0,0
4.2,4.8,0,0
4.3,4.8,0,0
4.4,4.8,0,0
4.5,4.8,0,0
4.6,4.8,0,0
4.7,4.8,0,0
4.8,4.8,0,0
4.9,4.8,0,0
5,4.8,0,0
5.1,4.8,0,0
5.2,4.8,0,0
5.3,4.8,0,0
5.5,4.8,0,0
5.6,4.8,0,0
5.7,4.8,0,0
5.8,4.8,0,0
5.9,4.8,0,0
6,4.5,0,0
6.1,4.2,0,0
6.2,4.2,0,0
6.3,4.2,0,0
6.4,4.2,0,1
6.4,4.2,0,0
6.5,4.2,0,0
6.6,4.2,0,0
6.7,4.2,0,0
6.9,4.2,0,0
7,4.2,0,0
7.1,4.2,0,0
7.2,4.2,0,0
7.3,4.2,0,0
7.4,4.2,0,0
7.5,4.2,0,0
7.6,4.2,0,0
7.7,4.2,0,0
7.8,4.2,0,0
7.9,4.2,0,0
8,4.2,0,0
8.1,4.2,0,0
8.2,4.2,0,0
8.3,4.2,0,0
8.5,4.2,0,0
8.6,4.2,0,0
8.7,4.2,0,0
8.8,4.2,0,0
8.9,4.2,0,0
9,4.2,0,0
9.1,4.2,0,0
9.2,4.2,0,0
9.3,4.2,0,0
9.4,4.2,0,0
9.5,4.2,0,0
9.6,4.2,0,0
9.7,4.2,0,0
9.8,4.2,0,0
9.9,4.2,0,0
10,4.2,0,0
10.2,4.2,0,0
10.3,4.2,0,0
10.4,4.2,0,0
10.5,4.2,0,0
10.6,4.2,0,0
10.7,4.2,0,0
10.8,4.2,0,0
10.9,4.2,0,0
11,4.2,0,0
11.1,4.2,0,0
11.2,4.2,0,0
11.3,4.2,0,0
11.4,4.2,0,0
11.5,4.2,0,0
11.6,4.2,0,0
11.7,4.2,0,0
11.9,4.2,0,0
12,4.2,0,0
12.1,4.2,0,0
12.2,4.2,0,0
12.3,4.2,0,0
12.4,4.2,0,0
12.5,4.2,0,0
12.6,4.2,0,0
12.7,4.2,0,0
12.8,4.2,0,0
12.9,4.2,0,0
13,4.2,0,0
13.1,4.2,0,0
13.2,4.2,0,0
13.3,4.2,0,0
13.4,4.2,0,0
13.6,4.2,0,0
13.7,4.2,0,0
13.8,4.2,0,0
13.9,4.2,0,0
14,4.2,0,0
14.1,4.2,0,0
14.2,4.2,0,0
14.3,4.2,0,0
14.4,4.2,0,0
14.5,4.2,0,0
14.6,4.2,0,0
14.7,4.2,0,0
14.8,4.2,0,0
14.9,4.2,0,0
15,4.2,0,0
15.1,4.2,0,0
15.3,4.2,0,0
15.4,4.2,0,0
15.5,4.2,0,0
15.6,4.2,0,0
15.7,4.2,0,0
15.8,4.2,0,0
15.9,4.2,0,0
16,4.2,0,0
16.1,4.2,0,0
16.2,4.2,0,0
16.3,4.2,0,0
16.4,4.2,0,0
16.5,4.2,0,0
16.6,4.2,0,0
16.7,4.2,0,0
16.9,4.2,0,0
17,4.5,0,0
17.1,4.2,0,0
17.2,4.2,0,0
17.3,4.2,0,0
17.4,4.2,0,0
17.5,4.2,0,0
17.6,4.2,0,0
17.7,4.2,0,0
17.8,4.2,0,0
17.9,4.2,0,0
18,4.2,0,0
18.1,4.2,0,0
18.2,4.2,0,0
18.3,4.2,0,0
18.4,4.2,0,0
18.6,4.2,0,0
18.7,4.2,0,0
18.8,4.2,0,0
18.9,4.2,0,0
19,4.2,0,0
19.1,4.2,0,0
19.2,4.2,0,0
19.3,4.2,0,0
19.4,4.2,0,0
19.5,4.2,0,0
19.6,4.2,0,0
19.7,4.2,0,0
19.8,4.2,0,0
19.9,4.2,0,0
20,4.2,0,0
20.1,4.2,0,0
20.3,4.2,0,0
20.4,4.2,0,0
20.5,4.2,0,0
20.6,4.2,0,0
20.7,4.2,0,0
20.8,4.2,0,0
20.9,4.2,0,0
21,4.2,0,0
21.1,4.2,0,0
21.2,4.2,0,0
21.3,4.2,0,0
21.4,4.2,0,0
21.5,4.2,0,0
21.6,4.2,0,0
21.7,4.2,0,0
21.8,4.2,0,0
22,4.2,0,0
22.1,4.2,0,0
22.2,4.2,0,0
22.3,4.2,0,0
22.4,4.2,0,0
22.5,4.2,0,0
22.6,4.2,0,0
22.7,4.2,0,0
22.8,4.2,0,0
22.9,4.2,0,0
23,4.2,0,0
23.1,4.2,0,0
23.2,4.2,0,0
23.3,4.2,0,0
23.4,4.2,0,0
23.5,4.2,0,0
23.7,4.2,0,0
23.8,4.2,0,0
23.9,4.2,0,0
24,4.2,0,0
24.1,4.2,0,0
24.2,4.2,0,0
24.3,4.2,0,0
24.4,4.2,0,0
24.5,4.2,0,0
24.6,4.2,0,0
24.7,4.2,0,0
24.8,4.2,0,0
24.9,4.2,0,0
25,4.2,0,0
25.1,4.2,0,0
25.2,4.2,0,0
25.4,4.2,0,0
25.5,4.2,0,0
25.6,4.2,0,0
25.7,4.2,0,0
25.8,4.2,0,0
25.9,4.2,0,0
26,4.2,0,0
26.1,4.2,0,0
26.2,4.2,0,0
26.3,4.2,0,0
26.4,4.2,0,0
26.5,4.2,0,0
26.6,4.2,0,0
26.7,4.2,0,0
26.8,4.2,0,0
26.9,4.2,0,0
27,4.2,0,0
27.2,4.2,0,0
27.3,4.2,0,0
27.4,4.2,0,0
27.5,4.2,0,0
27.6,4.2,0,0
27.7,4.2,0,0
27.8,4.2,0,0
27.9,4.2,0,0
28,4.2,0,0
28.1,4.2,0,0
28.2,4.2,0,0
28.3,4.2,0,0
28.4,4.2,0,0
28.5,4.2,0,0
28.6,4.2,0,0
28.8,4.2,0,0
28.9,4.2,0,0
29,4.2,0,0
29.1,4.2,0,0
29.2,4.2,0,0
29.3,4.2,0,0
29.4,4.2,0,0
29.5,4.2,0,0
29.6,4.2,0,0
29.7,4.2,0,0
29.8,4.2,0,0
29.9,4.2,0,0
30,4.2,0,0
30.1,4.2,0,0
30.2,4.2,0,0
30.3,4.2,0,0
30.4,4.2,0,0
30.6,4.2,0,0
30.7,4.2,0,0
30.8,4.2,0,0
30.9,4.2,0,0
31,4.2,0,0
31.1,4.2,0,0
31.2,4.2,0,0
31.3,4.2,0,0
31.4,4.2,0,0
31.5,4.2,0,0
31.6,4.2,0,0
31.7,4.2,0,0
31.8,4.2,0,0
31.9,4.2,0,0
32,4.2,0,0
32.2,4.2,0,0
32.3,4.2,0,0
32.4,4.2,0,0
32.5,4.2,0,0
32.6,4.2,0,0
32.7,4.2,0,0
32.8,4.2,0,0
32.9,4.2,0,0
33,4.2,0,0
33.1,4.2,0,0
33.2,4.2,0,0
33.3,4.2,0,0
33.4,4.2,0,0
33.5,4.2,0,0
33.6,4.2,0,0
33.7,4.2,0,0
33.9,4.2,0,0
34,4.2,0,0
34.1,4.2,0,0
34.2,4.2,0,0
34.3,4.2,0,0
34.4,4.2,0,0
34.5,4.2,0,0
34.6,4.2,0,0
34.7,4.2,0,0
34.8,4.2,0,0
34.9,4.2,0,0
35,4.2,0,0
35.1,4.2,0,0
35.2,4.2,0,0
35.3,4.2,0,0
35.4,4.2,0,0
35.6,4.2,0,0
35.7,4.2,0,0
35.8,4.2,0,0
35.9,4.2,0,0
36,4.2,0,0
36.1,4.2,0,0
36.2,4.2,0,0
36.3,4.2,0,0
36.4,4.2,0,0
36.5,4,0,0
36.6,4.2,0,0
36.7,4.2,0,0
36.8,4.2,0,0
37,4.2,0,0
37.1,4.2,0,0
37.2,4,0,0
37.3,4.2,0,0
37.4,4.2,0,0
37.5,4.2,0,0
37.6,4.2,0,0
37.8,4.2,0,0
37.9,4.2,0,0
38,4.2,0,0
38.1,4.2,0,0
38.2,4.2,0,0
38.3,4.2,0,0
38.5,4.2,0,0
38.6,4.2,0,0
38.7,4.2,0,0
38.8,4.2,0,0
38.9,4.2,0,0
39,4.2,0,0
39.2,4.2,0,0
39.3,4.2,0,0
39.4,4.2,0,0
39.5,4.2,0,0
39.6,4.2,0,0
39.7,4.2,0,0
39.9,4.2,0,0
40,4.2,0,0
40.1,4.2,0,0
40.2,4.2,0,0
40.3,4.2,0,0
40.4,4.2,0,0
40.6,4.2,0,0
40.7,4.2,0,0
40.8,4.2,0,0
40.9,4.2,0,0
41,4.2,0,0
41.1,4.2,0,0
41.3,4.2,0,0
41.4,4.2,0,0
41.5,4.2,0,0
41.6,4.2,0,0
41.7,4.2,0,0
41.8,4.2,0,0
41.9,4.2,0,0
42,4.2,0,0
42.1,4.2,0,0
42.2,4.2,0,0
42.3,4.2,0,0
42.4,4.2,0,0
42.5,4.2,0,0
42.7,4.2,0,0
42.8,4.2,0,0
42.9,4.2,0,0
43,4.2,0,0
43.1,4.2,0,0
43.2,4.2,0,0
43.3,4.2,0,0
43.4,4.2,0,0
43.5,4.2,0,0
43.6,4.2,0,0
43.7,4.2,0,0
43.8,4.2,0,0
44,4.2,0,0
44.1,4.2,0,0
44.2,4.2,0,0
44.3,4.2,0,0
44.4,4.2,0,0
44.5,4.2,0,0
44.6,4.2,0,0
44.7,4.2,0,0
44.8,4.2,0,0
44.9,4.2,0,0
45,4,0,0
45.1,4.2,0,0
45.2,4.2,0,0
45.3,4.2,0,0
45.4,4.2,0,0
45.5,4.2,0,0
45.7,4.2,0,0
45.8,4.2,0,0
45.9,4.2,0,0
46,4.2,0,0
46.1,4.2,0,0
46.2,4.2,0,0
46.3,4.2,0,0
46.4,4.2,0,0
46.5,4.2,0,0
46.6,4.2,0,0
46.7,4.2,0,0
46.8,4.2,0,0
46.9,4.2,0,0
47,4.2,0,0
47.1,4.2,0,0
47.2,4.2,0,0
47.4,4.2,0,0
47.5,4.2,0,0
47.6,4.2,0,0
47.7,4.2,0,0
47.8,4.2,0,0
47.9,4.2,0,0
48,4.2,0,0
48.1,4.2,0,0
48.2,4.2,0,0
48.3,4.2,0,0
48.4,4.2,0,0
48.5,4.2,0,0
48.6,4.2,0,0
48.7,4.2,0,0
48.8,4.2,0,0
48.9,4.2,0,0
49.1,4.2,0,0
49.2,4.2,0,0
49.3,4.2,0,0
49.4,4.2,0,0
49.5,4.2,0,0
49.6,4.2,0,0
49.7,4.2,0,0
49.8,4.2,0,0
49.9,4.2,0,0
50,4.2,0,0
50.1,4.2,0,0
50.2,4.2,0,0
50.3,4.2,0,0
50.4,4.2,0,0
50.5,4.2,0,0
50.6,4,0,0
50.8,4.2,0,0
50.9,4.2,0,0
51,4.2,0,0
51.1,4.2,0,0
51.2,4.2,0,0
51.3,4.2,0,0
51.4,4.2,0,0
51.5,4.2,0,0
51.6,4.2,0,0
51.7,4.2,0,0
51.8,4.2,0,0
51.9,4.2,0,0
52,4.2,0,0
52.1,4.2,0,0
52.2,4.2,0,0
52.3,4.2,0,0
52.5,4.2,0,0
52.6,4.2,0,0
52.7,4.2,0,0
52.8,4.2,0,0
52.9,4.2,0,0
53,4.2,0,0
53.1,4.2,0,0
53.2,4.2,0,0
53.3,4.2,0,0
53.4,4.2,0,0
53.5,4.2,0,0
53.6,4.2,0,0
53.7,4.2,0,0
53.8,4.2,0,0
53.9,4.2,0,0
54.1,4.2,0,0
54.2,4.2,0,0
54.3,4.2,0,0
54.4,4.2,0,0
54.5,4.2,0,0
54.6,4.2,0,0
54.7,4.2,0,0
54.8,4.2,0,0
54.9,4.2,0,0
55,4.2,0,0
55.1,4.2,0,0
55.2,4.2,0,0
55.3,4.2,0,0
55.4,4.2,0,0
55.5,4.2,0,0
55.6,4.2,0,0
55.8,4.2,0,0
55.9,4.2,0,0
56,4.2,0,0
56.1,4.2,0,0
56.2,4.2,0,0
56.3,4,0,0
56.4,4.2,0,0
56.5,4.2,0,0
56.6,4.2,0,0
56.7,4.2,0,0
56.8,4.2,0,0
56.9,4.2,0,0
57,4.2,0,0
57.1,4.2,0,0
57.2,4.2,0,0
57.3,4.2,0,0
57.4,4.2,0,0
57.6,4.2,0,0
57.7,4.2,0,0
57.8,4.2,0,0
57.9,4.2,0,0
58,4.2,0,0
58.1,4.2,0,0
58.2,4.2,0,0
58.3,4.2,0,0
58.4,4.2,0,0
58.5,4.2,0,0
58.6,4.2,0,0
58.7,4.2,0,0
58.8,4.2,0,0
58.9,4.2,0,0
59,4.2,0,0
59.2,4.2,0,0
59.3,4.2,0,0
59.4,4.2,0,0
59.5,4.2,0,0
59.6,4.2,0,0
59.7,4.2,0,0
59.8,4.2,0,0
59.9,4.2,0,0
60,4.2,0,0
60.1,4.2,0,0
60.2,4.2,0,0
60.3,4.2,0,0
60.4,4.2,0,0
60.5,4.2,0,0
60.6,4.2,0,0
60.7,4.2,0,0
60.9,4.2,0,0
61,4.2,0,0
61.1,4.2,0,0
61.2,4.2,0,0
61.3,4.2,0,0
61.4,4.2,0,0
61.5,4.2,0,0
61.6,4.2,0,0
61.7,4.2,0,0
61.8,4.2,0,0
61.9,4.2,0,0
62,4.2,0,0
62.1,4.2,0,0
62.2,4.2,0,0
62.3,4.2,0,0
62.4,4.2,0,0
62.6,4.2,0,0
62.7,4.2,0,0
62.8,4.2,0,0
62.9,4.2,0,0
63,4.2,0,0
63.1,4.2,0,0
63.2,4.2,0,0
63.3,4.2,0,0
63.4,4.2,0,0
63.5,4.2,0,0
63.6,4.2,0,0
63.7,4.2,0,0
63.8,4.2,0,0
63.9,4.2,0,0
64,4.2,0,0
64.1,4.2,0,0
64.3,4.2,0,0
64.4,4.2,0,0
64.5,4.2,0,0
64.6,4.2,0,0
64.7,4.2,0,0
64.8,4.2,0,0
64.9,4.2,0,0
65,4.2,0,0
65.1,4.2,0,0
65.2,4.2,0,0
65.3,4.2,0,0
65.4,4.2,0,0
65.5,4.2,0,0
65.6,4.2,0,0
65.7,4.2,0,0
65.8,4.2,0,0
66,4.2,0,0
66.1,4.2,0,0
66.2,4.2,0,0
66.3,4.2,0,0
66.4,4.2,0,0
66.5,4.2,0,0
66.6,4.2,0,0
66.7,4.2,0,0
66.8,4.2,0,0
66.9,4.2,0,0
67,4.2,0,0
67.1,4.2,0,0
67.2,4.2,0,0
67.3,4.2,0,0
67.4,4.2,0,0
67.5,4.2,0,0
67.7,4.2,0,0
67.8,4.2,0,0
67.9,4.2,0,0
68,4.2,0,0
68.1,4.2,0,0
68.2,4.2,0,0
68.3,4.2,0,0
68.4,4.2,0,0
68.5,4.2,0,0
68.6,4.2,0,0
68.7,4.2,0,0
68.8,4.2,0,0
68.9,4.2,0,0
69,4.2,0,0
69.1,4.2,0,0
69.2,4.2,0,0
69.4,4.2,0,0
69.5,4.2,0,0
69.6,4.2,0,0
69.7,4.2,0,0
69.8,4.2,0,0
69.9,4.2,0,0
70,4.2,0,0
70.1,4.2,0,0
70.2,4.2,0,0
70.3,4.2,0,0
70.4,4.2,0,0
70.5,4.2,0,0
70.6,4.2,0,0
70.7,4.2,0,0
70.8,4.2,0,0
70.9,4.2,0,0
71,4.2,0,0
71.2,4.2,0,0
71.3,4.2,0,0
71.4,4.2,0,0
71.5,4.2,0,0
71.6,4.2,0,0
71.7,4.2,0,0
71.8,4.2,0,0
71.9,4.2,0,0
72,4.2,0,0
72.1,4.2,0,0
72.2,4.2,0,0
72.3,4.2,0,0
72.4,4.2,0,0
72.5,4.2,0,0
72.6,4.2,0,0
72.7,4.2,0,0
72.9,4.2,0,0
73,4.2,0,0
73.1,4.2,0,0
73.2,4.2,0,0
73.3,4.2,0,0
73.4,4.2,0,0
73.5,4.2,0,0
73.6,4.2,0,0
73.7,4.2,0,0
73.8,4.2,0,0
73.9,4.2,0,0
74,4.2,0,0
74.1,4.2,0,0
74.2,4.2,0,0
74.3,4.2,0,0
74.5,4.2,0,0
74.6,4.2,0,0
74.7,4.2,0,0
74.8,4.2,0,0
74.9,4.2,0,0
75,4.2,0,0
75.1,4.2,0,0
75.2,4.2,0,0
75.3,4.2,0,0
75.4,4.2,0,0
75.5,4.2,0,0
75.6,4.2,0,0
75.7,4.2,0,0
75.8,4.2,0,0
75.9,4.2,0,0
76,4.2,0,0
76.1,4.2,0,0
76.3,4.2,0,0
76.4,4.2,0,0
76.5,4.2,0,0
76.6,4.2,0,0
76.7,4.2,0,0
76.8,4.2,0,0
76.9,4.2,0,0
77,4.2,0,0
77.1,4.2,0,0
77.2,4.2,0,0
77.3,4.2,0,0
77.4,4.2,0,0
77.5,4.2,0,0
77.6,4.2,0,0
77.7,4.2,0,0
77.8,4.2,0,0
78,4.2,0,0
78.1,4.2,0,0
78.2,4.2,0,0
78.3,4.2,0,0
78.4,4.2,0,0
78.5,4.2,0,0
78.6,4.2,0,0
78.7,4.2,0,0
78.8,4.2,0,0
78.9,4,0,0
79,4.2,0,0
79.1,4.2,0,0
79.2,4.2,0,0
79.3,4.2,0,0
79.4,4.2,0,0
79.5,4.2,0,0
79.7,4.2,0,0
79.8,4.2,0,0
79.9,4.2,0,0
80,4.2,0,0
80.1,4.2,0,0
80.2,4.2,0,0
80.3,4.2,0,0
80.4,4.2,0,0
80.5,4.2,0,0
80.6,4.2,0,0
80.7,4.2,0,0
80.8,4.2,0,0
80.9,4.2,0,0
81,4.2,0,0
81.1,4.2,0,0
81.2,4.2,0,0
81.4,4.2,0,0
81.5,4.2,0,0
81.6,4.2,0,0
81.7,4.2,0,0
81.8,4.2,0,0
81.9,4.2,0,0
82,4.2,0,0
82.1,4.2,0,0
82.2,4.2,0,0
82.3,4.2,0,0
82.4,4.2,0,0
82.5,4,0,0
82.6,4.2,0,0
82.7,4.2,0,0
82.8,4.2,0,0
82.9,4.2,0,0
83,4.2,0,0
83.2,4.2,0,0
83.3,4.2,0,0
83.4,4.2,0,0
83.5,4.2,0,0
83.6,4.2,0,0
83.7,4.2,0,0
83.8,4.2,0,0
83.9,4.2,0,0
84,4.2,0,0
84.1,4.2,0,0
84.2,4.2,0,0
84.3,4.2,0,0
84.4,4.2,0,0
84.5,4.2,0,0
84.6,4.2,0,0
84.7,4.2,0,0
84.9,4.2,0,0
85,4.2,0,0
85.1,4.2,0,0
85.2,4.2,0,0
85.3,4.2,0,0
85.4,4.2,0,0
85.5,4.2,0,0
85.6,4.2,0,0
85.7,4.2,0,0
85.8,4.2,0,0
85.9,4.2,0,0
86,4.2,0,0
86.1,4,0,0
86.2,4.2,0,0
86.3,4.2,0,0
86.4,4.2,0,0
86.6,4.2,0,0
86.7,4.2,0,0
86.8,4.2,0,0
86.9,4.2,0,0
87,4.2,0,0
87.1,4.2,0,0
87.2,4.2,0,0
87.3,4.2,0,0
87.4,4.2,0,0
87.5,4.2,0,0
87.6,4.2,0,0
87.7,4.2,0,0
87.8,4.2,0,0
87.9,4.2,0,0
88,4.2,0,0
88.1,4.2,0,0
88.3,4.2,0,0
88.4,4.2,0,0
88.5,4.2,0,0
88.6,4.2,0,0
88.7,4.2,0,0
88.8,4.2,0,0
88.9,4.2,0,0
89,4.2,0,0
89.1,4.2,0,0
89.2,4,0,0
89.3,4.2,0,0
89.4,4.2,0,0
89.5,4.2,0,0
89.6,4.2,0,0
89.7,4.2,0,0
89.8,4.2,0,0
90,4.2,0,0
90.1,4.2,0,0
90.2,4.2,0,0
90.3,4.2,0,0
90.4,4.2,0,0
90.5,4.2,0,0
90.6,4.2,0,0
90.7,4.2,0,0
90.8,4.2,0,0
90.9,4.2,0,0
91,4.2,0,0
91.1,4.2,0,0
91.2,4.2,0,0
91.3,4.2,0,0
91.4,4.2,0,0
91.5,4.2,0,0
91.7,4.2,0,0
91.8,4.2,0,0
91.9,4.2,0,0
92,4.2,0,0
92.1,4.2,0,0
92.2,4.2,0,0
92.3,4.2,0,0
92.4,4.2,0,0
92.5,4.2,0,0
92.6,4.2,0,0
92.7,4.2,0,0
92.8,4,0,0
92.9,4.2,0,0
93,4.2,0,0
93.1,4.2,0,0
93.2,4.2,0,0
93.3,4.2,0,0
93.5,4.2,0,0
93.6,4.2,0,0
93.7,4.2,0,0
93.8,4.2,0,0
93.9,4.2,0,0
94,4.2,0,0
94.1,4.2,0,0
94.2,4.2,0,0
94.3,4.2,0,0
94.4,4.2,0,0
94.5,4.2,0,0
94.6,4.2,0,0
94.7,4.2,0,0
94.8,4.2,0,0
94.9,4.2,0,0
95,4.2,0,0
95.2,4.2,0,0
95.3,4.2,0,0
95.4,4.2,0,0
95.5,4.2,0,0
95.6,4.2,0,0
95.7,4.2,0,0
95.8,4.2,0,0
95.9,4,0,0
96,4.2,0,0
96.1,4.2,0,0
96.2,4.2,0,0
96.3,4.2,0,0
96.4,4.2,0,0
96.5,4.2,0,0
96.6,4.2,0,0
96.7,4.2,0,0
96.8,4.2,0,0
97,4.2,0,0
97.1,4.2,0,0
97.2,4.2,0,0
97.3,4.2,0,0
97.4,4.2,0,0
97.5,4.2,0,0
97.6,4.2,0,0
97.7,4.2,0,0
97.8,4.2,0,0
97.9,4.2,0,0
98,4.2,0,0
98.1,4.2,0,0
98.2,4.2,0,0
98.3,4.2,0,0
98.4,4.2,0,0
98.5,4.2,0,0
98.7,4.2,0,0
98.8,4.2,0,0
98.9,4.2,0,0
99,4.2,0,0
99.1,4.2,0,0
99.2,4.2,0,0
99.3,4.2,0,0
99.4,4.2,0,0
99.5,4,0,0
99.6,4.2,0,0
99.7,4.2,0,0
99.8,4.2,0,0
99.9,4.2,0,0
100,4.2,0,0
100.1,4.2,0,0
100.2,4.2,0,0
100.4,4.2,0,0
100.5,4.2,0,0
100.6,4.2,0,0
100.7,4.2,0,0
100.8,4.2,0,0
100.9,4.2,0,0
101,4.2,0,0
101.1,4.2,0,0
101.2,4.2,0,0
101.3,4.2,0,0
101.4,4.2,0,0
101.5,4.2,0,0
101.6,4.2,0,0
101.7,4.2,0,0
101.8,4.2,0,0
101.9,4.2,0,0
102.1,4.2,0,0
102.2,4.2,0,0
102.3,4.2,0,0
102.4,4.2,0,0
102.5,4.2,0,0
102.6,4.2,0,0
102.7,4.2,0,0
102.8,4.2,0,0
102.9,4.2,0,0
103,4.2,0,0
103.1,4,0,0
103.2,4.2,0,0
103.3,4.2,0,0
103.4,4.2,0,0
103.5,4.2,0,0
103.6,4.2,0,0
103.7,4.2,0,0
103.9,4.2,0,0
104,4.2,0,0
104.1,4.2,0,0
104.2,4.2,0,0
104.3,4.2,0,0
104.4,4.2,0,0
104.5,4.2,0,0
104.6,4.2,0,0
104.7,4.2,0,0
104.8,4.2,0,0
104.9,4.2,0,0
105,4.2,0,0
105.1,4.2,0,0
105.2,4.2,0,0
105.3,4.2,0,0
105.4,4.2,0,0
105.6,4.2,0,0
105.7,4.2,0,0
105.8,4.2,0,0
105.9,4.2,0,0
106,4.2,0,0
106.1,4.2,0,0
106.2,4.2,0,0
106.3,4.2,0,0
106.4,4.2,0,0
106.5,4.2,0,0
106.6,4.2,0,0
106.7,4.2,0,0
106.8,4.2,0,0
106.9,4.2,0,0
107,4.2,0,0
107.1,4.2,0,0
107.2,4.2,0,0
107.4,4.2,0,0
107.5,4.2,0,0
107.6,4.2,0,0
107.7,4.2,0,0
107.8,4.2,0,0
107.9,4.2,0,0
108,4.2,0,0
108.1,4.2,0,0
108.2,4.2,0,0
108.3,4.2,0,0
108.4,4.2,0,0
108.5,4.2,0,0
108.6,4.2,0,0
108.7,4.2,0,0
108.8,4.2,0,0
108.9,4.2,0,0
109.1,4,0,0
109.2,4.2,0,0
109.3,4.2,0,0
109.4,4.2,0,0
109.5,4.2,0,0
109.6,4.2,0,0
109.7,4.2,0,0
109.8,4.2,0,0
109.9,4.2,0,0
110,4.2,0,0
110.1,4.2,0,0
110.2,4.2,0,0
110.3,4.2,0,0
110.4,4.2,0,0
110.5,4.2,0,0
110.6,4.2,0,0
110.8,4.2,0,0
110.9,4.2,0,0
111,4.2,0,0
111.1,4.2,0,0
111.2,4.2,0,0
111.3,4.2,0,0
111.4,11,0,0
111.5,8.8,0,0
111.6,5.7,0,0
111.7,29.4,1,0
111.8,16.7,0,0
111.9,3.7,0,0
112,3.1,0,0
112.1,3.1,0,0
112.2,3.1,0,0
112.3,2.5,0,0
112.5,2.5,0,0
112.6,2.5,0,0
112.7,2.8,0,0
112.8,2.8,0,0
112.9,2.5,0,0
113,2.5,0,0
113.1,2.5,0,0
113.2,2.5,0,0
113.3,2.5,0,0
113.4,2.8,0,0
113.5,2.5,0,0
113.6,2.5,0,0
113.7,2.5,0,0
113.8,2.5,0,0
113.9,2.5,0,0
114,2.5,0,0
114.1,2.5,0,0
114.2,2.5,0,0
114.4,2.5,0,0
114.5,2.5,0,0
114.6,2.5,0,0
114.7,2.5,0,0
114.8,2.5,0,0
114.9,2.5,0,0
115,2.8,0,0
115.1,2.8,0,0
115.2,2.8,0,0
115.3,2.5,0,0
115.4,2.5,0,0
115.5,2.8,0,0
115.6,2.5,0,0
115.7,2.5,0,0
115.8,2.5,0,0
115.9,2.8,0,0
116,2.5,0,0
116.2,2.5,0,0
116.3,2.5,0,0
116.4,2.5,0,0
116.5,2.5,0,0
116.6,2.5,0,0
116.7,3.1,0,0
116.8,2.8,0,0
116.9,2.8,0,0
117,2.5,0,0
117.1,2.8,0,0
117.2,2.5,0,0
117.3,2.8,0,0
117.4,2.5,0,0
117.5,2.5,0,0
117.6,2.5,0,0
117.7,2.5,0,0
117.8,2.8,0,0
117.9,2.5,0,0
118.1,2.8,0,0
118.2,2.5,0,0
118.3,2.5,0,0
118.4,2.5,0,0
118.5,2.5,0,0
118.6,2.5,0,0
118.7,2.5,0,0
118.8,2.8,0,0
118.9,2.8,0,0
119,2.8,0,0
119.1,2.5,0,0
119.2,2.8,0,0
119.3,2.8,0,0
119.4,2.8,0,0
119.5,2.8,0,0
119.6,2.8,0,0
119.7,2.5,0,0
119.8,2.5,0,0
120,2.5,0,0
120.1,2.5,0,0
120.2,2.5,0,0
120.3,2.5,0,0
120.4,2.5,0,0
120.5,2.5,0,0
120.6,2.5,0,0
120.7,2.8,0,0
120.8,2.5,0,0
120.9,2.5,0,0
121,2.5,0,0
121.1,2.5,0,0
121.2,2.5,0,0
121.3,2.5,0,0
121.4,2.5,0,0
121.5,2.5,0,0
121.6,2.5,0,0
121.8,2.5,0,0
121.9,2.8,0,0
122,2.5,0,0
122.1,2.5,0,0
122.2,3.1,0,0
122.3,2.5,0,0
122.4,2.5,0,0
122.5,2.5,0,0
122.6,2.8,0,0
122.7,2.5,0,0
122.8,2.8,0,0
122.9,2.5,0,0
123,2.5,0,0
123.1,2.8,0,0
123.3,2.8,0,0
123.4,2.8,0,0
123.5,2.8,0,0
123.6,2.8,0,0
123.7,2.8,0,0
123.8,2.8,0,0
124,2.8,0,0
124.1,2.8,0,0
124.2,2.8,0,0
124.3,2.8,0,0
124.4,2.8,0,0
124.5,2.8,0,0
124.7,2.8,0,0
124.8,2.8,0,0
124.9,2.8,0,0
125,2.5,0,0
125.1,2.8,0,0
125.2,2.5,0,0
125.4,2.8,0,0
125.5,2.8,0,0
125.6,2.8,0,0
125.7,2.8,0,0
125.8,2.8,0,0
125.9,2.8,0,0
126.1,2.8,0,0
126.2,2.8,0,0
126.3,2.8,0,0
126.4,2.8,0,0
126.5,2.8,0,0
126.6,2.5,0,0
126.8,2.8,0,0
126.9,2.8,0,0
127,2.8,0,0
127.1,2.8,0,0
127.2,2.8,0,0
127.3,2.8,0,0
127.5,2.8,0,0
127.6,2.8,0,0
127.7,2.8,0,0
127.8,2.5,0,0
127.9,2.8,0,0
128,2.5,0,0
128.1,2.5,0,0
128.2,2.5,0,0
128.3,2.5,0,0
128.4,2.5,0,0
128.6,2.8,0,0
128.7,2.8,0,0
128.8,2.8,0,0
128.9,2.5,0,0
129,2.8,0,0
129.1,2.8,0,0
129.2,2.8,0,0
129.3,2.8,0,0
129.4,2.8,0,0
129.5,2.8,0,0
129.6,2.5,0,0
129.7,2.5,0,0
129.8,2.5,0,0
129.9,2.8,0,0
130,2.5,0,0
130.1,2.8,0,0
130.2,2.5,0,0
130.4,2.5,0,0
130.5,3.1,0,0
130.6,2.5,0,0
130.7,2.5,0,0
130.8,2.5,0,0
130.9,2.8,0,0
131,2.8,0,0
131.1,2.8,0,0
131.2,2.5,0,0
131.3,2.8,0,0
131.4,2.8,0,0
131.5,2.8,0,0
131.6,2.8,0,0
131.7,2.5,0,0
131.8,2.5,0,0
132,2.5,0,0
132.1,2.8,0,0
132.2,2.8,0,0
132.3,2.8,0,0
132.4,2.8,0,0
132.5,2.8,0,0
132.6,2.5,0,0
132.7,2.5,0,0
132.8,2.8,0,0
132.9,2.8,0,0
133,2.8,0,0
133.1,2.8,0,0
133.2,2.8,0,0
133.3,2.8,0,0
133.4,2.5,0,0
133.5,2.5,0,0
133.7,2.5,0,0
133.8,2.5,0,0
133.9,2.5,0,0
134,2.8,0,0
134.1,2.8,0,0
134.2,2.8,0,0
134.3,2.5,0,0
134.4,2.5,0,0
134.5,2.5,0,0
134.6,2.5,0,0
134.7,2.5,0,0
134.8,2.5,0,0
134.9,2.8,0,0
135,2.5,0,0
135.1,2.5,0,0
135.2,2.5,0,0
135.4,2.8,0,0
135.5,2.5,0,0
135.6,2.5,0,0
135.7,2.5,0,0
135.8,2.8,0,0
135.9,2.8,0,0
136,2.8,0,0
136.1,2.8,0,0
136.2,2.8,0,0
136.3,2.5,0,0
136.4,2.5,0,0
136.5,2.5,0,0
136.6,2.5,0,0
136.7,2.8,0,0
136.8,2.5,0,0
136.9,2.8,0,0
137.1,2.5,0,0
137.2,2.8,0,0
137.3,2.8,0,0
137.4,2.5,0,0
137.5,2.8,0,0
137.6,2.8,0,0
137.7,2.8,0,0
137.8,2.8,0,0
137.9,2.5,0,0
138,2.5,0,0
138.1,2.5,0,0
138.2,2.8,0,0
138.3,2.8,0,0
138.4,2.8,0,0
138.5,2.8,0,0
138.6,2.5,0,0
138.8,2.8,0,0
138.9,2.8,0,0
139,2.8,0,0
139.1,2.8,0,0
139.2,2.5,0,0
139.3,2.8,0,0
139.4,2.8,0,0
139.5,2.8,0,0
139.6,2.8,0,0
139.7,2.8,0,0
139.8,2.8,0,0
139.9,2.5,0,0
140,2.8,0,0
140.1,2.5,0,0
140.2,2.8,0,0
140.4,2.8,0,0
140.5,2.8,0,0
140.6,2.8,0,0
140.7,2.8,0,0
140.8,2.5,0,0
140.9,2.8,0,0
141,2.8,0,0
141.1,2.8,0,0
141.2,2.8,0,0
141.3,2.8,0,0
141.4,2.5,0,0
141.5,2.5,0,0
141.6,2.8,0,0
141.7,2.5,0,0
141.8,2.8,0,0
141.9,2.8,0,0
142,2.8,0,0
142.2,2.8,0,0
142.3,2.5,0,0
142.4,2,0,0
142.5,0.3,0,0
142.6,0.3,0,0
142.7,0.3,0,0
142.8,0.3,0,0
142.9,0.3,0,0
143,0.3,0,0
143.1,0.3,0,0
143.2,0.3,0,0
143.3,0,0,0
143.4,0,0,0
143.5,0,0,0
143.6,0.3,0,0
143.7,0.3,0,0
143.9,0,0,0
144,0.3,0,0
144.1,0.3,0,0
144.2,0.3,0,0
144.3,0.3,0,0
144.4,0.3,0,0
144.5,0.3,0,0
144.6,0.3,0,0
144.7,0.3,0,0
144.8,0,0,0
144.9,0.3,0,0
145,0.3,0,0
145.1,0.3,0,0
145.2,0.3,0,0
145.3,0.3,0,0
145.4,0,0,0
145.5,0.3,0,0
145.7,0.3,0,0
145.8,0,0,0
145.9,0.3,0,0
146,0,0,0
146.1,0.3,0,0
146.2,0,0,0
146.3,0.3,0,0
146.4,0.3,0,0
146.5,0.3,0,0
146.6,0.3,0,0
146.7,0.3,0,0
146.8,0.3,0,0
146.9,0.3,0,0
147,0,0,0
147.1,0.3,0,0
147.3,0.3,0,0
147.4,0.3,0,0
147.5,0.3,0,0
147.6,0.3,0,0
147.7,0.3,0,0
147.8,0.3,0,0
147.9,0.3,0,0
148,0.3,0,0
148.1,0.3,0,0
148.2,0.3,0,0
148.3,0.3,0,0
148.4,0.3,0,0
148.5,0.3,0,0
148.6,0.3,0,0
148.7,0.3,0,0
148.8,0.3,0,0
149,0.3,0,0
149.1,0,0,0
149.2,0.3,0,0
149.3,0,0,0
149.4,0.3,0,0
149.5,0,0,0
149.6,0,0,0
149.7,0.3,0,0
149.8,0,0,0
149.9,0.3,0,0
150,0.3,0,0
150.1,0.3,0,0
150.2,0.3,0,0
150.3,0,0,0
150.4,0,0,0
150.5,0.3,0,0
150.7,0.3,0,0
150.8,0,0,0
150.9,0.3,0,0
151,0.3,0,0
151.1,0.3,0,0
151.2,0.3,0,0
151.3,0,0,0
151.4,0.3,0,0
151.5,0,0,0
151.6,0,0,0
151.7,0.3,0,0
151.8,0.3,0,0
151.9,0.3,0,0
152,0.3,0,0
152.1,0.3,0,0
152.2,0,0,0
152.4,0.3,0,0
152.5,0.3,0,0
152.6,0.3,0,0
152.7,0.3,0,0
152.8,0.3,0,0
152.9,0.3,0,0
153,0.3,0,0
153.1,0.3,0,0
153.2,0,0,0
153.3,0.3,0,0
153.4,0.3,0,0
153.5,0.3,0,0
153.6,0,0,0
153.7,0.3,0,0
153.8,0,0,0
153.9,0,0,0
154.1,0.3,0,0
154.2,0.3,0,0
154.3,0.3,0,0
154.4,0,0,0
154.5,0.3,0,0
154.6,0.3,0,0
154.7,0,0,0
154.8,0,0,0
154.9,0.3,0,0
155,0.3,0,0
155.1,0,0,0
155.2,0,0,0
155.3,0.3,0,0
155.4,0.3,0,0
155.5,0,0,0
155.6,0.3,0,0
155.8,0,0,0
155.9,0,0,0
156,0.3,0,0
156.1,0.3,0,0
156.2,0.3,0,0
156.3,0.3,0,0
156.4,0.3,0,0
156.5,0.3,0,0
156.6,0.3,0,0
156.7,0.3,0,0
156.8,0.3,0,0
156.9,0.3,0,0
157,0.3,0,0
157.1,0.3,0,0
157.2,0.3,0,0
157.3,0.3,0,0
157.5,0.3,0,0
157.6,0.3,0,0
157.7,0.3,0,0
157.8,0.3,0,0
157.9,0.3,0,0
158,0.3,0,0
158.1,0.3,0,0
158.2,0.3,0,0
158.3,0,0,0
158.4,0.3,0,0
158.5,0.3,0,0
158.6,0.3,0,0
158.7,0.3,0,0
158.8,0.3,0,0
158.9,0.3,0,0
159,0.3,0,0
159.2,0.3,0,0
159.3,0,0,0
159.4,0,0,0
159.5,0,0,0
159.6,0.3,0,0
159.7,0.3,0,0
159.8,0.3,0,0
159.9,0.3,0,0
160,0,0,0
160.1,0.3,0,0
160.2,0,0,0
160.3,0.3,0,0
160.4,0.3,0,0
160.5,0.3,0,0
160.6,0.3,0,0
160.7,0.3,0,0
160.8,0.3,0,0
161,0.3,0,0
161.1,0.3,0,0
161.2,0,0,0
161.3,0.3,0,0
161.4,0,0,0
161.5,0.3,0,0
161.6,0.3,0,0
161.7,0.3,0,0
161.8,0,0,0
161.9,0.3,0,0
162,0,0,0
162.1,0.3,0,0
162.2,0.3,0,0
162.3,0,0,0
162.4,0.3,0,0
162.5,0.3,0,0
162.7,0.3,0,0
162.8,0.3,0,0
162.9,0.3,0,0
163,0.3,0,0
163.1,0,0,0
163.2,0.3,0,0
163.3,0.3,0,0
163.4,0.3,0,0
163.5,0.3,0,0
163.6,0.3,0,0
163.7,0.3,0,0
163.8,0.3,0,0
163.9,0.3,0,0
164,0.3,0,0
164.1,0.3,0,0
164.2,0.3,0,0
164.4,0.3,0,0
164.5,0,0,0
164.6,0.3,0,0
164.7,0,0,0
164.8,0.3,0,0
164.9,0,0,0
165,0.3,0,0
165.1,0.3,0,0
165.2,0,0,0
165.3,0,0,0
165.4,0.3,0,0
165.5,0,0,0
165.6,0.3,0,0
165.7,0,0,0
165.8,0.3,0,0
165.9,0.3,0,0
166.1,0,0,0
166.2,0.3,0,0
166.3,0.3,0,0
166.4,0.3,0,0
166.5,0.3,0,0
166.6,0.3,0,0
166.7,0.3,0,0
166.8,0.3,0,0
166.9,0.3,0,0
167,0.3,0,0
167.1,0,0,0
167.2,0,0,0
167.3,0,0,0
167.4,0,0,0
167.5,0,0,0
167.7,0,0,0
167.8,0.3,0,0
167.9,0,0,0
168,0.3,0,0
168.1,0.3,0,0
168.2,0.3,0,0
168.3,0.3,0,0
168.4,0.3,0,0
168.5,0.3,0,0
168.6,0.3,0,0
168.7,0.3,0,0
168.8,0.3,0,0
168.9,0.3,0,0
169,0.3,0,0
169.1,0.3,0,0
169.2,0.3,0,0
169.4,0.3,0,0
169.5,0.3,0,0
169.6,0.3,0,0
169.7,0.3,0,0
169.8,0.3,0,0
169.9,0.3,0,0
170,0.3,0,0
170.1,0.3,0,0
170.2,0.3,0,0
170.3,0.3,0,0
170.4,0.3,0,0
170.5,0,0,0
170.6,0.3,0,0
170.7,0.3,0,0
170.8,0.3,0,0
170.9,0.3,0,0
171.1,0.3,0,0
171.2,0.3,0,0
171.3,0.3,0,0
171.4,0.3,0,0
171.5,0.3,0,0
171.6,0.3,0,0
171.7,0.3,0,0
171.8,0.3,0,0
171.9,0.3,0,0
172,0.3,0,0
172.1,0,0,0
172.2,0.3,0,0
172.3,0.3,0,0
172.4,0.3,0,0
172.5,0.3,0,0
172.6,0.3,0,0
172.8,0.3,0,0
172.9,0.3,0,0
173,0,0,0
173.1,0.3,0,0
173.2,0,0,0
173.3,0.3,0,0
173.4,0.3,0,0
173.5,0.3,0,0
173.6,0.3,0,0
173.7,0,0,0
173.8,0.3,0,0
173.9,0,0,0
174,0.3,0,0
174.1,0.3,0,0
174.2,0,0,0
174.3,0.3,0,0
174.5,0.3,0,0
174.6,0.3,0,0
174.7,0.3,0,0
174.8,0.3,0,0
174.9,0.3,0,0
175,0.3,0,0
175.1,0,0,0
175.2,0.3,0,0
175.3,0,0,0
175.4,0,0,0
175.5,0.3,0,0
175.6,0.3,0,0
175.7,0,0,0
175.8,0,0,0
175.9,0.3,0,0
176,0.3,0,0
176.2,0.3,0,0
176.3,0,0,0
176.4,0.3,0,0
176.5,0,0,0
176.6,0,0,0
176.7,0.3,0,0
176.8,0.3,0,0
176.9,0.3,0,0
177,0,0,0
177.1,0,0,0
177.2,0,0,0
177.3,0.3,0,0
177.4,0.3,0,0
177.5,0.3,0,0
177.6,0,0,0
177.7,0.3,0,0
177.9,0,0,0
178,0,0,0
178.1,0.3,0,0
178.2,0,0,0
178.3,0.3,0,0
178.4,0,0,0
178.5,0.3,0,0
178.6,0.3,0,0
178.7,0,0,0
178.8,0.3,0,0
178.9,0,0,0
179,0.3,0,0
179.1,0,0,0
179.2,0,0,0
179.3,0,0,0
179.4,0,0,0
179.6,0,0,0
179.7,0.3,0,0
179.8,0.3,0,0
179.9,0.3,0,0
180,0.3,0,0
180.1,0.3,0,0
180.2,0,0,0
180.3,0.3,0,0
180.4,0.3,0,0
180.5,0,0,0
180.6,0.3,0,0
180.7,0,0,0
180.8,0.3,0,0
180.9,0.3,0,0
181,0.3,0,0
181.1,0,0,0
181.2,0,0,0
181.4,0,0,0
181.5,0,0,0
181.6,0.3,0,0
181.7,0.3,0,0
181.8,0.3,0,0
181.9,0.3,0,0
182,1.4,0,0
182.1,4.8,0,0
182.2,11.3,1,0
182.3,14.1,0,0
182.4,5.4,0,0
182.5,10.2,0,0
182.6,28.5,1,0
182.7,20.3,0,0
182.9,18.6,0,0
183,18.9,1,0
183.1,18.9,0,0
183.2,17.8,0,0
183.3,17.5,1,0
183.4,17.8,0,0
183.5,17.5,0,0
183.6,17.2,1,0
183.7,17.2,0,0
183.8,17.8,0,0
183.9,17.2,1,0
184.1,17.5,0,0
184.2,17.5,0,0
184.3,19.2,1,0
184.4,27.7,0,0
184.5,20.1,0,0
184.6,18.6,1,0
184.7,18.6,0,0
184.8,18.6,0,0
184.9,18.9,1,0
185,19.2,0,0
185.1,18.9,0,0
185.2,18.9,1,0
185.4,17.8,0,0
185.5,17.8,0,0
185.6,17.8,1,0
185.7,17.8,0,0
185.8,19.5,0,0
185.9,20.3,1,0
186,22.6,0,0
186.1,20.6,0,0
186.2,20.3,1,0
186.3,19.2,0,0
186.4,18.6,0,0
186.6,18.6,1,0
186.7,18.9,0,0
186.8,18.6,0,0
186.9,17.8,1,0
187,17.2,0,0
187.1,17.8,0,0
187.2,17.8,1,0
187.3,17.8,0,0
187.4,17.8,0,0
187.5,17.8,1,0
187.6,17.5,0,0
187.8,18.4,0,0
187.9,17.2,1,0
188,17.5,0,0
188.1,17.5,0,0
188.2,18.4,1,0
188.3,19.5,0,0
188.4,19.2,0,0
188.5,19.2,1,0
188.6,19.8,0,0
188.7,19.5,0,0
188.8,19.5,1,0
188.9,19.5,0,0
189.1,20.1,0,0
189.2,20.3,1,0
189.3,20.6,0,0
189.4,21.2,0,0
189.5,21.7,1,0
189.6,22.3,0,0
189.7,21.7,0,0
189.8,21.7,1,0
189.9,22,0,0
190,22.3,0,0
190.1,22.9,1,0
190.3,24.6,0,0
190.4,24.6,0,0
190.5,24.6,1,0
190.6,25.2,0,0
190.7,25.2,0,0
190.8,25.2,1,0
190.9,26,0,0
191,25.2,0,0
191.1,25.2,1,0
191.2,24.9,0,0
191.3,25.2,0,0
191.4,25.2,1,0
191.6,25.7,0,0
191.7,25.7,0,0
191.8,26.8,1,0
191.9,27.4,0,0
192,28,0,0
192.1,28.5,1,0
192.2,28.3,0,0
192.3,30.5,0,0
192.4,30.5,1,0
192.5,30.8,0,0
192.6,30.2,0,0
192.8,30.2,1,0
192.9,29.7,0,0
193,30.2,0,0
193.1,31.4,1,0
193.2,30.8,0,0
193.3,31.4,0,0
193.4,32.2,1,0
193.5,29.7,0,0
193.6,30.2,0,0
193.7,29.4,1,0
193.8,30.2,0,0
194,30.2,0,0
194.1,29.7,1,0
194.2,29.4,0,0
194.3,30,0,0
194.4,31.6,1,0
194.5,30.5,0,0
194.6,30.2,0,0
194.7,31.4,1,0
194.8,31.9,0,0
194.9,32.2,0,0
195,34.2,1,0
195.2,34.2,0,0
195.3,34.8,0,0
195.4,34.8,1,0
195.5,35.9,0,0
195.6,34.2,0,0
195.7,33.3,1,0
195.8,32.2,0,0
195.9,32.2,0,0
196,34.5,1,0
196.1,34.8,0,0
196.2,34.8,0,0
196.4,34.8,1,0
196.5,33.1,0,0
196.6,33.9,0,0
196.7,35.3,1,0
196.8,33.1,0,0
196.9,33.3,0,0
197,31.9,1,0
197.1,31.4,0,0
197.2,32.2,0,0
197.3,33.3,1,0
197.4,33.6,0,0
197.6,33.9,0,0
197.7,33.9,1,0
197.8,31.6,0,0
197.9,31.6,0,0
198,32.8,1,0
198.1,32.8,0,0
198.2,33.6,0,0
198.3,32.8,1,0
198.4,33.6,0,0
198.5,33.6,0,0
198.6,34.2,1,0
198.7,33.1,0,0
198.9,33.6,0,0
199,35,1,0
199.1,33.3,0,0
199.2,32.2,0,0
199.3,31.4,1,0
199.4,31.1,0,0
199.5,30.5,0,0
199.6,33.3,1,0
199.7,35.3,0,0
199.8,35,0,0
199.9,35.6,1,0
200.1,35.6,0,0
200.2,35.6,0,0
200.3,35.3,1,0
200.4,33.6,0,0
200.5,34.2,0,0
200.6,35.3,1,0
200.7,33.6,0,0
200.8,32.2,0,0
200.9,31.4,1,0
201,30.8,0,0
201.1,33.6,0,0
201.2,33.6,1,0
201.4,33.6,0,0
201.5,34.2,0,0
201.6,33.6,1,0
201.7,31.9,0,0
201.8,32.5,0,0
201.9,32.2,1,0
202,32.2,0,0
202.1,31.6,0,0
202.2,30.5,1,0
202.3,31.4,0,0
202.4,33.1,0,0
202.5,33.1,1,0
202.7,33.9,0,0
202.8,34.2,0,0
202.9,33.9,1,0
203,31.4,0,0
203.1,31.9,0,0
203.2,31.9,1,0
203.3,31.4,0,0
203.4,32.2,0,0
203.5,32.2,1,0
203.6,31.1,0,0
203.7,29.7,0,0
203.9,29.7,1,0
204,31.9,0,0
204.1,32.2,0,0
204.2,32.5,1,0
204.3,33.6,0,0
204.4,33.6,0,0
204.5,33.6,1,0
204.6,33.1,0,0
204.7,33.1,0,0
204.8,34.2,1,0
205,33.6,0,0
205.1,35,0,0
205.2,36.2,1,0
205.3,35.9,0,0
205.4,34.8,0,0
205.5,35.6,1,0
205.6,35.3,0,0
205.7,36.4,0,0
205.8,34.2,1,0
205.9,33.1,0,0
206,32.5,0,0
206.1,31.4,1,0
206.3,31.9,0,0
206.4,31.9,0,0
206.5,31.4,1,0
206.6,31.4,0,0
206.7,32.2,0,0
206.8,32.5,1,0
206.9,34.8,0,0
207,35.3,0,0
207.1,36.4,1,0
207.2,36.4,0,0
207.3,36.4,0,0
207.4,35.9,1,0
207.6,34.2,0,0
207.7,34.2,0,0
207.8,36.2,1,0
207.9,34.5,0,0
208,32.2,0,0
208.1,32.8,1,0
208.2,32.2,0,0
208.3,33.1,0,0
208.4,34.8,1,0
208.5,34.8,0,0
208.6,35.9,0,0
208.8,37,1,0
208.9,34.2,0,0
209,33.6,0,0
209.1,31.9,1,0
209.2,31.4,0,0
209.3,31.9,0,0
209.4,32.5,1,0
209.5,34.2,0,0
209.6,34.5,0,0
209.7,35,1,0
209.8,36.2,0,0
210,35.3,0,0
210.1,34.5,1,0
210.2,32.5,0,0
210.3,33.9,0,0
210.4,35,1,0
210.5,33.6,0,0
210.6,34.5,0,0
210.7,34.8,1,0
210.8,35.3,0,0
210.9,35.6,0,0
211,36.4,1,0
211.2,35.9,0,0
211.3,35.6,0,0
211.4,34.8,1,0
211.5,32.5,0,0
211.6,31.4,0,0
211.7,31.4,1,0
211.8,33.9,0,0
211.9,33.9,0,0
212,34.8,1,0
212.1,35,0,0
212.2,35,0,0
212.3,39.6,1,0
212.5,39.3,0,0
212.6,36.4,0,0
212.7,37,1,0
212.8,37,0,0
212.9,37,0,0
213,37.6,1,0
213.1,37.6,0,0
213.2,37.6,0,0
213.3,37.9,1,0
213.4,38.4,0,0
213.5,39.3,0,0
213.6,39.6,1,0
213.8,40.4,0,0
213.9,40.4,0,0
214,38.4,1,0
214.1,38.4,0,0
214.2,40.7,0,0
214.3,38.7,1,0
214.4,39.3,0,0
214.5,38.7,0,0
214.6,40.4,1,0
214.7,40.7,0,0
214.8,39.6,0,0
215,39.3,1,0
215.1,41.2,0,0
215.2,40.7,0,0
215.3,37.9,1,0
215.4,36.7,0,0
215.5,38.1,0,0
215.6,39.3,1,0
215.7,39.3,0,0
215.8,37.6,0,0
215.9,37.6,1,0
216,37,0,0
216.2,37,0,0
216.3,36.4,1,0
216.4,35.9,0,0
216.5,34.8,0,0
216.6,35.9,1,0
216.7,36.4,0,0
216.8,35.9,0,0
216.9,37.6,1,0
217,37.6,0,0
217.1,38.1,0,0
217.2,38.1,1,0
217.4,36.7,0,0
217.5,38.1,0,0
217.6,38.1,1,0
217.7,38.1,0,0
217.8,37,0,0
217.9,36.2,1,0
218,37.6,0,0
218.1,37.6,0,0
218.2,36.2,1,0
218.3,38.1,0,0
218.4,38.7,0,0
218.6,38.7,1,0
218.7,39.3,0,0
218.8,39.3,0,0
218.9,37.6,1,0
219,35.3,0,0
219.1,35.6,0,0
219.2,37,1,0
219.3,35.9,0,0
219.4,36.4,0,0
219.5,36.4,1,0
219.6,37,0,0
219.8,38.7,0,0
219.9,38.7,1,0
220,39,0,0
220.1,37.6,0,0
220.2,38.7,1,0
220.3,39,0,0
220.4,35.3,0,0
220.5,33.6,1,0
220.6,34.5,0,0
220.7,35.9,0,0
220.8,35.3,1,0
221,34.5,0,0
221.1,34.8,0,0
221.2,37,1,0
221.3,38.7,0,0
221.4,36.7,0,0
221.5,34.8,1,0
221.6,37.3,0,0
221.7,38.1,0,0
221.8,39,1,0
221.9,39.6,0,0
222,39.8,0,0
222.1,39.8,1,0
222.3,39,0,0
222.4,39.6,0,0
222.5,37.9,1,0
222.6,36.7,0,0
222.7,34.5,0,0
222.8,34.5,1,0
222.9,35.9,0,0
223,35,0,0
223.1,34.8,1,0
223.2,34.8,0,0
223.3,35.3,0,0
223.5,35.3,1,0
223.6,37.6,0,0
223.7,38.1,0,0
223.8,39.8,1,0
223.9,35.9,0,0
224,36.2,0,0
224.1,37,1,0
224.2,37,0,0
224.3,37.6,0,0
224.4,37.9,1,0
224.6,37.9,0,0
224.7,37.3,0,0
224.8,38.1,1,0
224.9,35.9,0,0
225,35.9,0,0
225.1,36.4,1,0
225.2,35.3,0,0
225.3,34.5,0,0
225.4,31.9,1,0
225.5,32.5,0,0
225.6,34.2,0,0
225.7,35.9,1,0
225.9,37,0,0
226,37,0,0
226.1,36.2,1,0
226.2,35,0,0
226.3,35.3,0,0
226.4,37.6,1,0
226.5,35.3,0,0
226.6,36.2,0,0
226.7,36.7,1,0
226.8,35.9,0,0
226.9,38.1,0,0
227,37.6,1,0
227.2,35.9,0,0
227.3,37.6,0,0
227.4,37.9,1,0
227.5,36.2,0,0
227.6,35.6,0,0
227.7,37.6,1,0
227.8,37.9,0,0
227.9,38.1,0,0
228,38.4,1,0
228.1,38.1,0,0
228.3,37.9,0,0
228.4,38.1,1,0
228.5,37.3,0,0
228.6,36.2,0,0
228.7,35.6,1,0
228.8,37.9,0,0
228.9,37.9,0,0
229,38.1,1,0
229.1,38.1,0,0
229.2,38.4,0,0
229.3,38.1,1,0
229.5,38.4,0,0
229.6,40.4,0,0
229.7,40.7,1,0
229.8,38.7,0,0
229.9,40.4,0,0
230,39.8,1,0
230.1,39.8,0,0
230.2,38.4,0,0
230.3,39,1,0
230.4,40.1,0,0
230.5,38.4,0,0
230.6,39.8,1,0
230.8,41.2,0,0
230.9,41,0,0
231,40.4,1,0
231.1,40.4,0,0
231.2,41.5,0,0
231.3,41,1,0
231.4,41,0,0
231.5,39.6,0,0
231.6,41.5,1,0
231.7,39,0,0
231.8,37.6,0,0
231.9,38.1,1,0
232.1,40.4,0,0
232.2,39.8,0,0
232.3,38.7,1,0
232.4,36.7,0,0
232.5,38.1,0,0
232.6,36.4,1,0
232.7,37.9,0,0
232.8,38.7,0,0
232.9,37.6,1,0
233,37.6,0,0
233.1,38.1,0,0
233.3,39.6,1,0
233.4,40.4,0,0
233.5,39.6,0,0
233.6,38.1,1,0
233.7,38.4,0,0
233.8,38.7,0,0
233.9,38.1,1,0
234,38.1,0,0
234.1,38.1,0,0
234.2,37.9,1,0
234.3,37.9,0,0
234.5,38.1,0,0
234.6,37.9,1,0
234.7,38.4,0,0
234.8,40.1,0,0
234.9,40.4,1,0
235,39.3,0,0
235.1,38.7,0,0
235.2,39.8,1,0
235.3,38.4,0,0
235.4,36.2,0,0
235.5,36.4,1,0
235.7,39,0,0
235.8,39.3,0,0
235.9,39.3,1,0
236,38.7,0,0
236.1,38.7,0,0
236.2,38.7,1,0
236.3,37,0,0
236.4,39.8,0,0
236.5,39.6,1,0
236.6,39.6,0,0
236.7,38.7,0,0
236.8,36.2,1,0
237,36.7,0,0
237.1,37,0,0
237.2,39.3,1,0
237.3,39.6,0,0
237.4,40.4,0,0
237.5,40.4,1,0
237.6,40.4,0,0
237.7,40.4,0,0
237.8,42.1,1,0
237.9,42.1,0,0
238,40.7,0,0
238.2,38.4,1,0
238.3,39.8,0,0
238.4,39.3,0,0
238.5,41.5,1,0
238.6,41,0,0
238.7,39.6,0,0
238.8,39.6,1,0
238.9,38.7,0,0
239,38.1,0,0
239.1,39,1,0
239.2,40.4,0,0
239.4,37.3,0,0
239.5,38.4,1,0
239.6,40.1,0,0
239.7,40.1,0,0
239.8,39.3,1,0
239.9,39.3,0,0
240,38.7,0,0
240.1,39.6,1,0
240.2,37.9,0,0
240.3,37,0,0
240.4,37,1,0
240.6,36.7,0,0
240.7,37.3,0,0
240.8,38.1,1,0
240.9,38.1,0,0
241,38.4,0,0
241.1,38.7,1,0
241.2,37.9,0,0
241.3,36.7,0,0
241.4,37.9,1,0
241.5,39.3,0,0
241.6,35.9,0,0
241.7,34.5,1,0
241.9,34.8,0,0
242,35.9,0,0
242.1,38.1,1,0
242.2,38.7,0,0
242.3,38.7,0,0
242.4,39.3,1,0
242.5,39.3,0,0
242.6,38.4,0,0
242.7,38.4,1,0
242.8,38.1,0,0
242.9,38.7,0,0
243.1,38.7,1,0
243.2,39.3,0,0
243.3,39.6,0,0
243.4,39.8,1,0
243.5,36.2,0,0
243.6,35.3,0,0
243.7,36.2,1,0
243.8,37.6,0,0
243.9,37.9,0,0
244,38.1,1,0
244.1,36.2,0,0
244.3,35.3,0,0
244.4,36.2,1,0
244.5,34.2,0,0
244.6,33.6,0,0
244.7,34.8,1,0
244.8,35.9,0,0
244.9,35.9,0,0
245,36.2,1,0
245.1,36.2,0,0
245.2,36.2,0,0
245.3,36.4,1,0
245.4,36.4,0,0
245.6,37,0,0
245.7,34.5,1,0
245.8,33.9,0,0
245.9,35.3,0,0
246,36.4,1,0
246.1,39.3,0,0
246.2,37,0,0
246.3,37.6,1,0
246.4,37.6,0,0
246.5,39,0,0
246.6,38.1,1,0
246.8,39,0,0
246.9,37.6,0,0
247,39.6,1,0
247.1,39.3,0,0
247.2,39.8,0,0
247.3,40.4,1,0
247.4,38.1,0,0
247.5,39,0,0
247.6,39.8,1,0
247.7,39.6,0,0
247.8,37.6,0,0
247.9,38.7,1,0
248.1,38.7,0,0
248.2,38.7,0,0
248.3,37.6,1,0
248.4,36.7,0,0
248.5,37.3,0,0
248.6,37,1,0
248.7,38.7,0,0
248.8,37.6,0,0
248.9,38.4,1,0
249,39.3,0,0
249.1,39.8,0,0
249.3,40.1,1,0
249.4,40.1,0,0
249.5,40.4,0,0
249.6,41,1,0
249.7,39.3,0,0
249.8,39,0,0
249.9,35.9,1,0
250,39.3,0,0
250.1,39.8,0,0
250.2,39.8,1,0
250.3,40.4,0,0
250.5,41,0,0
250.6,40.4,1,0
250.7,37,0,0
250.8,36.2,0,0
250.9,38.1,1,0
251,39.3,0,0
251.1,39.3,0,0
251.2,37,1,0
251.3,37.3,0,0
251.4,37,0,0
251.5,37.6,1,0
251.7,37.6,0,0
251.8,36.2,0,0
251.9,38.4,1,0
252,37.6,0,0
252.1,42.1,0,0
252.2,42.7,1,0
252.3,43.2,0,0
252.4,42.7,0,0
252.5,42.7,1,0
252.6,42.7,0,0
252.7,42.7,0,0
252.8,42.7,1,0
253,42.7,0,0
253.1,42.7,0,0
253.2,42.9,1,0
253.3,42.7,0,0
253.4,42.7,0,0
253.5,42.7,1,0
253.6,42.7,0,0
253.7,42.7,0,0
253.8,42.7,1,0
253.9,42.7,0,0
254,42.7,0,0
254.2,42.7,1,0
254.3,42.7,0,0
254.4,42.7,0,0
254.5,42.7,1,0
254.6,42.7,0,0
254.7,42.7,0,0
254.8,42.7,1,0
254.9,42.7,0,0
255,42.9,0,0
255.1,42.7,1,0
255.3,42.7,0,0
255.4,42.9,0,0
255.5,42.7,1,0
255.6,42.7,0,0
255.7,42.7,0,0
255.8,42.7,1,0
255.9,42.7,0,0
256,42.7,0,0
256.1,42.7,1,0
256.2,42.7,0,0
256.3,43.2,0,0
256.4,42.9,1,0
256.6,43.2,0,0
256.7,42.7,0,0
256.8,42.7,1,0
256.9,42.7,0,0
257,42.7,0,0
257.1,42.7,1,0
257.2,42.7,0,0
257.3,42.7,0,0
257.4,43.2,1,0
257.5,42.9,0,0
257.6,43.2,0,0
257.8,42.7,1,0
257.9,42.9,0,0
258,42.7,0,0
258.1,42.7,1,0
258.2,42.7,0,0
258.3,42.7,0,0
258.4,42.7,1,0
258.5,42.7,0,0
258.6,42.7,0,0
258.7,43.2,1,0
258.8,43.2,0,0
259,43.2,0,0
259.1,43.2,1,0
259.2,42.7,0,0
259.3,42.7,0,0
259.4,42.7,1,0
259.5,42.7,0,0
259.6,42.9,0,0
259.7,43.2,1,0
259.8,43.2,0,0
259.9,43.2,0,0
260,42.7,1,0
260.2,42.7,0,0
260.3,42.7,0,0
260.4,42.7,1,0
260.5,42.7,0,0
260.6,43.2,0,0
260.7,43.2,1,0
260.8,43.2,0,0
260.9,42.7,0,0
261,42.7,1,0
261.1,42.7,0,0
261.2,42.7,0,0
261.3,42.7,1,0
261.5,42.7,0,0
261.6,42.7,0,0
261.7,43.2,1,0
261.8,43.2,0,0
261.9,42.7,0,0
262,42.7,1,0
262.1,42.7,0,0
262.2,42.7,0,0
262.3,42.7,1,0
262.4,42.7,0,0
262.5,42.7,0,0
262.7,42.7,1,0
262.8,42.7,0,0
262.9,42.7,0,0
263,43.2,1,0
263.1,43.2,0,0
263.2,42.7,0,0
263.3,42.7,1,0
263.4,42.7,0,0
263.5,42.7,0,0
263.6,42.7,1,0
263.7,42.7,0,0
263.9,42.7,0,0
264,42.7,1,0
264.1,42.7,0,0
264.2,42.7,0,0
264.3,42.7,1,0
264.4,42.7,0,0
264.5,42.7,0,0
264.6,42.7,1,0
264.7,42.9,0,0
264.8,42.7,0,0
264.9,42.9,1,0
265.1,43.2,0,0
265.2,43.2,0,0
265.3,42.7,1,0
265.4,42.7,0,0
265.5,42.7,0,0
265.6,42.7,1,0
265.7,42.7,0,0
265.8,42.7,0,0
265.9,42.7,1,0
266,42.7,0,0
266.1,43.2,0,0
266.2,42.7,1,0
266.4,42.7,0,0
266.5,42.7,0,0
266.6,42.7,1,0
266.7,42.7,0,0
266.8,42.7,0,0
266.9,42.7,1,0
267,42.7,0,0
267.1,42.7,0,0
267.2,42.7,1,0
267.3,43.2,0,0
267.4,42.7,0,0
267.6,42.7,1,0
267.7,42.7,0,0
267.8,42.7,0,0
267.9,42.7,1,0
268,42.7,0,0
268.1,42.7,0,0
268.2,42.7,1,0
268.3,42.7,0,0
268.4,42.7,0,0
268.5,42.7,1,0
268.6,42.7,0,0
268.8,42.7,0,0
268.9,42.7,1,0
269,42.7,0,0
269.1,42.7,0,0
269.2,42.7,1,0
269.3,42.7,0,0
269.4,42.7,0,0
269.5,42.7,1,0
269.6,42.7,0,0
269.7,42.7,0,0
269.8,42.9,1,0
269.9,42.7,0,0
270.1,42.7,0,0
270.2,42.7,1,0
270.3,42.7,0,0
270.4,42.7,0,0
270.5,42.7,1,0
270.6,42.7,0,0
270.7,42.7,0,0
270.8,42.7,1,0
270.9,42.7,0,0
271,42.7,0,0
271.1,42.7,1,0
271.3,42.7,0,0
271.4,42.7,0,0
271.5,42.7,1,0
271.6,42.7,0,0
271.7,42.9,0,0
271.8,42.7,1,0
271.9,42.7,0,0
272,42.7,0,0
272.1,42.7,1,0
272.2,42.7,0,0
272.3,42.7,0,0
272.4,42.7,1,0
272.6,42.7,0,0
272.7,42.7,0,0
272.8,42.7,1,0
272.9,42.7,0,0
273,42.7,0,0
273.1,42.7,1,0
273.2,42.7,0,0
273.3,42.7,0,0
273.4,42.7,1,0
273.5,42.7,0,0
273.7,42.7,0,0
273.8,42.7,1,0
273.9,42.7,0,0
274,42.7,0,0
274.1,42.7,1,0
274.2,42.7,0,0
274.3,42.7,0,0
274.4,42.9,1,0
274.5,42.7,0,0
274.6,42.7,0,0
274.7,42.9,1,0
274.9,42.7,0,0
275,42.9,0,0
275.1,42.7,1,0
275.2,42.7,0,0
275.3,42.7,0,0
275.4,42.7,1,0
275.5,42.7,0,0
275.6,42.7,0,0
275.7,42.7,1,0
275.8,42.7,0,0
275.9,42.7,0,0
276,42.7,1,0
276.2,42.7,0,0
276.3,42.9,0,0
276.4,42.7,1,0
276.5,42.7,0,0
276.6,42.7,0,0
276.7,42.7,1,0
276.8,42.7,0,0
276.9,42.7,0,0
277,42.7,1,0
277.1,42.7,0,0
277.2,42.9,0,0
277.4,1.1,0,0
277.5,0,0,0
277.6,0,0,0
277.7,0,0,0
277.8,0,0,0
277.9,0,0,0
278,0,0,0
278.1,0,0,0
278.2,0,0,0
278.3,0,0,0
278.4,0,0,0
278.5,0,0,0
278.6,0,0,0
278.7,0,0,0
278.8,0,0,0
278.9,0,0,0
279,0,0,0
279.2,0,0,0
279.3,0,0,0
279.4,0,0,0
279.5,0,0,0
279.6,0,0,0
279.7,0,0,0
279.8,0,0,0
279.9,0,0,0
280,0.3,0,0
280.1,0,0,0
280.2,0,0,0
280.3,0,0,0
280.4,0,0,0
280.5,0,0,0
280.6,0,0,0
280.8,0,0,0
280.9,0,0,0
281,0,0,0
281.1,0,0,0
281.2,0,0,0
281.3,0,0,0
281.4,0,0,0
281.5,0,0,0
281.6,0,0,0
281.7,0,0,0
281.8,0,0,0
281.9,0,0,0
282,0,0,0
282.1,0,0,0
282.2,0,0,0
282.3,0,0,0
282.5,0,0,0
282.6,0,0,0
282.7,0,0,0
282.8,0.3,0,0
282.9,0,0,0
283,0,0,0
283.1,0,0,0
283.2,0,0,0
283.3,0,0,0
283.4,0,0,0
283.5,0,0,0
283.6,0,0,0
283.7,0,0,0
283.8,0,0,0
283.9,0,0,0
284,0,0,0
284.2,0,0,0
284.3,0,0,0
284.4,0,0,0
284.5,0,0,0
284.6,0,0,0
284.7,0,0,0
284.8,0,0,0
284.9,0,0,0
285,0,0,0
285.1,0,0,0
285.2,0,0,0
285.3,0,0,0
285.4,0,0,0
285.5,0.3,0,0
285.6,0,0,0
285.7,0,0,0
285.8,0,0,0
286,0,0,0
286.1,0,0,0
286.2,0,0,0
286.3,0,0,0
286.4,0,0,0
286.5,0,0,0
286.6,0,0,0
286.7,0,0,0
286.8,0,0,0
286.9,0,0,0
287,0,0,0
287.1,0,0,0
287.2,0,0,0
287.3,0,0,0
287.4,0,0,0
287.5,0,0,0
287.7,0,0,0
287.8,0,0,0
287.9,0,0,0
288,0,0,0
288.1,0,0,0
288.2,0,0,0
288.3,0.3,0,0
288.4,0,0,0
288.5,0,0,0
288.6,0,0,0
288.7,0,0,0
288.8,0,0,0
288.9,0,0,0
289,0,0,0
289.1,0,0,0
289.2,0,0,0
289.4,0,0,0
289.5,0,0,0
289.6,0,0,0
289.7,0,0,0
289.8,0,0,0
289.9,0,0,0
290,0,0,0
290.1,0,0,0
290.2,0,0,0
290.3,0,0,0
290.4,0,0,0
290.5,0,0,0
290.6,0,0,0
290.7,0,0,0
290.8,0,0,0
290.9,0,0,0
291,0.3,0,0
291.2,0,0,0
291.3,0,0,0
291.4,0,0,0
291.5,0,0,0
291.6,0,0,0
291.7,0,0,0
291.8,0,0,0
291.9,0,0,0
292,0,0,0
292.1,0,0,0
292.2,0,0,0
292.3,0,0,0
292.4,0,0,0
292.5,0,0,0
292.6,0,0,0
292.8,0,0,0
292.9,0,0,0
293,0,0,0
293.1,0,0,0
293.2,0,0,0
293.3,0,0,0
293.5,0,0,0
293.6,0,0,0
293.7,0,0,0
293.8,0.3,0,0
293.9,0,0,0
294,0,0,0
294.2,0,0,0
294.3,0,0,0
294.4,0,0,0
294.5,0,0,0
294.6,0,0,0
294.7,0,0,0
294.9,0,0,0
295,0,0,0
295.1,0,0,0
295.2,0,0,0
295.3,0,0,0
295.4,0,0,0
295.6,0,0,0
295.7,0,0,0
295.8,0,0,0
295.9,0,0,0
296,0,0,0
296.1,0,0,0
296.3,0,0,0
296.4,0,0,0
296.5,0,0,0
296.6,0.3,0,0
296.7,0,0,0
296.8,0,0,0
297,0,0,0
297.1,0,0,0
297.2,0,0,0
297.3,0,0,0
297.4,0,0,0
297.5,0,0,0
297.7,0,0,0
297.8,0,0,0
297.9,0,0,0
298,0,0,0
298.1,0,0,0
298.2,0,0,0
298.3,0,0,0
298.4,0,0,0
298.5,0,0,0
298.6,0,0,0
298.7,0,0,0
298.8,0,0,0
298.9,0,0,0
299,0,0,0
299.2,0,0,0
299.3,0,0,0
299.4,0.3,0,0
299.5,0,0,0
299.6,0,0,0
299.7,0,0,0
299.8,0,0,0
299.9,0,0,0
300,0,0,0
300.1,0,0,0
300.2,0,0,0
300.3,0,0,0
300.4,0,0,0
300.5,0,0,0
300.6,0,0,0
300.8,0,0,0
300.9,0,0,0
301,0,0,0
301.1,0,0,0
301.2,0,0,0
301.3,0,0,0
301.4,0,0,0
301.5,0,0,0
301.6,0,0,0
301.7,0,0,0
301.8,0,0,0
301.9,0,0,0
302,0,0,0
302.1,0.3,0,0
302.2,0,0,0
302.3,0,0,0
302.5,0,0,0
302.6,0,0,0
302.7,0,0,0
302.8,0,0,0
302.9,0,0,0
303,0,0,0
303.1,0,0,0
303.2,0,0,0
303.3,0,0,0
303.4,0,0,0
303.5,0,0,0
303.6,0,0,0
303.7,0,0,0
303.8,0,0,0
303.9,0,0,0
304,0,0,0
304.2,0,0,0
304.3,0,0,0
304.4,0,0,0
304.5,0,0,0
304.6,0,0,0
304.7,0,0,0
304.8,0,0,0
304.9,0.3,0,0
305,0,0,0
305.1,0,0,0
305.2,0,0,0
305.3,0,0,0
305.4,0,0,0
305.5,0,0,0
305.6,0,0,0
305.7,0,0,0
305.9,0,0,0
306,0,0,0
306.1,0,0,0
306.2,0,0,0
306.3,0,0,0
306.4,0,0,0
306.5,0,0,0
306.6,0,0,0
306.7,0,0,0
306.8,0,0,0
306.9,0,0,0
307,0,0,0
307.1,0,0,0
307.2,0,0,0
307.3,0,0,0
307.5,0,0,0
307.6,0,0,0
307.7,0.3,0,0
307.8,0,0,0
307.9,0,0,0
308,0,0,0
308.1,0,0,0
308.2,0,0,0
308.3,0,0,0
308.4,0,0,0
308.5,0,0,0
308.6,0,0,0
308.7,0,0,0
308.8,0,0,0
308.9,0,0,0
309,0,0,0
309.2,0,0,0
309.3,0,0,0
309.4,0,0,0
309.5,0,0,0
309.6,0,0,0
309.7,0,0,0
309.8,0,0,0
309.9,0,0,0
310,0,0,0
310.1,0,0,0
310.2,0,0,0
310.3,0,0,0
310.4,0.3,0,0
310.5,0,0,0
310.6,0,0,0
310.8,0,0,0
310.9,0,0,0
311,0,0,0
311.1,0,0,0
311.2,0,0,0
311.3,0,0,0
311.4,0,0,0
311.5,0,0,0
311.6,0,0,0
311.7,0,0,0
311.8,0,0,0
311.9,0,0,0
312,0,0,0
312.1,0,0,0
312.2,0,0,0
312.3,0,0,0
312.5,0,0,0
312.6,0,0,0
312.7,0,0,0
312.8,0,0,0
312.9,0,0,0
313,0,0,0
313.1,0,0,0
313.2,0.3,0,0
313.3,0,0,0
313.4,0,0,0
313.5,0,0,0
313.6,0,0,0
313.7,0,0,0
313.8,0,0,0
313.9,0,0,0
314,0,0,0
314.2,0,0,0
314.3,0,0,0
314.4,0,0,0
314.5,0,0,0
314.6,0,0,0
314.7,0,0,0
314.8,0,0,0
314.9,0,0,0
315,0,0,0
315.1,0,0,0
315.2,0,0,0
315.3,0,0,0
315.4,0,0,0
315.5,0,0,0
315.6,0,0,0
315.8,0,0,0
315.9,0,0,0
316,0.3,0,0
316.1,0,0,0
316.2,0,0,0
316.3,0,0,0
316.4,0,0,0
316.5,0,0,0
316.6,0,0,0
316.7,0,0,0
316.8,0,0,0
316.9,0,0,0
317,0,0,0
317.1,0,0,0
317.2,0,0,0
317.3,0,0,0
317.5,0,0,0
317.6,0,0,0
317.7,0,0,0
317.8,0,0,0
317.9,0,0,0
318,0,0,0
318.1,0,0,0
318.2,0,0,0
318.3,0,0,0
318.4,0,0,0
318.5,0,0,0
318.6,0,0,0
318.7,0.3,0,0
318.8,0,0,0
318.9,0,0,0
319.1,0,0,0
319.2,0,0,0
319.3,0,0,0
319.4,0,0,0
319.5,0,0,0
319.6,0,0,0
319.7,0,0,0
319.8,0,0,0
319.9,0,0,0
320,0,0,0
320.1,0,0,0
320.2,0,0,0
320.3,0,0,0
320.4,0,0,0
320.5,0,0,0
320.6,0,0,0
320.7,0,0,0
320.9,0,0,0
321,0,0,0
321.1,0,0,0
321.2,0,0,0
321.3,0,0,0
321.4,0,0,0
321.5,0.3,0,0
321.6,0,0,0
321.7,0,0,0
321.8,0,0,0
321.9,0,0,0
322,0,0,0
322.1,0,0,0
322.2,0,0,0
322.3,0,0,0
322.4,0,0,0
322.6,0,0,0
322.7,0,0,0
322.8,0,0,0
322.9,0,0,0
323,0,0,0
323.1,0,0,0
323.2,0,0,0
323.3,0,0,0
323.4,0,0,0
323.5,0,0,0
323.6,0,0,0
323.7,0,0,0
323.8,0,0,0
323.9,0,0,0
324,0,0,0
324.2,0.3,0,0
324.3,15.5,1,0
324.4,25.7,0,0
324.5,17.5,0,0
324.6,17.2,1,0
324.7,17.2,0,0
324.8,17.5,0,0
324.9,17.2,1,0
325,17.5,0,0
325.1,17.2,0,0
325.2,17.5,1,0
325.4,17.5,0,0
325.5,17.5,0,0
325.6,17.5,1,0
325.7,17.8,0,0
325.8,17.8,0,0
325.9,17.5,1,0
326,18.9,0,0
326.1,18.9,0,0
326.2,19.8,1,0
326.3,20.6,0,0
326.4,19.5,0,0
326.5,20.3,1,0
326.7,20.3,0,0
326.8,20.6,0,0
326.9,20.6,1,0
327,21.5,0,0
327.1,22.9,0,0
327.2,23.2,1,0
327.3,24,0,0
327.4,24.6,0,0
327.5,25.2,1,0
327.6,25.7,0,0
327.7,25.7,0,0
327.9,25.7,1,0
328,25.7,0,0
328.1,25.7,0,0
328.2,25.7,1,0
328.3,27.4,0,0
328.4,27.4,0,0
328.5,27.4,1,0
328.6,28,0,0
328.7,27.4,0,0
328.8,28,1,0
328.9,28,0,0
329.1,28,0,0
329.2,28,1,0
329.3,28,0,0
329.4,28,0,0
329.5,28.3,1,0
329.6,28,0,0
329.7,28.3,0,0
329.8,28.5,1,0
329.9,28.5,0,0
330,28.5,0,0
330.1,28.5,1,0
330.3,28.5,0,0
330.4,28.3,0,0
330.5,28.5,1,0
330.6,28.5,0,0
330.7,28.3,0,0
330.8,28.5,1,0
330.9,28,0,0
331,28.3,0,0
331.1,28.5,1,0
331.2,28.5,0,0
331.3,28.5,0,0
331.4,28.5,1,0
331.6,28.5,0,0
331.7,28.5,0,0
331.8,28.5,1,0
331.9,28.5,0,0
332,28.8,0,0
332.1,28.8,1,0
332.2,29.1,0,0
332.3,30.5,0,0
332.4,31.4,1,0
332.5,31.4,0,0
332.6,31.4,0,0
332.7,31.4,1,0
332.9,31.4,0,0
333,31.4,0,0
333.1,31.4,1,0
333.2,31.4,0,0
333.3,31.4,0,0
333.4,31.4,1,0
333.5,31.4,0,0
333.6,31.1,0,0
333.7,31.4,1,0
333.8,31.4,0,0
333.9,31.4,0,0
334.1,31.6,1,0
334.2,31.6,0,0
334.3,31.4,0,0
334.4,31.9,1,0
334.5,31.9,0,0
334.6,31.9,0,0
334.7,31.9,1,0
334.8,31.9,0,0
334.9,32.2,0,0
335,33.1,1,0
335.1,32.5,0,0
335.2,32.5,0,0
335.4,33.1,1,0
335.5,32.5,0,0
335.6,32.2,0,0
335.7,32.5,1,0
335.8,32.5,0,0
335.9,32.5,0,0
336,32.8,1,0
336.1,32.8,0,0
336.2,32.8,0,0
336.3,32.8,1,0
336.4,32.8,0,0
336.6,33.1,0,0
336.7,33.1,1,0
336.8,33.1,0,0
336.9,33.1,0,0
337,33.3,1,0
337.1,33.1,0,0
337.2,33.1,0,0
337.3,33.1,1,0
337.4,33.3,0,0
337.5,33.1,0,0
337.6,33.1,1,0
337.8,33.6,0,0
337.9,33.3,0,0
338,33.6,1,0
338.1,33.6,0,0
338.2,33.6,0,0
338.3,33.3,1,0
338.4,34.2,0,0
338.5,33.6,0,0
338.6,33.9,1,0
338.7,33.6,0,0
338.8,33.6,0,0
338.9,33.9,1,0
339.1,33.6,0,0
339.2,33.6,0,0
339.3,33.6,1,0
339.4,33.9,0,0
339.5,33.9,0,0
339.6,33.6,1,0
339.7,34.2,0,0
339.8,34.2,0,0
339.9,34.2,1,0
340,34.2,0,0
340.1,34.2,0,0
340.3,34.2,1,0
340.4,34.2,0,0
340.5,34.2,0,0
340.6,34.5,1,0
340.7,34.2,0,0
340.8,33.6,0,0
340.9,34.2,1,0
341,34.2,0,0
341.1,34.5,0,0
341.2,34.8,1,0
341.3,34.8,0,0
341.4,34.8,0,0
341.6,37,1,0
341.7,38.1,0,0
341.8,37.9,0,0
341.9,38.4,1,0
342,39.3,0,0
342.1,39.6,0,0
342.2,39.8,1,0
342.3,39.8,0,0
342.4,39.8,0,0
342.5,39.8,1,0
342.6,39.8,0,0
342.8,39.8,0,0
342.9,40.1,1,0
343,39.6,0,0
343.1,39.3,0,0
343.2,39.8,1,0
343.3,39.8,0,0
343.4,39.8,0,0
343.5,39.8,1,0
343.6,40.1,0,0
343.7,39.8,0,0
343.8,39.8,1,0
344,40.1,0,0
344.1,40.1,0,0
344.2,40.4,1,0
344.3,40.4,0,0
344.4,41,0,0
344.5,42.7,1,0
344.6,42.7,0,0
344.7,42.7,0,0
344.8,42.7,1,0
344.9,42.7,0,0
345,42.7,0,0
345.1,42.7,1,0
345.3,42.7,0,0
345.4,42.7,0,0
345.5,42.4,1,0
345.6,37,0,0
345.7,34.5,0,0
345.8,34.2,1,0
345.9,34.2,0,0
346,33.3,0,0
346.1,33.3,1,0
346.2,32.5,0,0
346.3,33.1,0,0
346.5,31.6,1,0
346.6,34.8,0,0
346.7,33.3,0,0
346.8,33.6,1,0
346.9,33.6,0,0
347,34.2,0,0
347.1,34.8,1,0
347.2,34.8,0,0
347.3,34.8,0,0
347.4,35.3,1,0
347.5,35.3,0,0
347.7,35.3,0,0
347.8,35.3,1,0
347.9,42.7,0,0
348,42.7,0,0
348.1,42.7,1,0
348.2,39.3,0,0
348.3,39.3,0,0
348.4,38.7,1,0
348.5,38.1,0,0
348.6,35.9,0,0
348.7,33.6,1,0
348.9,31.9,0,0
349,33.6,0,0
349.1,31.6,1,0
349.2,32.5,0,0
349.3,32.2,0,0
349.4,31.6,1,0
349.5,33.1,0,0
349.6,33.6,0,0
349.7,34.2,1,0
349.8,34.2,0,0
349.9,34.8,0,0
350,34.2,1,0
350.2,35.3,0,0
350.3,34.8,0,0
350.4,34.5,1,0
350.5,36.2,0,0
350.6,35.9,0,0
350.7,35.9,1,0
350.8,35.9,0,0
350.9,35.9,0,0
351,35.9,1,0
351.1,35.9,0,0
351.2,36.2,0,0
351.3,36.2,1,0
351.5,36.4,0,0
351.6,36.2,0,0
351.7,36.2,1,0
351.8,35.9,0,0
351.9,35.3,0,0
352,35.6,1,0
352.1,35.9,0,0
352.2,35.9,0,0
352.3,36.4,1,0
352.4,36.4,0,0
352.6,36.4,0,0
352.7,36.4,1,0
352.8,36.4,0,0
352.9,35.9,0,0
353,33.6,1,0
353.1,33.1,0,0
353.2,32.2,0,0
353.3,28.3,1,0
353.4,26.6,0,0
353.5,27.4,0,0
353.6,27.4,1,0
353.7,28,0,0
353.9,28.5,0,0
354,28.5,1,0
354.1,28.5,0,0
354.2,28.8,0,0
354.3,30.5,1,0
354.4,31.4,0,0
354.5,31.1,0,0
354.6,31.1,1,0
354.7,31.6,0,0
354.8,31.1,0,0
354.9,31.9,1,0
355.1,32.8,0,0
355.2,33.6,0,0
355.3,33.6,1,0
355.4,33.6,0,0
355.5,34.2,0,0
355.6,34.2,1,0
355.7,34.2,0,0
355.8,34.5,0,0
355.9,34.5,1,0
356,34.8,0,0
356.1,34.2,0,0
356.2,34.2,1,0
356.4,34.5,0,0
356.5,34.8,0,0
356.6,34.5,1,0
356.7,34.5,0,0
356.8,34.8,0,0
356.9,34.8,1,0
357,34.8,0,0
357.1,34.8,0,0
357.2,35.6,1,0
357.3,36.2,0,0
357.5,36.4,0,0
357.6,36.4,1,0
357.7,36.7,0,0
357.8,37,0,0
357.9,37.6,1,0
358,37.6,0,0
358.1,37.6,0,0
358.2,36.7,1,0
358.3,37.6,0,0
358.4,37.6,0,0
358.5,39,1,0
358.7,40.7,0,0
358.8,40.7,0,0
358.9,42.7,1,0
359,42.7,0,0
359.1,42.7,0,0
359.2,42.7,1,0
359.3,42.7,0,0
359.4,42.7,0,0
359.5,42.7,1,0
359.6,42.7,0,0
359.7,35.9,0,0
359.8,25.2,1,0
360,4,0,0
360.1,3.1,0,0
360.2,3.1,0,0
360.3,2.8,0,0
360.4,1.4,0,0
360.5,0.9,0,0
360.6,0,0,0
360.7,0,0,0
360.8,0,0,0
360.9,0,0,0
361,0,0,0
361.1,0,0,0
361.2,0,0,0
361.3,0,0,0
361.4,0,0,0
361.5,2,0,0
361.7,11.9,1,0
361.8,7.9,0,0
361.9,1.4,0,0
362,0,0,0
362.1,0,0,0
362.2,0,0,0
362.3,0,0,0
362.4,0,0,0
362.5,0,0,0
362.6,0,0,0
362.7,0,0,0
362.8,0,0,0
362.9,0,0,0
363,0.3,0,0
363.1,0,0,0
363.3,0,0,0
363.4,0,0,0
363.5,0,0,0
363.6,0,0,0
363.7,0,0,0
363.8,0,0,0
363.9,0,0,0
364,0,0,0
364.1,0,0,0
364.2,0,0,0
364.3,0,0,0
364.4,0,0,0
364.5,0,0,0
364.6,0,0,0
364.7,0,0,0
364.8,0,0,0
365,0,0,0
365.1,0,0,0
365.2,0,0,0
365.3,0,0,0
365.4,0,0,0
365.5,0,0,0
365.6,0,0,0
365.7,0,0,0
365.8,0.3,0,0
365.9,0,0,0
366,0,0,0
366.1,0,0,0
366.2,0,0,0
366.3,0,0,0
366.4,0,0,0
366.5,0,0,0
366.6,0,0,0
366.8,0,0,0
366.9,0,0,0
367,0,0,0
367.1,0,0,0
367.2,0,0,0
367.3,0,0,0
367.4,0,0,0
367.5,0,0,0
367.6,0,0,0
367.7,0,0,0
367.8,0,0,0
367.9,0,0,0
368,0,0,0
368.1,0,0,0
368.2,0,0,0
368.3,0,0,0
368.5,0,0,0
368.6,0,0,0
368.7,0,0,0
368.8,0,0,0
368.9,0,0,0
369,0,0,0
369.1,0,0,0
369.2,0,0,0
369.3,0,0,0
369.4,0,0,0
369.5,0,0,0
369.6,0,0,0
369.7,0,0,0
369.8,0,0,0
369.9,0,0,0
370,0,0,0
370.2,0,0,0
370.3,0,0,0
370.4,0,0,0
370.5,0,0,0
370.6,0,0,0
370.7,0,0,0
370.8,0,0,0
370.9,0,0,0
371,0,0,0
371.1,0,0,0
371.2,0,0,0
371.3,0.3,0,0
371.4,0,0,0
371.5,0,0,0
371.6,0,0,0
371.7,0,0,0
371.8,0,0,0
372,0,0,0
372.1,0,0,0
372.2,0,0,0
372.3,0,0,0
372.4,0,0,0
372.5,0,0,0
372.6,0,0,0
372.7,0,0,0
372.8,0,0,0
372.9,0,0,0
373,0,0,0
373.1,0,0,0
373.2,0,0,0
373.3,0,0,0
373.4,0,0,0
373.5,0,0,0
373.7,0,0,0
373.8,0,0,0
373.9,0,0,0
374,0,0,0
374.1,0.3,0,0
374.2,0,0,0
374.3,0,0,0
374.4,0,0,0
374.5,0,0,0
374.6,0,0,0
374.7,0,0,0
374.8,0,0,0
374.9,0,0,0
375,0,0,0
375.1,0,0,0
375.2,0,0,0
375.4,0,0,0
375.5,0,0,0
375.6,0,0,0
375.7,0,0,0
375.8,0,0,0
375.9,0,0,0
376,0,0,0
376.1,0,0,0
376.2,0,0,0
376.3,0,0,0
376.4,0,0,0
376.5,0,0,0
376.6,0,0,0
376.7,0,0,0
376.8,0.3,0,0
376.9,0,0,0
377,0,0,0
377.2,0,0,0
377.3,0,0,0
377.4,0,0,0
377.5,0,0,0
377.6,0,0,0
377.7,0,0,0
377.8,0,0,0
377.9,0,0,0
378,0,0,0
378.1,0,0,0
378.2,0,0,0
378.3,0,0,0
378.4,0,0,0
378.5,0,0,0
378.6,0,0,0
378.8,0,0,0
378.9,0,0,0
379,0,0,0
379.1,0,0,0
379.2,0,0,0
379.3,0,0,0
379.4,0,0,0
379.5,0,0,0
379.6,0,0,0
379.7,0,0,0
379.8,0,0,0
379.9,0,0,0
380,0,0,0
380.1,0,0,0
380.2,0,0,0
380.3,0,0,0
380.5,0,0,0
380.6,0,0,0
380.7,0,0,0
380.8,0,0,0
380.9,0,0,0
381,0,0,0
381.1,0,0,0
381.2,0,0,0
381.3,0,0,0
381.4,0,0,0
381.5,0,0,0
381.6,0,0,0
381.7,0,0,0
381.8,0,0,0
381.9,0,0,0
382,0,0,0
382.2,0,0,0
382.3,0,0,0
382.4,0,0,0
382.5,0,0,0
382.6,0,0,0
382.7,0,0,0
382.8,0,0,0
382.9,0,0,0
383,0,0,0
383.1,0,0,0
383.2,0,0,0
383.3,0,0,0
383.4,0,0,0
383.5,0,0,0
383.6,0,0,0
383.7,0,0,0
383.9,0,0,0
384,0,0,0
384.1,0,0,0
384.2,0,0,0
384.3,0,0,0
384.4,0,0,0
384.5,0,0,0
384.6,0,0,0
384.7,0,0,0
384.8,0,0,0
384.9,0,0,0
385,0,0,0
385.1,0,0,0
385.2,0,0,0
385.3,0,0,0
385.4,0,0,0
385.5,0,0,0
385.7,0,0,0
385.8,0,0,0
385.9,0,0,0
386,0,0,0
386.1,0,0,0
386.2,0,0,0
386.3,0,0,0
386.4,0,0,0
386.5,0,0,0
386.6,0,0,0
386.7,0,0,0
386.8,0,0,0
386.9,0,0,0
387,0,0,0
387.1,0,0,0
387.2,0,0,0
387.4,0,0,0
387.5,0,0,0
387.6,0,0,0
387.7,0,0,0
387.8,0,0,0
387.9,0,0,0
388,0,0,0
388.1,0,0,0
388.2,0,0,0
388.3,0,0,0
388.4,0,0,0
388.5,0,0,0
388.6,0,0,0
388.7,0,0,0
388.8,0,0,0
388.9,0,0,0
389,0,0,0
389.2,0,0,0
389.3,0,0,0
389.4,0,0,0
389.5,0,0,0
389.6,0,0,0
389.7,0,0,0
389.8,0,0,0
389.9,0,0,0
390,0,0,0
390.1,0,0,0
390.2,0,0,0
390.3,0,0,0
390.4,0,0,0
390.5,0,0,0
390.6,0,0,0
390.7,0.3,0,0
390.9,0,0,0
391,0,0,0
391.1,0,0,0
391.2,0,0,0
391.3,0,0,0
391.4,0,0,0
391.5,0,0,0
391.6,0,0,0
391.7,0,0,0
391.8,0,0,0
391.9,0,0,0
392,0,0,0
392.1,0,0,0
392.2,0,0,0
392.3,0,0,0
392.4,0,0,0
392.6,0,0,0
392.7,0,0,0
392.8,0,0,0
392.9,0,0,0
393,0,0,0
393.1,0,0,0
393.2,0,0,0
393.3,0,0,0
393.4,0,0,0
393.5,0.3,0,0
393.6,0,0,0
393.7,0,0,0
393.8,0,0,0
393.9,0,0,0
394,0,0,0
394.1,0,0,0
394.2,0,0,0
394.4,0,0,0
394.5,0,0,0
394.6,0,0,0
394.7,0,0,0
394.8,0,0,0
394.9,0,0,0
395,0,0,0
395.1,0,0,0
395.2,0,0,0
395.3,0,0,0
395.4,0,0,0
395.5,0,0,0
395.6,0,0,0
395.7,0,0,0
395.8,0,0,0
395.9,0,0,0
396.1,0,0,0
396.2,0,0,0
396.3,0,0,0
396.4,0,0,0
396.5,0,0,0
396.6,0,0,0
396.7,0,0,0
396.8,0,0,0
396.9,0,0,0
397,0,0,0
397.1,0,0,0
397.2,0,0,0
397.3,0,0,0
397.4,0,0,0
397.5,0,0,0
397.6,0,0,0
397.8,0,0,0
397.9,0,0,0
398,0,0,0
398.1,0,0,0
398.2,0,0,0
398.3,0,0,0
398.4,0,0,0
398.5,0,0,0
398.6,0,0,0
398.7,0,0,0
398.8,0,0,0
398.9,0,0,0
399,0.3,0,0
399.1,0,0,0
399.2,0,0,0
399.3,0,0,0
399.5,0,0,0
399.6,0,0,0
399.7,0,0,0
399.8,0,0,0
399.9,0,0,0
400,0,0,0
400.1,0,0,0
400.2,0,0,0
400.3,0,0,0
400.4,0,0,0
400.5,0,0,0
400.6,0,0,0
400.7,0,0,0
400.8,0,0,0
400.9,0,0,0
401,0,0,0
401.2,0,0,0
401.3,0,0,0
401.4,0,0,0
401.5,0,0,0
401.6,0,0,0
401.7,0,0,0
401.8,0.3,0,0
401.9,0,0,0
402,0,0,0
402.1,0,0,0
402.2,0,0,0
402.3,0,0,0
402.4,0,0,0
402.5,0,0,0
402.6,0,0,0
402.7,0,0,0
402.9,0,0,0
403,0,0,0
403.1,0,0,0
403.2,0,0,0
403.3,0,0,0
403.4,0,0,0
403.5,0,0,0
403.6,0,0,0
403.7,0,0,0
403.8,0,0,0
403.9,0,0,0
404,0,0,0
404.1,0,0,0
404.2,0,0,0
404.3,0,0,0
404.5,0,0,0
404.6,0.3,0,0
404.7,0,0,0
404.8,0,0,0
404.9,0,0,0
405,0,0,0
405.1,0,0,0
405.2,0,0,0
405.3,0,0,0
405.4,0,0,0
405.5,0,0,0
405.6,0,0,0
405.7,0,0,0
405.8,0,0,0
405.9,0,0,0
406,0,0,0
406.2,0,0,0
406.3,0,0,0
406.4,0,0,0
406.5,0,0,0
406.6,0,0,0
406.7,0,0,0
406.8,0,0,0
406.9,0,0,0
407,0,0,0
407.1,0,0,0
407.2,0,0,0
407.3,0.3,0,0
407.4,0,0,0
407.5,0,0,0
407.6,0,0,0
407.8,0,0,0
407.9,0,0,0
408,0,0,0
408.1,0,0,0
408.2,0,0,0
408.3,0,0,0
408.4,0,0,0
408.5,0,0,0
408.6,0,0,0
408.7,0,0,0
408.8,0,0,0
408.9,0,0,0
409,0,0,0
409.1,0,0,0
409.2,0,0,0
409.4,0,0,0
409.5,0,0,0
409.6,0,0,0
409.7,0,0,0
409.8,0,0,0
409.9,0,0,0
410,0,0,0
410.1,0.3,0,0
410.2,0,0,0
410.3,0,0,0
410.4,0,0,0
410.5,0,0,0
410.6,0,0,0
410.7,0,0,0
410.8,0,0,0
410.9,0,0,0
411.1,0,0,0
411.2,0,0,0
411.3,0,0,0
411.4,0,0,0
411.5,0,0,0
411.6,0,0,0
411.7,0,0,0
411.8,0,0,0
411.9,0,0,0
412,0,0,0
412.1,0,0,0
412.2,0,0,0
412.3,0,0,0
412.4,0,0,0
412.5,0,0,0
412.6,0,0,0
412.8,0,0,0
412.9,0.3,0,0
413,0,0,0
413.1,0,0,0
413.2,0,0,0
413.3,0,0,0
413.4,0,0,0
413.5,0,0,0
413.6,0,0,0
413.7,0,0,0
413.8,0,0,0
413.9,0,0,0
414,0,0,0
414.1,0,0,0
414.2,0,0,0
414.3,0,0,0
414.5,0,0,0
414.6,0,0,0
414.7,0,0,0
414.8,0,0,0
414.9,0,0,0
415,0,0,0
415.1,0,0,0
415.2,0.3,0,0
415.3,0,0,0
415.4,0,0,0
415.5,0,0,0
415.6,0.3,0,0
415.7,0,0,0
415.8,0,0,0
415.9,0,0,0
416,0,0,0
416.1,0,0,0
416.3,0,0,0
416.4,0,0,0
416.5,0,0,0
416.6,0,0,0
416.7,0,0,0
416.8,0,0,0
416.9,0,0,0
417,0,0,0
417.1,0,0,0
417.2,0,0,0
417.3,0,0,0
417.4,0,0,0
417.5,0,0,0
417.6,0,0,0
417.7,0,0,0
417.8,0,0,0
418,0,0,0
418.1,0,0,0
418.2,0,0,0
418.3,0,0,0
418.4,0.3,0,0
418.5,0,0,0
418.6,0,0,0
418.7,0,0,0
418.8,0,0,0
418.9,0,0,0
419,0,0,0
419.1,0,0,0
419.2,0,0,0
419.3,0,0,0
419.4,0,0,0
419.5,0,0,0
419.7,0,0,0
419.8,0,0,0
419.9,0,0,0
420,0,0,0
420.1,0,0,0
420.2,0,0,0
420.3,0,0,0
420.4,0,0,0
420.5,0,0,0
420.6,0.9,0,0
420.7,8.2,0,0
420.8,21.2,1,0
420.9,17.5,0,0
421,17.2,0,0
421.1,18.9,1,0
421.3,17.8,0,0
421.4,16.9,0,0
421.5,16.9,1,0
421.6,17.2,0,0
421.7,17.2,0,0
421.8,17.2,1,0
421.9,16.9,0,0
422,17.5,0,0
422.1,17.2,1,0
422.2,17.2,0,0
422.3,17.2,0,0
422.5,17.2,1,0
422.6,17.2,0,0
422.7,17.2,0,0
422.8,17.2,1,0
422.9,16.9,0,0
423,16.7,0,0
423.1,16.9,1,0
423.2,16.7,0,0
423.3,17.2,0,0
423.4,17.2,1,0
423.5,17.2,0,0
423.7,17.2,0,0
423.8,17.2,1,0
423.9,17.2,0,0
424,17.2,0,0
424.1,17.2,1,0
424.2,17.2,0,0
424.3,17.2,0,0
424.4,17.5,1,0
424.5,18.4,0,0
424.6,20.3,0,0
424.7,20.6,1,0
424.9,20.6,0,0
425,20.6,0,0
425.1,22.3,1,0
425.2,22.6,0,0
425.3,22.9,0,0
425.4,22.6,1,0
425.5,22.9,0,0
425.6,22.6,0,0
425.7,23.5,1,0
425.8,23.5,0,0
425.9,23.5,0,0
426,23.5,1,0
426.2,24,0,0
426.3,23.5,0,0
426.4,25.4,1,0
426.5,25.7,0,0
426.6,26,0,0
426.7,25.7,1,0
426.8,26,0,0
426.9,26.3,0,0
427,26.6,1,0
427.1,28.5,0,0
427.2,28.5,0,0
427.4,28.8,1,0
427.5,29.1,0,0
427.6,28.5,0,0
427.7,28.5,1,0
427.8,29.1,0,0
427.9,29.1,0,0
428,29.1,1,0
428.1,30.2,0,0
428.2,30.2,0,0
428.3,30.5,1,0
428.4,30.8,0,0
428.6,30.8,0,0
428.7,30.8,1,0
428.8,30.8,0,0
428.9,30.8,0,0
429,30.8,1,0
429.1,31.1,0,0
429.2,31.9,0,0
429.3,31.4,1,0
429.4,31.9,0,0
429.5,31.4,0,0
429.6,31.4,1,0
429.7,31.4,0,0
429.9,31.1,0,0
430,31.4,1,0
430.1,31.4,0,0
430.2,31.4,0,0
430.3,31.4,1,0
430.4,31.4,0,0
430.5,31.6,0,0
430.6,31.4,1,0
430.7,31.9,0,0
430.8,31.9,0,0
430.9,32.8,1,0
431.1,33.3,0,0
431.2,33.1,0,0
431.3,33.3,1,0
431.4,33.1,0,0
431.5,33.3,0,0
431.6,33.1,1,0
431.7,33.3,0,0
431.8,33.3,0,0
431.9,33.6,1,0
432,33.6,0,0
432.1,33.6,0,0
432.2,34.2,1,0
432.4,33.9,0,0
432.5,33.6,0,0
432.6,33.1,1,0
432.7,33.3,0,0
432.8,33.3,0,0
432.9,33.6,1,0
433,33.1,0,0
433.1,32.8,0,0
433.2,33.6,1,0
433.3,33.6,0,0
433.4,33.6,0,0
433.5,33.6,1,0
433.7,33.6,0,0
433.8,33.1,0,0
433.9,33.3,1,0
434,33.1,0,0
434.1,33.3,0,0
434.2,33.1,1,0
434.3,34.2,0,0
434.4,34.2,0,0
434.5,34.8,1,0
434.6,34.8,0,0
434.7,34.8,0,0
434.9,34.8,1,0
435,34.5,0,0
435.1,34.8,0,0
435.2,34.8,1,0
435.3,34.5,0,0
435.4,34.2,0,0
435.5,34.8,1,0
435.6,34.8,0,0
435.7,34.8,0,0
435.8,34.8,1,0
435.9,34.8,0,0
436.1,34.8,0,0
436.2,34.8,1,0
436.3,34.8,0,0
436.4,34.8,0,0
436.5,35.3,1,0
436.6,35.3,0,0
436.7,35.3,0,0
436.8,35,1,0
436.9,34.8,0,0
437,34.8,0,0
437.1,34.8,1,0
437.3,34.8,0,0
437.4,34.8,0,0
437.5,34.8,1,0
437.6,35.3,0,0
437.7,35.3,0,0
437.8,35.9,1,0
437.9,35.3,0,0
438,35.6,0,0
438.1,35,1,0
438.2,35.3,0,0
438.3,35.3,0,0
438.4,35.3,1,0
438.6,35.3,0,0
438.7,35.3,0,0
438.8,35.9,1,0
438.9,35.6,0,0
439,35.6,0,0
439.1,35.3,1,0
439.2,35.6,0,0
439.3,35.6,0,0
439.4,35.6,1,0
439.5,35.9,0,0
439.6,35.9,0,0
439.7,36.4,1,0
439.9,36.4,0,0
440,35.9,0,0
440.1,35.9,1,0
440.2,35.9,0,0
440.3,35.9,0,0
440.4,35.9,1,0
440.5,36.4,0,0
440.6,37,0,0
440.7,36.4,1,0
440.8,36.4,0,0
440.9,36.4,0,0
441.1,39,1,0
441.2,41,0,0
441.3,41,0,0
441.4,41.2,1,0
441.5,42.1,0,0
441.6,42.1,0,0
441.7,42.1,1,0
441.8,41.2,0,0
441.9,41,0,0
442,40.7,1,0
442.1,41,0,0
442.3,41,0,0
442.4,41,1,0
442.5,41.2,0,0
442.6,41.5,0,0
442.7,41.2,1,0
442.8,41.5,0,0
442.9,42.1,0,0
443,42.1,1,0
443.1,42.1,0,0
443.2,42.1,0,0
443.3,42.4,1,0
443.5,42.4,0,0
443.6,42.7,0,0
443.7,42.7,1,0
443.8,42.7,0,0
443.9,42.7,0,0
444,42.7,1,0
444.1,42.1,0,0
444.2,42.7,0,0
444.3,42.7,1,0
444.4,42.7,0,0
444.5,42.7,0,0
444.7,42.7,1,0
444.8,42.7,0,0
444.9,42.7,0,0
445,42.7,1,0
445.1,42.7,0,0
445.2,42.7,0,0
445.3,42.7,1,0
445.4,42.7,0,0
445.5,42.7,0,0
445.6,42.7,1,0
445.7,42.7,0,0
445.9,42.7,0,0
446,42.7,1,0
446.1,42.7,0,0
446.2,42.7,0,0
446.3,42.7,1,0
446.4,42.7,0,0
446.5,42.7,0,0
446.6,42.7,1,0
446.7,42.7,0,0
446.8,42.7,0,0
446.9,42.7,1,0
447,42.7,0,0
447.2,42.7,0,0
447.3,42.7,1,0
447.4,42.7,0,0
447.5,42.7,0,0
447.6,42.7,1,0
447.7,42.7,0,0
447.8,42.7,0,0
447.9,42.7,1,0
448,42.7,0,0
448.1,42.7,0,0
448.2,42.7,1,0
448.4,42.7,0,0
448.5,42.7,0,0
448.6,42.7,1,0
448.7,42.7,0,0
448.8,42.7,0,0
448.9,42.7,1,0
449,42.7,0,0
449.1,42.7,0,0
449.2,42.7,1,0
449.3,42.7,0,0
449.4,42.7,0,0
449.6,42.7,1,0
449.7,42.7,0,0
449.8,42.7,0,0
449.9,42.7,1,0
450,42.7,0,0
450.1,42.7,0,0
450.2,42.7,1,0
450.3,42.7,0,0
450.4,42.1,0,0
450.5,42.1,1,0
450.6,42.1,0,0
450.8,42.1,0,0
450.9,42.1,1,0
451,42.1,0,0
451.1,42.1,0,0
451.2,42.1,1,0
451.3,42.1,0,0
451.4,42.1,0,0
451.5,42.1,1,0
451.6,42.1,0,0
451.7,42.1,0,0
451.8,42.4,1,0
452,42.1,0,0
452.1,42.1,0,0
452.2,42.1,1,0
452.3,41.5,0,0
452.4,41.5,0,0
452.5,41.5,1,0
452.6,41.5,0,0
452.7,42.1,0,0
452.8,42.1,1,0
452.9,42.1,0,0
453,42.1,0,0
453.1,41.5,1,0
453.3,42.1,0,0
453.4,42.1,0,0
453.5,42.1,1,0
453.6,42.1,0,0
453.7,42.1,0,0
453.8,42.1,1,0
453.9,42.1,0,0
454,42.1,0,0
454.1,42.1,1,0
454.2,42.1,0,0
454.3,42.7,0,0
454.5,42.1,1,0
454.6,42.1,0,0
454.7,42.1,0,0
454.8,42.1,1,0
454.9,42.1,0,0
455,42.4,0,0
455.1,42.1,1,0
455.2,42.7,0,0
455.3,42.1,0,0
455.4,42.1,1,0
455.5,42.1,0,0
455.7,42.1,0,0
455.8,42.1,1,0
455.9,42.1,0,0
456,42.4,0,0
456.1,42.1,1,0
456.2,42.7,0,0
456.3,42.1,0,0
456.4,42.1,1,0
456.5,42.1,0,0
456.6,42.1,0,0
456.7,42.1,1,0
456.9,42.4,0,0
457,42.1,0,0
457.1,42.1,1,0
457.2,42.7,0,0
457.3,42.1,0,0
457.4,42.1,1,0
457.5,42.1,0,0
457.6,42.1,0,0
457.7,42.1,1,0
457.8,42.7,0,0
457.9,42.4,0,0
458,42.7,1,0
458.2,42.1,0,0
458.3,42.1,0,0
458.4,42.1,1,0
458.5,42.4,0,0
458.6,42.4,0,0
458.7,42.1,1,0
458.8,42.7,0,0
458.9,42.1,0,0
459,42.4,1,0
459.1,42.1,0,0
459.2,42.4,0,0
459.4,42.1,1,0
459.5,42.7,0,0
459.6,42.7,0,0
459.7,42.7,1,0
459.8,42.7,0,0
459.9,42.7,0,0
460,42.7,1,0
460.1,42.4,0,0
460.2,42.1,0,0
460.3,42.1,1,0
460.4,42.1,0,0
460.6,42.1,0,0
460.7,42.1,1,0
460.8,42.7,0,0
460.9,42.7,0,0
461,42.7,1,0
461.1,42.1,0,0
461.2,42.7,0,0
461.3,42.4,1,0
461.4,42.1,0,0
461.5,42.1,0,0
461.6,42.7,1,0
461.8,42.7,0,0
461.9,42.1,0,0
462,42.1,1,0
462.1,42.1,0,0
462.2,42.1,0,0
462.3,42.4,1,0
462.4,42.7,0,0
462.5,42.7,0,0
462.6,42.7,1,0
462.7,42.7,0,0
462.8,42.7,0,0
462.9,42.7,1,0
463.1,42.7,0,0
463.2,42.7,0,0
463.3,42.7,1,0
463.4,42.7,0,0
463.5,42.7,0,0
463.6,42.7,1,0
463.7,42.7,0,0
463.8,42.7,0,0
463.9,42.7,1,0
464,42.7,0,0
464.1,42.7,0,0
464.2,42.7,1,0
464.4,42.7,0,0
464.5,42.7,0,0
464.6,42.7,1,0
464.7,42.7,0,0
464.8,42.7,0,0
464.9,42.7,1,0
465,42.7,0,0
465.1,42.7,0,0
465.2,42.7,1,0
465.3,42.7,0,0
465.4,42.7,0,0
465.6,42.7,1,0
465.7,42.7,0,0
465.8,42.7,0,0
465.9,42.7,1,0
466,42.7,0,0
466.1,42.7,0,0
466.2,42.7,1,0
466.3,42.7,0,0
466.4,42.7,0,0
466.5,42.7,1,0
466.7,42.7,0,0
466.8,42.7,0,0
466.9,42.7,1,0
467,42.7,0,0
467.1,42.7,0,0
467.2,42.7,1,0
467.3,42.7,0,0
467.4,42.7,0,0
467.5,42.7,1,0
467.6,42.7,0,0
467.7,42.7,0,0
467.8,42.7,1,0
468,42.7,0,0
468.1,42.7,0,0
468.2,42.7,1,0
468.3,42.7,0,0
468.4,42.7,0,0
468.5,42.7,1,0
468.6,42.7,0,0
468.7,42.7,0,0
468.8,42.7,1,0
468.9,42.7,0,0
469,42.7,0,0
469.2,42.7,1,0
469.3,42.7,0,0
469.4,42.7,0,0
469.5,42.7,1,0
469.6,42.7,0,0
469.7,42.7,0,0
469.8,42.7,1,0
469.9,42.7,0,0
470,42.7,0,0
470.1,42.7,1,0
470.2,42.7,0,0
470.3,42.7,0,0
470.5,42.7,1,0
470.6,42.7,0,0
470.7,42.7,0,0
470.8,42.7,1,0
470.9,42.7,0,0
471,42.7,0,0
471.1,42.7,1,0
471.2,42.7,0,0
471.3,42.7,0,0
471.4,42.7,1,0
471.5,42.7,0,0
471.7,42.7,0,0
471.8,42.7,1,0
471.9,42.7,0,0
472,42.7,0,0
472.1,42.7,1,0
472.2,42.7,0,0
472.3,42.7,0,0
472.4,42.7,1,0
472.5,42.7,0,0
472.6,42.7,0,0
472.7,42.7,1,0
472.8,42.7,0,0
473,42.7,0,0
473.1,42.7,1,0
473.2,42.7,0,0
473.3,42.7,0,0
473.4,42.7,1,0
473.5,42.7,0,0
473.6,42.7,0,0
473.7,42.7,1,0
473.8,42.7,0,0
473.9,42.7,0,0
474,42.7,1,0
474.2,42.7,0,0
474.3,42.7,0,0
474.4,42.7,1,0
474.5,42.7,0,0
474.6,42.7,0,0
474.7,42.7,1,0
474.8,42.7,0,0
474.9,42.7,0,0
475,42.7,1,0
475.1,42.7,0,0
475.2,42.7,0,0
475.3,42.7,1,0
475.5,42.7,0,0
475.6,42.7,0,0
475.7,42.7,1,0
475.8,42.7,0,0
475.9,42.7,0,0
476,42.7,1,0
476.1,42.7,0,0
476.2,42.7,0,0
476.3,42.7,1,0
476.4,42.7,0,0
476.5,42.7,0,0
476.7,42.7,1,0
476.8,42.7,0,0
476.9,42.7,0,0
477,42.7,1,0
477.1,42.7,0,0
477.2,42.7,0,0
477.3,42.7,1,0
477.4,42.7,0,0
477.5,42.7,0,0
477.6,42.7,1,0
477.7,42.7,0,0
477.9,42.7,0,0
478,42.7,1,0
478.1,42.7,0,0
478.2,42.7,0,0
478.3,42.7,1,0
478.4,42.7,0,0
478.5,42.7,0,0
478.6,42.7,1,0
478.7,42.7,0,0
478.8,42.7,0,0
478.9,42.7,1,0
479.1,42.7,0,0
479.2,42.7,0,0
479.3,42.7,1,0
479.4,42.7,0,0
479.5,42.7,0,0
479.6,42.9,1,0
479.7,42.7,0,0
479.8,42.7,0,0
479.9,42.7,1,0
480,42.7,0,0
480.1,42.7,0,0
480.2,42.7,1,0
480.4,42.7,0,0
480.5,42.7,0,0
480.6,42.7,1,0
480.7,42.7,0,0
480.8,42.7,0,0
480.9,42.7,1,0
481,42.7,0,0
481.1,42.7,0,0
481.2,42.7,1,0
481.3,42.7,0,0
481.4,42.7,0,0
481.6,42.7,1,0
481.7,42.7,0,0
481.8,42.7,0,0
481.9,42.7,1,0
482,42.7,0,0
482.1,42.9,0,0
482.2,42.7,1,0
482.3,42.7,0,0
482.4,42.7,0,0
482.5,42.7,1,0
482.7,42.7,0,0
482.8,42.7,0,0
482.9,42.7,1,0
483,42.7,0,0
483.1,42.7,0,0
483.2,42.7,1,0
483.3,42.7,0,0
483.4,42.7,0,0
483.5,42.7,1,0
483.6,42.7,0,0
483.7,42.7,0,0
483.8,42.9,1,0
484,42.7,0,0
484.1,42.7,0,0
484.2,42.7,1,0
484.3,42.7,0,0
484.4,42.7,0,0
484.5,42.7,1,0
484.6,42.7,0,0
484.7,42.9,0,0
484.8,42.7,1,0
484.9,42.7,0,0
485,42.7,0,0
485.2,42.7,1,0
485.3,42.7,0,0
485.4,42.7,0,0
485.5,42.7,1,0
485.6,42.7,0,0
485.7,42.7,0,0
485.8,42.7,1,0
485.9,42.7,0,0
486,42.7,0,0
486.1,42.7,1,0
486.2,42.7,0,0
486.3,42.7,0,0
486.5,42.7,1,0
486.6,42.7,0,0
486.7,42.7,0,0
486.8,42.7,1,0
486.9,42.7,0,0
487,42.7,0,0
487.1,42.7,1,0
487.2,42.7,0,0
487.3,42.7,0,0
487.4,42.7,1,0
487.5,42.7,0,0
487.7,42.7,0,0
487.8,42.7,1,0
487.9,42.7,0,0
488,42.9,0,0
488.1,42.7,1,0
488.2,42.7,0,0
488.3,42.7,0,0
488.4,42.7,1,0
488.5,42.7,0,0
488.6,42.7,0,0
488.7,42.7,1,0
488.9,42.9,0,0
489,42.7,0,0
489.1,42.7,1,0
489.2,42.7,0,0
489.3,42.7,0,0
489.4,42.7,1,0
489.5,42.7,0,0
489.6,42.7,0,0
489.7,42.9,1,0
489.8,42.7,0,0
489.9,42.7,0,0
490.1,42.7,1,0
490.2,42.7,0,0
490.3,42.7,0,0
490.4,42.7,1,0
490.5,42.7,0,0
490.6,42.7,0,0
490.7,42.7,1,0
490.8,42.7,0,0
490.9,42.7,0,0
491,42.7,1,0
491.1,42.7,0,0
491.3,42.7,0,0
491.4,42.9,1,0
491.5,42.7,0,0
491.6,42.7,0,0
491.7,42.7,1,0
491.8,42.7,0,0
491.9,42.7,0,0
492,42.7,1,0
492.1,42.7,0,0
492.2,43.2,0,0
492.3,42.7,1,0
492.4,42.7,0,0
492.6,42.7,0,0
492.7,42.7,1,0
492.8,42.7,0,0
492.9,42.7,0,0
493,42.7,1,0
493.1,42.9,0,0
493.2,42.7,0,0
493.3,42.7,1,0
493.4,42.7,0,0
493.5,42.7,0,0
493.6,42.7,1,0
493.8,42.7,0,0
493.9,42.9,0,0
494,42.9,1,0
494.1,42.7,0,0
494.2,42.7,0,0
494.3,42.7,1,0
494.4,42.7,0,0
494.5,42.7,0,0
494.6,42.7,1,0
494.7,43.2,0,0
494.8,42.9,0,0
494.9,42.9,1,0
495.1,42.9,0,0
495.2,42.7,0,0
495.3,42.7,1,0
495.4,42.7,0,0
495.5,42.7,0,0
495.6,43.2,1,0
495.7,43.2,0,0
495.8,43.2,0,0
495.9,43.2,1,0
496,42.9,0,0
496.2,42.7,0,0
496.3,42.7,1,0
496.4,42.7,0,0
496.5,43.2,0,0
496.6,43.2,1,0
496.7,43.2,0,0
496.8,42.7,0,0
496.9,42.7,1,0
497,42.7,0,0
497.1,42.7,0,0
497.2,42.7,1,0
497.4,42.7,0,0
497.5,42.7,0,0
497.6,42.7,1,0
497.7,42.7,0,0
497.8,42.7,0,0
497.9,42.7,1,0
498,42.7,0,0
498.1,42.7,0,0
498.2,42.7,1,0
498.3,42.4,0,0
498.4,42.7,0,0
498.5,42.1,1,0
498.7,41,0,0
498.8,40.7,0,0
498.9,40.7,1,0
499,41,0,0
499.1,41,0,0
499.2,41.5,1,0
499.3,41.5,0,0
499.4,42.1,0,0
499.5,42.4,1,0
499.6,42.4,0,0
499.7,42.1,0,0
499.9,42.1,1,0
500,42.1,0,0
500.1,41.5,0,0
500.2,42.1,1,0
500.3,42.1,0,0
500.4,42.4,0,0
500.5,42.7,1,0
500.6,42.7,0,0
500.7,42.7,0,0
500.8,42.7,1,0
500.9,42.7,0,0
501,42.4,0,0
501.2,42.7,1,0
501.3,42.7,0,0
501.4,42.7,0,0
501.5,42.7,1,0
501.6,42.7,0,0
501.7,42.7,0,0
501.8,42.7,1,0
501.9,42.7,0,0
502,42.7,0,0
502.1,42.7,1,0
502.2,42.7,0,0
502.4,42.7,0,0
502.5,42.7,1,0
502.6,42.7,0,0
502.7,42.7,0,0
502.8,42.7,1,0
502.9,42.7,0,0
503,42.7,0,0
503.1,42.7,1,0
503.2,42.7,0,0
503.3,42.7,0,0
503.4,42.7,1,0
503.6,42.7,0,0
503.7,42.7,0,0
503.8,42.7,1,0
503.9,42.7,0,0
504,42.7,0,0
504.1,42.7,1,0
504.2,42.7,0,0
504.3,42.7,0,0
504.4,42.7,1,0
504.5,42.7,0,0
504.6,42.7,0,0
504.7,42.7,1,0
504.9,42.7,0,0
505,42.7,0,0
505.1,42.7,1,0
505.2,42.7,0,0
505.3,42.7,0,0
505.4,42.7,1,0
505.5,42.7,0,0
505.6,42.7,0,0
505.7,42.7,1,0
505.8,42.7,0,0
505.9,42.7,0,0
506.1,42.7,1,0
506.2,42.7,0,0
506.3,42.7,0,0
506.4,42.7,1,0
506.5,42.7,0,0
506.6,42.7,0,0
506.7,42.7,1,0
506.8,42.7,0,0
506.9,42.7,0,0
507,42.7,1,0
507.1,42.7,0,0
507.3,42.7,0,0
507.4,42.7,1,0
507.5,42.7,0,0
507.6,42.7,0,0
507.7,42.7,1,0
507.8,42.7,0,0
507.9,42.7,0,0
508,42.7,1,0
508.1,42.7,0,0
508.2,42.7,0,0
508.3,42.7,1,0
508.5,42.7,0,0
508.6,42.7,0,0
508.7,42.7,1,0
508.8,42.7,0,0
508.9,42.7,0,0
509,42.7,1,0
509.1,42.7,0,0
509.2,42.7,0,0
509.3,42.7,1,0
509.4,42.7,0,0
509.5,42.7,0,0
509.7,42.7,1,0
509.8,42.7,0,0
509.9,42.7,0,0
510,42.7,1,0
510.1,42.7,0,0
510.2,42.7,0,0
510.3,42.7,1,0
510.4,42.7,0,0
510.5,42.7,0,0
510.6,42.7,1,0
510.7,42.7,0,0
510.9,42.7,0,0
511,42.7,1,0
511.1,42.7,0,0
511.2,42.7,0,0
511.3,42.7,1,0
511.4,42.7,0,0
511.5,42.7,0,0
511.6,42.7,1,0
511.7,42.7,0,0
511.8,42.7,0,0
511.9,42.7,1,0
512.1,42.7,0,0
512.2,42.7,0,0
512.3,42.7,1,0
512.4,42.7,0,0
512.5,42.9,0,0
512.6,42.7,1,0
512.7,42.7,0,0
512.8,42.7,0,0
512.9,42.7,1,0
513,42.7,0,0
513.1,42.7,0,0
513.3,42.7,1,0
513.4,42.7,0,0
513.5,42.7,0,0
513.6,42.7,1,0
513.7,42.7,0,0
513.8,42.7,0,0
513.9,42.7,1,0
514,42.7,0,0
514.1,42.7,0,0
514.2,42.7,1,0
514.3,42.7,0,0
514.5,42.7,0,0
514.6,42.7,1,0
514.7,42.7,0,0
514.8,42.7,0,0
514.9,42.7,1,0
515,42.7,0,0
515.1,42.7,0,0
515.2,42.7,1,0
515.3,42.7,0,0
515.4,42.7,0,0
515.5,42.7,1,0
515.7,42.7,0,0
515.8,42.7,0,0
515.9,42.7,1,0
516,42.7,0,0
516.1,42.7,0,0
516.2,42.7,1,0
516.3,42.7,0,0
516.4,42.7,0,0
516.5,42.7,1,0
516.6,42.7,0,0
516.7,42.7,0,0
516.8,42.7,1,0
517,42.7,0,0
517.1,42.7,0,0
517.2,42.7,1,0
517.3,42.7,0,0
517.4,42.7,0,0
517.5,42.7,1,0
517.6,42.7,0,0
517.7,42.7,0,0
517.8,42.7,1,0
517.9,42.7,0,0
518,42.7,0,0
518.1,42.7,1,0
518.3,42.7,0,0
518.4,42.7,0,0
518.5,42.7,1,0
518.6,42.7,0,0
518.7,42.7,0,0
518.8,42.7,1,0
518.9,42.7,0,0
519,42.7,0,0
519.1,42.7,1,0
519.2,42.7,0,0
519.3,42.7,0,0
519.5,42.7,1,0
519.6,42.7,0,0
519.7,42.7,0,0
519.8,42.7,1,0
519.9,42.7,0,0
520,42.7,0,0
520.1,42.7,1,0
520.2,42.7,0,0
520.3,42.7,0,0
520.4,42.7,1,0
520.5,42.7,0,0
520.6,42.7,0,0
520.8,42.7,1,0
520.9,42.7,0,0
521,42.7,0,0
521.1,42.7,1,0
521.2,42.7,0,0
521.3,42.7,0,0
521.4,42.7,1,0
521.5,42.7,0,0
521.6,42.7,0,0
521.7,42.7,1,0
521.9,42.7,0,0
522,42.7,0,0
522.1,42.7,1,0
522.2,42.7,0,0
522.3,42.7,0,0
522.4,42.7,1,0
522.5,42.7,0,0
522.6,42.7,0,0
522.7,42.7,1,0
522.8,42.7,0,0
522.9,42.7,0,0
523,42.7,1,0
523.2,42.7,0,0
523.3,42.7,0,0
523.4,42.7,1,0
523.5,42.7,0,0
523.6,42.9,0,0
523.7,42.7,1,0
523.8,42.7,0,0
523.9,42.7,0,0
524,42.7,1,0
524.1,42.7,0,0
524.2,42.7,0,0
524.4,42.7,1,0
524.5,42.7,0,0
524.6,42.7,0,0
524.7,42.7,1,0
524.8,42.7,0,0
524.9,42.7,0,0
525,42.7,1,0
525.1,42.7,0,0
525.2,42.7,0,0
525.3,42.7,1,0
525.4,42.7,0,0
525.6,42.7,0,0
525.7,42.7,1,0
525.8,42.7,0,0
525.9,42.7,0,0
526,42.7,1,0
526.1,42.7,0,0
526.2,42.7,0,0
526.3,42.7,1,0
526.4,42.7,0,0
526.5,42.7,0,0
526.6,42.7,1,0
526.8,42.7,0,0
526.9,42.7,0,0
527,42.7,1,0
527.1,42.7,0,0
527.2,42.7,0,0
527.3,42.7,1,0
527.4,42.7,0,0
527.5,42.9,0,0
527.6,42.7,1,0
527.7,42.7,0,0
527.8,33.1,0,0
527.9,31.6,1,0
528.1,6.8,0,0
528.2,1.7,0,0
528.3,1.7,0,0
528.4,1.4,0,0
528.5,0.9,0,0
528.6,0.6,0,0
528.7,0.9,0,0
528.8,0.9,0,0
528.9,0.9,0,0
529,0.9,0,0
529.1,0.9,0,0
529.2,0.9,0,0
529.3,0.9,0,0
529.4,0.9,0,0
529.5,0.6,0,0
529.7,0.6,0,0
529.8,0.6,0,0
529.9,0.6,0,0
530,0.9,0,0
530.1,0.9,0,0
530.2,0.9,0,0
530.3,0.6,0,0
530.4,0.6,0,0
530.5,0.9,0,0
530.6,0.9,0,0
530.7,0.9,0,0
530.8,0.9,0,0
530.9,0.6,0,0
531,0.9,0,0
531.1,0.6,0,0
531.2,0.9,0,0
531.4,0.9,0,0
531.5,0.6,0,0
531.6,0.6,0,0
531.7,0.6,0,0
531.8,0.6,0,0
531.9,0.9,0,0
532,0.6,0,0
532.1,0.6,0,0
532.2,0.6,0,0
532.3,0.9,0,0
532.4,0.6,0,0
532.5,0.6,0,0
532.6,0.9,0,0
532.7,0.6,0,0
532.8,0.9,0,0
532.9,0.9,0,0
533,0.9,0,0
533.2,0.9,0,0
533.3,0.9,0,0
533.4,0.9,0,0
533.5,0.9,0,0
533.6,0.9,0,0
533.7,0.9,0,0
533.8,0.6,0,0
533.9,0.3,0,0
534,0.9,0,0
534.1,0.9,0,0
534.2,0.9,0,0
534.3,0.9,0,0
534.4,0.9,0,0
534.5,0.6,0,0
534.6,0.9,0,0
534.7,0.9,0,0
534.9,0.9,0,0
535,0.9,0,0
535.1,0.6,0,0
535.2,0.9,0,0
535.3,0.9,0,0
535.4,0.9,0,0
535.5,0.9,0,0
535.6,0.6,0,0
535.7,0.9,0,0
535.8,0.6,0,0
535.9,0.9,0,0
536,0.9,0,0
536.1,0.6,0,0
536.2,0.9,0,0
536.3,0.6,0,0
536.4,0.9,0,0
536.6,0.9,0,0
536.7,0.9,0,0
536.8,0.9,0,0
536.9,0.9,0,0
537,0.9,0,0
537.1,0.9,0,0
537.2,0.9,0,0
537.3,0.6,0,0
537.4,0.9,0,0
537.5,0.6,0,0
537.6,0.9,0,0
537.7,0.9,0,0
537.8,0.9,0,0
537.9,0.6,0,0
538,0.9,0,0
538.1,0.9,0,0
538.2,0.9,0,0
538.4,0.9,0,0
538.5,0.6,0,0
538.6,0.6,0,0
538.7,0.9,0,0
538.8,0.6,0,0
538.9,0.9,0,0
539,0.9,0,0
539.1,0.9,0,0
539.2,0.9,0,0
539.3,0.9,0,0
539.4,0.9,0,0
539.5,0.9,0,0
539.6,0.9,0,0
539.7,0.9,0,0
539.8,0.9,0,0
539.9,0.9,0,0
540.1,0.9,0,0
540.2,0.9,0,0
540.3,0.9,0,0
540.4,0.9,0,0
540.5,0.6,0,0
540.6,0.9,0,0
540.7,0.9,0,0
540.8,0.9,0,0
540.9,0.9,0,0
541,0.9,0,0
541.1,0.6,0,0
541.2,0.9,0,0
541.3,0.9,0,0
541.4,0.9,0,0
541.5,0.9,0,0
541.6,0.9,0,0
541.8,0.6,0,0
541.9,0.9,0,0
542,0.9,0,0
542.1,0.9,0,0
542.2,0.9,0,0
542.3,0.9,0,0
542.4,0.9,0,0
542.5,0.9,0,0
542.6,0.9,0,0
542.7,0.9,0,0
542.8,0.9,0,0
542.9,0.9,0,0
543,0.6,0,0
543.1,0.9,0,0
543.2,0.9,0,0
543.3,0.9,0,0
543.5,0.6,0,0
543.6,0.9,0,0
543.7,0.9,0,0
543.8,0.9,0,0
543.9,0.6,0,0
544,0.9,0,0
544.1,0.9,0,0
544.2,0.9,0,0
544.3,0.9,0,0
544.4,0.9,0,0
544.5,0.9,0,0
544.6,0.9,0,0
544.7,0.9,0,0
544.8,0.9,0,0
544.9,0.9,0,0
545.1,0.9,0,0
545.2,0.6,0,0
545.3,0.9,0,0
545.4,0.9,0,0
545.5,0.9,0,0
545.6,0.6,0,0
545.7,0.6,0,0
545.8,0.9,0,0
545.9,0.9,0,0
546,0.9,0,0
546.1,0.9,0,0
546.2,0.9,0,0
546.3,0.9,0,0
546.4,0.9,0,0
546.5,0.9,0,0
546.6,0.9,0,0
546.8,0.9,0,0
546.9,0.6,0,0
547,0.6,0,0
547.1,0.9,0,0
547.2,0.6,0,0
547.3,0.9,0,0
547.4,0.9,0,0
547.5,0.9,0,0
547.6,0.9,0,0
547.7,0.9,0,0
547.8,0.9,0,0
547.9,0.9,0,0
548,0.9,0,0
548.1,0.9,0,0
548.2,0.6,0,0
548.3,0.6,0,0
548.5,0.9,0,0
548.6,0.9,0,0
548.7,0.6,0,0
548.8,0.9,0,0
548.9,0.9,0,0
549,0.9,0,0
549.1,0.9,0,0
549.2,0.6,0,0
549.3,0.9,0,0
549.4,0.9,0,0
549.5,0.9,0,0
549.6,0.9,0,0
549.7,0.9,0,0
549.8,0.9,0,0
549.9,0.9,0,0
550,0.9,0,0
550.1,0.9,0,0
550.3,0.9,0,0
550.4,0.9,0,0
550.5,0.9,0,0
550.6,0.9,0,0
550.7,0.9,0,0
550.8,0.9,0,0
550.9,0.9,0,0
551,0.9,0,0
551.1,0.9,0,0
551.2,0.9,0,0
551.3,0.9,0,0
551.4,0.9,0,0
551.5,0.9,0,0
551.6,0.9,0,0
551.7,0.6,0,0
551.8,0.9,0,0
552,0.9,0,0
552.1,0.9,0,0
552.2,0.9,0,0
552.3,0.9,0,0
552.4,0.9,0,0
552.5,0.9,0,0
552.6,0.9,0,0
552.7,0.9,0,0
552.8,0.9,0,0
552.9,0.9,0,0
553,0.9,0,0
553.1,0.9,0,0
553.2,0.9,0,0
553.3,0.9,0,0
553.4,0.9,0,0
553.5,0.9,0,0
553.7,0.9,0,0
553.8,0.9,0,0
553.9,0.9,0,0
554,0.9,0,0
554.1,0.9,0,0
554.2,0.9,0,0
554.3,0.9,0,0
554.4,0.9,0,0
554.5,0.9,0,0
554.6,0.9,0,0
554.7,0.9,0,0
554.8,0.9,0,0
554.9,0.9,0,0
555,0.9,0,0
555.1,0.9,0,0
555.2,0.9,0,0
555.3,0.6,0,0
555.5,0.9,0,0
555.6,0.9,0,0
555.7,0.9,0,0
555.8,0.9,0,0
555.9,0.9,0,0
556,0.9,0,0
556.1,0.9,0,0
556.2,0.9,0,0
556.3,0.9,0,0
556.4,0.9,0,0
556.5,0.9,0,0
556.6,0.9,0,0
556.7,0.9,0,0
556.8,0.9,0,0
556.9,0.9,0,0
557,0.9,0,0
557.2,0.9,0,0
557.3,0.9,0,0
557.4,0.9,0,0
557.5,0.9,0,0
557.6,0.9,0,0
557.7,0.9,0,0
557.8,0.9,0,0
557.9,0.9,0,0
558,0.9,0,0
558.1,0.9,0,0
558.2,0.9,0,0
558.3,0.9,0,0
558.4,0.9,0,0
558.5,0.9,0,0
558.6,0.9,0,0
558.7,0.9,0,0
558.9,0.9,0,0
559,0.9,0,0
559.1,0.9,0,0
559.2,0.9,0,0
559.3,0.9,0,0
559.4,0.9,0,0
559.5,0.6,0,0
559.6,0.9,0,0
559.7,0.9,0,0
559.8,0.9,0,0
559.9,0.9,0,0
560,0.6,0,0
560.1,0.9,0,0
560.2,0.9,0,0
560.3,0.6,0,0
560.4,0.6,0,0
560.6,0.9,0,0
560.7,0.9,0,0
560.8,0.9,0,0
560.9,0.9,0,0
561,0.9,0,0
561.1,0.9,0,0
561.2,0.9,0,0
561.3,0.9,0,0
561.4,0.9,0,0
561.5,0.9,0,0
561.6,0.9,0,0
561.7,0.9,0,0
561.8,0.9,0,0
561.9,0.9,0,0
562,0.9,0,0
562.1,0.9,0,0
562.3,0.9,0,0
562.4,0.9,0,0
562.5,0.9,0,0
562.6,0.9,0,0
562.7,0.9,0,0
562.8,0.9,0,0
562.9,0.9,0,0
563,0.9,0,0
563.1,0.9,0,0
563.2,0.9,0,0
563.3,0.9,0,0
563.4,0.9,0,0
563.5,0.9,0,0
563.6,0.9,0,0
563.7,0.9,0,0
563.8,0.9,0,0
563.9,0.9,0,0
564.1,0.9,0,0
564.2,0.9,0,0
564.3,0.9,0,0
564.4,0.9,0,0
564.5,0.9,0,0
564.6,0.9,0,0
564.7,0.9,0,0
564.8,0.9,0,0
564.9,0.9,0,0
565,0.9,0,0
565.1,0.9,0,0
565.2,0.9,0,0
565.3,0.9,0,0
565.4,0.9,0,0
565.5,0.9,0,0
565.6,0.9,0,0
565.8,0.9,0,0
565.9,0.9,0,0
566,0.9,0,0
566.1,0.9,0,0
566.2,0.9,0,0
566.3,0.9,0,0
566.4,0.9,0,0
566.5,0.9,0,0
566.6,0.9,0,0
566.7,0.6,0,0
566.8,0.9,0,0
566.9,0.9,0,0
567,0.9,0,0
567.1,0.9,0,0
567.2,0.9,0,0
567.3,0.9,0,0
567.5,0.9,0,0
567.6,0.9,0,0
567.7,0.6,0,0
567.8,0.9,0,0
567.9,0.9,0,0
568,0.9,0,0
568.1,0.9,0,0
568.2,0.6,0,0
568.3,0.9,0,0
568.4,0.9,0,0
568.5,0.9,0,0
568.6,0.9,0,0
568.7,0.9,0,0
568.8,0.9,0,0
568.9,0.9,0,0
569,0.9,0,0
569.2,0.9,0,0
569.3,0.6,0,0
569.4,0.9,0,0
569.5,0.9,0,0
569.6,0.9,0,0
569.7,0.9,0,0
569.8,0.9,0,0
569.9,0.9,0,0
570,0.9,0,0
570.1,0.9,0,0
570.2,0.9,0,0
570.3,0.9,0,0
570.4,0.9,0,0
570.5,0.9,0,0
570.6,0.9,0,0
570.7,0.9,0,0
570.9,0.9,0,0
571,0.9,0,0
571.1,0.9,0,0
571.2,0.9,0,0
571.3,0.9,0,0
571.4,0.9,0,0
571.5,0.9,0,0
571.6,0.6,0,0
571.7,0.9,0,0
571.8,0.9,0,0
571.9,0.9,0,0
572,0.9,0,0
572.1,0.9,0,0
572.2,0.9,0,0
572.3,0.9,0,0
572.5,0.9,0,0
572.6,0.9,0,0
572.7,0.9,0,0
572.8,0.9,0,0
572.9,0.9,0,0
573,0.9,0,0
573.1,0.9,0,0
573.2,0.9,0,0
573.3,0.9,0,0
573.4,0.9,0,0
573.5,0.9,0,0
573.6,0.9,0,0
573.7,0.9,0,0
573.8,0.9,0,0
573.9,0.9,0,0
574,0.9,0,0
574.1,0.9,0,0
574.3,0.9,0,0
574.4,0.9,0,0
574.5,0.9,0,0
574.6,0.9,0,0
574.7,0.9,0,0
574.8,0.9,0,0
574.9,0.9,0,0
575,0.9,0,0
575.1,0.9,0,0
575.2,0.9,0,0
575.3,0.9,0,0
575.4,0.9,0,0
575.5,0.9,0,0
575.6,0.9,0,0
575.7,0.9,0,0
575.8,0.9,0,0
575.9,0.9,0,0
576.1,0.9,0,0
576.2,0.9,0,0
576.3,0.9,0,0
576.4,0.6,0,0
576.5,0.9,0,0
576.6,0.9,0,0
576.7,0.9,0,0
576.8,0.9,0,0
576.9,0.9,0,0
577,0.9,0,0
577.1,0.9,0,0
577.2,0.9,0,0
577.3,0.9,0,0
577.4,0.9,0,0
577.5,0.9,0,0
577.7,0.9,0,0
577.8,0.9,0,0
577.9,0.9,0,0
578,0.9,0,0
578.1,0.9,0,0
578.2,0.9,0,0
578.3,0.9,0,0
578.4,0.6,0,0
578.5,0.9,0,0
578.6,0.9,0,0
578.7,0.9,0,0
578.8,0.9,0,0
578.9,0.9,0,0
579,0.9,0,0
579.1,0.9,0,0
579.2,0.9,0,0
579.4,0.9,0,0
579.5,0.9,0,0
579.6,0.9,0,0
579.7,0.9,0,0
579.8,0.9,0,0
579.9,0.6,0,0
580,0.9,0,0
580.1,0.9,0,0
580.2,0.9,0,0
580.3,0.9,0,0
580.4,0.9,0,0
580.5,0.9,0,0
580.6,0.9,0,0
580.7,0.9,0,0
580.8,0.9,0,0
580.9,0.9,0,0
581.1,0.9,0,0
581.2,0.9,0,0
581.3,0.9,0,0
581.4,0.9,0,0
581.5,0.9,0,0
581.6,0.9,0,0
581.7,0.9,0,0
581.8,0.9,0,0
581.9,0.9,0,0
582,0.9,0,0
582.1,0.9,0,0
582.2,0.9,0,0
582.3,0.9,0,0
582.4,0.9,0,0
582.5,0.9,0,0
582.6,0.9,0,0
582.8,0.9,0,0
582.9,0.9,0,0
583,0.9,0,0
583.1,0.9,0,0
583.2,0.9,0,0
583.3,0.9,0,0
583.4,0.9,0,0
583.5,0.9,0,0
583.6,0.9,0,0
583.7,0.9,0,0
583.8,0.9,0,0
583.9,0.9,0,0
584,0.9,0,0
584.1,0.9,0,0
584.2,0.9,0,0
584.3,0.9,0,0
584.5,0.9,0,0
584.6,0.9,0,0
584.7,0.9,0,0
584.8,0.9,0,0
584.9,0.9,0,0
585,0.9,0,0
585.1,0.9,0,0
585.2,0.9,0,0
585.3,0.9,0,0
585.4,0.9,0,0
585.5,0.9,0,0
585.6,0.9,0,0
585.7,0.9,0,0
585.8,0.9,0,0
585.9,0.9,0,0
586,0.9,0,0
586.2,0.9,0,0
586.3,0.9,0,0
586.4,0.9,0,0
586.5,0.9,0,0
586.6,0.9,0,0
586.7,0.9,0,0
586.8,0.9,0,0
586.9,0.9,0,0
587,0.9,0,0
587.1,0.9,0,0
587.2,0.9,0,0
587.3,0.9,0,0
587.4,0.9,0,0
587.5,0.9,0,0
587.6,0.9,0,0
587.7,0.9,0,0
587.9,0.9,0,0
588,0.9,0,0
588.1,0.9,0,0
588.2,0.9,0,0
588.3,0.9,0,0
588.4,0.9,0,0
588.5,0.9,0,0
588.6,0.9,0,0
588.7,0.9,0,0
588.8,0.9,0,0
588.9,0.9,0,0
589,0.9,0,0
589.1,0.9,0,0
589.2,0.9,0,0
589.3,0.9,0,0
589.4,0.9,0,0
589.6,0.9,0,0
589.7,0.9,0,0
589.8,0.9,0,0
589.9,0.9,0,0
590,0.9,0,0
590.1,0.9,0,0
590.2,0.9,0,0
590.3,0.9,0,0
590.4,0.9,0,0
590.5,0.9,0,0
590.6,0.9,0,0
590.7,0.9,0,0
590.8,0.9,0,0
590.9,0.9,0,0
591,0.9,0,0
591.1,0.9,0,0
591.3,0.9,0,0
591.4,0.9,0,0
591.5,0.9,0,0
591.6,0.9,0,0
591.7,0.9,0,0
591.8,0.9,0,0
591.9,0.9,0,0
592,0.9,0,0
592.1,0.9,0,0
592.2,0.9,0,0
592.3,0.9,0,0
592.4,0.9,0,0
592.5,0.9,0,0
592.6,0.9,0,0
592.7,0.9,0,0
592.8,0.9,0,0
592.9,0.9,0,0
593.1,0.9,0,0
593.2,0.9,0,0
593.3,0.9,0,0
593.4,0.9,0,0
593.5,0.9,0,0
593.6,0.9,0,0
593.7,0.9,0,0
593.8,0.9,0,0
593.9,0.9,0,0
594,0.9,0,0
594.1,0.9,0,0
594.2,0.9,0,0
594.3,0.9,0,0
594.4,0.9,0,0
594.5,0.9,0,0
594.6,0.9,0,0
594.8,0.9,0,0
594.9,0.9,0,0
595,0.9,0,0
595.1,0.9,0,0
595.2,0.9,0,0
595.3,0.9,0,0
595.4,0.9,0,0
595.5,0.9,0,0
595.6,0.9,0,0
595.7,0.9,0,0
595.8,0.9,0,0
595.9,0.9,0,0
596,0.9,0,0
596.1,0.9,0,0
596.2,0.9,0,0
596.3,0.9,0,0
596.4,0.9,0,0
596.6,0.9,0,0
596.7,0.9,0,0
596.8,0.9,0,0
596.9,0.9,0,0
597,0.9,0,0
597.1,0.9,0,0
597.2,0.9,0,0
597.3,0.9,0,0
597.4,0.9,0,0
597.5,0.9,0,0
597.6,0.9,0,0
597.7,0.9,0,0
597.8,0.9,0,0
597.9,0.9,0,0
598,0.9,0,0
598.1,0.9,0,0
598.3,0.9,0,0
598.4,0.9,0,0
598.5,0.9,0,0
598.6,0.9,0,0
598.7,0.9,0,0
598.8,0.9,0,0
598.9,0.9,0,0
599,0.9,0,0
599.1,0.9,0,0
599.2,0.9,0,0
599.3,0.9,0,0
599.4,0.9,0,0
599.5,0.9,0,0
599.6,0.9,0,0
599.7,0.9,0,0
599.8,0.9,0,0
599.9,0.9,0,0
600.1,0.9,0,0
600.2,0.9,0,0
600.3,0.9,0,0
600.4,0.9,0,0
600.5,0.9,0,0
600.6,0.9,0,0
600.7,0.9,0,0
600.8,0.9,0,0
600.9,0.9,0,0
601,0.9,0,0
601.1,0.9,0,0
601.2,0.9,0,0
601.3,0.9,0,0
601.4,0.9,0,0
601.5,0.9,0,0
601.6,0.9,0,0
601.8,0.9,0,0
601.9,0.9,0,0
602,0.9,0,0
602.1,0.9,0,0
602.2,0.9,0,0
602.3,0.9,0,0
602.4,0.9,0,0
602.5,0.9,0,0
602.6,0.9,0,0
602.7,0.9,0,0
602.8,0.9,0,0
602.9,0.9,0,0
603,0.9,0,0
603.1,0.9,0,0
603.2,0.9,0,0
603.3,0.9,0,0
603.4,0.6,0,0
603.6,0.9,0,0
603.7,0.9,0,0
603.8,0.9,0,0
603.9,0.9,0,0
604,0.9,0,0
604.1,0.9,0,0
604.2,0.9,0,0
604.3,0.9,0,0
604.4,0.9,0,0
604.5,0.9,0,0
604.6,0.9,0,0
604.7,0.9,0,0
604.8,0.9,0,0
604.9,0.9,0,0
605,0.9,0,0
605.1,0.9,0,0
605.3,0.9,0,0
605.4,0.9,0,0
605.5,0.9,0,0
605.6,0.9,0,0
605.7,0.9,0,0
605.8,0.9,0,0
605.9,0.9,0,0
606,1.4,0,0
606.1,1.4,0,0
606.2,2.3,0,0
606.3,9.6,0,0
606.4,16.1,1,0
606.5,15,0,0
606.6,15,0,0
606.8,15,1,0
606.9,15.3,0,0
607,15,0,0
607.1,15.5,1,0
607.2,16.1,0,0
607.3,16.1,0,0
607.4,16.1,1,0
607.5,16.1,0,0
607.6,16.1,0,0
607.7,16.1,1,0
607.8,16.1,0,0
608,15.5,0,0
608.1,16.1,1,0
608.2,16.1,0,0
608.3,16.1,0,0
608.4,16.1,1,0
608.5,16.1,0,0
608.6,16.1,0,0
608.7,16.1,1,0
608.8,16.1,0,0
608.9,16.1,0,0
609,16.1,1,0
609.2,16.1,0,0
609.3,16.1,0,0
609.4,16.1,1,0
609.5,16.1,0,0
609.6,16.1,0,0
609.7,17.8,1,0
609.8,17.8,0,0
609.9,17.8,0,0
610,17.8,1,0
610.1,17.8,0,0
610.2,17.8,0,0
610.3,18.4,1,0
610.5,19.5,0,0
610.6,17.8,0,0
610.7,18.4,1,0
610.8,18.4,0,0
610.9,17.8,0,0
611,18.4,1,0
611.1,18.9,0,0
611.2,18.4,0,0
611.3,18.6,1,0
611.4,20.1,0,0
611.5,18.4,0,0
611.7,18.6,1,0
611.8,18.4,0,0
611.9,18.4,0,0
612,18.4,1,0
612.1,18.4,0,0
612.2,18.4,0,0
612.3,18.4,1,0
612.4,18.4,0,0
612.5,18.4,0,0
612.6,18.4,1,0
612.7,18.4,0,0
612.9,18.4,0,0
613,17.8,1,0
613.1,17.8,0,0
613.2,17.8,0,0
613.3,17.8,1,0
613.4,17.8,0,0
613.5,17.8,0,0
613.6,17.8,1,0
613.7,18.1,0,0
613.8,18.4,0,0
613.9,18.4,1,0
614.1,18.4,0,0
614.2,18.4,0,0
614.3,18.9,1,0
614.4,18.6,0,0
614.5,18.6,0,0
614.6,18.9,1,0
614.7,18.6,0,0
614.8,18.9,0,0
614.9,18.9,1,0
615,18.6,0,0
615.1,18.6,0,0
615.3,18.6,1,0
615.4,18.6,0,0
615.5,18.6,0,0
615.6,18.4,1,0
615.7,18.6,0,0
615.8,18.9,0,0
615.9,18.6,1,0
616,18.9,0,0
616.1,18.9,0,0
616.2,18.6,1,0
616.3,18.6,0,0
616.5,18.9,0,0
616.6,18.9,1,0
616.7,18.9,0,0
616.8,18.9,0,0
616.9,18.9,1,0
617,18.6,0,0
617.1,18.9,0,0
617.2,18.6,1,0
617.3,18.9,0,0
617.4,18.6,0,0
617.5,18.6,1,0
617.7,18.9,0,0
617.8,18.6,0,0
617.9,18.9,1,0
618,18.9,0,0
618.1,18.9,0,0
618.2,18.9,1,0
618.3,18.9,0,0
618.4,19.5,0,0
618.5,19.5,1,0
618.6,19.5,0,0
618.7,19.5,0,0
618.8,19.5,1,0
619,19.2,0,0
619.1,19.5,0,0
619.2,19.5,1,0
619.3,18.9,0,0
619.4,18.6,0,0
619.5,18.1,1,0
619.6,18.4,0,0
619.7,18.9,0,0
619.8,18.9,1,0
619.9,18.6,0,0
620,18.9,0,0
620.1,19.5,1,0
620.3,20.3,0,0
620.4,19.5,0,0
620.5,20.1,1,0
620.6,19.5,0,0
620.7,19.8,0,0
620.8,19.5,1,0
620.9,19.5,0,0
621,19.5,0,0
621.1,19.2,1,0
621.2,19.5,0,0
621.3,19.5,0,0
621.5,19.5,1,0
621.6,20.1,0,0
621.7,20.1,0,0
621.8,20.1,1,0
621.9,20.1,0,0
622,20.1,0,0
622.1,20.1,1,0
622.2,20.1,0,0
622.3,19.8,0,0
622.4,19.5,1,0
622.5,19.5,0,0
622.7,19.5,0,0
622.8,19.5,1,0
622.9,19.5,0,0
623,20.1,0,0
623.1,20.1,1,0
623.2,20.1,0,0
623.3,20.1,0,0
623.4,20.3,1,0
623.5,20.3,0,0
623.6,20.3,0,0
623.7,20.3,1,0
623.8,20.3,0,0
624,20.3,0,0
624.1,20.1,1,0
624.2,20.1,0,0
624.3,20.1,0,0
624.4,20.3,1,0
624.5,20.3,0,0
624.6,20.3,0,0
624.7,20.3,1,0
624.8,20.3,0,0
624.9,20.3,0,0
625,20.3,1,0
625.2,20.6,0,0
625.3,20.6,0,0
625.4,20.6,1,0
625.5,20.6,0,0
625.6,20.3,0,0
625.7,20.3,1,0
625.8,20.6,0,0
625.9,20.6,0,0
626,20.6,1,0
626.1,20.6,0,0
626.2,20.6,0,0
626.3,21.2,1,0
626.5,20.6,0,0
626.6,20.6,0,0
626.7,20.6,1,0
626.8,20.3,0,0
626.9,20.6,0,0
627,20.6,1,0
627.1,20.6,0,0
627.2,20.6,0,0
627.3,20.6,1,0
627.4,20.6,0,0
627.5,21.2,0,0
627.7,21.2,1,0
627.8,21.2,0,0
627.9,20.6,0,0
628,20.6,1,0
628.1,20.6,0,0
628.2,20.6,0,0
628.3,20.6,1,0
628.4,21.2,0,0
628.5,21.2,0,0
628.6,21.2,1,0
628.7,21.7,0,0
628.9,21.2,0,0
629,21.2,1,0
629.1,21.2,0,0
629.2,21.2,0,0
629.3,21.2,1,0
629.4,21.2,0,0
629.5,21.5,0,0
629.6,21.2,1,0
629.7,21.2,0,0
629.8,21.2,0,0
629.9,21.2,1,0
630.1,21.2,0,0
630.2,21.2,0,0
630.3,21.7,1,0
630.4,21.7,0,0
630.5,21.2,0,0
630.6,21.2,1,0
630.7,21.2,0,0
630.8,21.2,0,0
630.9,21.2,1,0
631,20.6,0,0
631.1,21.2,0,0
631.3,21.5,1,0
631.4,21.5,0,0
631.5,21.5,0,0
631.6,23.2,1,0
631.7,22.3,0,0
631.8,22.3,0,0
631.9,22.6,1,0
632,23.5,0,0
632.1,23.5,0,0
632.2,23.5,1,0
632.3,23.5,0,0
632.5,23.5,0,0
632.6,23.7,1,0
632.7,24.6,0,0
632.8,24.6,0,0
632.9,25.4,1,0
633,25.4,0,0
633.1,24.9,0,0
633.2,24.9,1,0
633.3,25.2,0,0
633.4,25.4,0,0
633.5,25.7,1,0
633.7,25.7,0,0
633.8,26.3,0,0
633.9,26.8,1,0
634,26.8,0,0
634.1,27.1,0,0
634.2,27.1,1,0
634.3,26.8,0,0
634.4,26.6,0,0
634.5,26.3,1,0
634.6,26.6,0,0
634.7,26.8,0,0
634.8,27.4,1,0
635,26.8,0,0
635.1,27.7,0,0
635.2,27.4,1,0
635.3,27.1,0,0
635.4,27.7,0,0
635.5,27.4,1,0
635.6,27.4,0,0
635.7,27.4,0,0
635.8,27.7,1,0
635.9,27.7,0,0
636,28,0,0
636.2,28,1,0
636.3,28.5,0,0
636.4,28.5,0,0
636.5,28.5,1,0
636.6,28,0,0
636.7,28.5,0,0
636.8,28,1,0
636.9,28,0,0
637,28,0,0
637.1,28.5,1,0
637.2,28.5,0,0
637.4,28.5,0,0
637.5,29.1,1,0
637.6,29.1,0,0
637.7,28.8,0,0
637.8,28.8,1,0
637.9,28.8,0,0
638,28.5,0,0
638.1,28.8,1,0
638.2,28.8,0,0
638.3,28.8,0,0
638.4,29.1,1,0
638.6,29.1,0,0
638.7,29.4,0,0
638.8,29.7,1,0
638.9,29.4,0,0
639,29.4,0,0
639.1,29.1,1,0
639.2,29.1,0,0
639.3,29.1,0,0
639.4,29.1,1,0
639.5,28.8,0,0
639.6,29.1,0,0
639.7,29.7,1,0
639.9,29.7,0,0
640,31.1,0,0
640.1,31.4,1,0
640.2,32.2,0,0
640.3,31.1,0,0
640.4,30.8,1,0
640.5,30.8,0,0
640.6,30.8,0,0
640.7,31.1,1,0
640.8,31.4,0,0
640.9,31.4,0,0
641.1,31.9,1,0
641.2,32.5,0,0
641.3,32.5,0,0
641.4,31.4,1,0
641.5,31.6,0,0
641.6,31.9,0,0
641.7,32.5,1,0
641.8,33.6,0,0
641.9,33.6,0,0
642,33.6,1,0
642.1,34.2,0,0
642.2,34.2,0,0
642.4,34.8,1,0
642.5,33.3,0,0
642.6,33.3,0,0
642.7,33.3,1,0
642.8,33.3,0,0
642.9,33.6,0,0
643,33.6,1,0
643.1,33.9,0,0
643.2,34.2,0,0
643.3,34.2,1,0
643.4,34.2,0,0
643.6,34.2,0,0
643.7,33.9,1,0
643.8,33.6,0,0
643.9,33.6,0,0
644,33.6,1,0
644.1,33.6,0,0
644.2,33.6,0,0
644.3,34.2,1,0
644.4,34.2,0,0
644.5,34.2,0,0
644.6,34.2,1,0
644.8,34.2,0,0
644.9,34.2,0,0
645,33.6,1,0
645.1,34.5,0,0
645.2,33.1,0,0
645.3,33.6,1,0
645.4,33.9,0,0
645.5,34.2,0,0
645.6,34.2,1,0
645.7,34.8,0,0
645.8,34.5,0,0
645.9,35.6,1,0
646.1,34.2,0,0
646.2,34.2,0,0
646.3,34.2,1,0
646.4,34.2,0,0
646.5,34.2,0,0
646.6,34.2,1,0
646.7,34.8,0,0
646.8,34.8,0,0
646.9,34.8,1,0
647,34.8,0,0
647.1,34.2,0,0
647.3,35.9,1,0
647.4,35.9,0,0
647.5,35.9,0,0
647.6,35.9,1,0
647.7,36.4,0,0
647.8,36.7,0,0
647.9,36.4,1,0
648,35.9,0,0
648.1,36.2,0,0
648.2,35.9,1,0
648.3,36.4,0,0
648.5,36.4,0,0
648.6,36.4,1,0
648.7,35.9,0,0
648.8,32.5,0,0
648.9,29.1,1,0
649,26.3,0,0
649.1,27.1,0,0
649.2,28.5,1,0
649.3,29.7,0,0
649.4,29.7,0,0
649.5,30.8,1,0
649.7,30.8,0,0
649.8,30.5,0,0
649.9,30.5,1,0
650,30.8,0,0
650.1,30.8,0,0
650.2,31.1,1,0
650.3,32.5,0,0
650.4,33.3,0,0
650.5,33.1,1,0
650.6,32.8,0,0
650.7,32.8,0,0
650.8,33.1,1,0
651,33.6,0,0
651.1,33.3,0,0
651.2,33.6,1,0
651.3,33.3,0,0
651.4,33.6,0,0
651.5,33.3,1,0
651.6,33.6,0,0
651.7,33.3,0,0
651.8,33.6,1,0
651.9,33.6,0,0
652,33.6,0,0
652.2,34.8,1,0
652.3,33.6,0,0
652.4,34.2,0,0
652.5,34.2,1,0
652.6,34.2,0,0
652.7,34.2,0,0
652.8,34.5,1,0
652.9,34.8,0,0
653,35.6,0,0
653.1,34.8,1,0
653.2,34.8,0,0
653.4,34.8,0,0
653.5,34.8,1,0
653.6,34.8,0,0
653.7,34.8,0,0
653.8,34.8,1,0
653.9,35,0,0
654,35,0,0
654.1,35,1,0
654.3,35.3,0,0
654.4,35.3,0,0
654.5,35.3,1,0
654.6,35.3,0,0
654.7,35,0,0
654.8,35.3,1,0
654.9,35.3,0,0
655,35.3,0,0
655.2,35.3,1,0
655.3,35.9,0,0
655.4,35.9,0,0
655.5,35.9,1,0
655.6,36.2,0,0
655.7,35.6,0,0
655.8,35.9,1,0
655.9,35.3,0,0
656.1,35.9,0,0
656.2,35.6,1,0
656.3,35.6,0,0
656.4,35.3,0,0
656.5,35.9,1,0
656.6,35.9,0,0
656.7,35.9,0,0
656.9,35.9,1,0
657,35.9,0,0
657.1,35.9,0,0
657.2,36.2,1,0
657.3,36.4,0,0
657.4,36.4,0,0
657.5,36.2,1,0
657.6,35.6,0,0
657.7,35.6,0,0
657.9,35.9,1,0
658,35.9,0,0
658.1,35.9,0,0
658.2,35.9,1,0
658.3,36.7,0,0
658.4,36.4,0,0
658.5,36.7,1,0
658.6,37,0,0
658.7,37,0,0
658.8,36.4,1,0
659,36.7,0,0
659.1,36.4,0,0
659.2,36.7,1,0
659.3,36.7,0,0
659.4,37,0,0
659.5,37,1,0
659.6,37.3,0,0
659.7,37,0,0
659.8,37,1,0
659.9,37,0,0
660,36.7,0,0
660.2,36.7,1,0
660.3,37,0,0
660.4,37,0,0
660.5,37,1,0
660.6,37,0,0
660.7,37,0,0
660.8,37.6,1,0
660.9,38.1,0,0
661,38.1,0,0
661.1,37.3,1,0
661.2,37.6,0,0
661.4,37.6,0,0
661.5,37.6,1,0
661.6,37.6,0,0
661.7,37.6,0,0
661.8,37.6,1,0
661.9,37.6,0,0
662,38.1,0,0
662.1,38.1,1,0
662.2,38.1,0,0
662.3,37.6,0,0
662.4,37.6,1,0
662.6,37.6,0,0
662.7,37.6,0,0
662.8,38.1,1,0
662.9,38.7,0,0
663,38.4,0,0
663.1,38.1,1,0
663.2,38.1,0,0
663.3,37.9,0,0
663.4,38.1,1,0
663.5,38.1,0,0
663.6,38.1,0,0
663.7,38.4,1,0
663.9,38.7,0,0
664,38.7,0,0
664.1,38.7,1,0
664.2,38.4,0,0
664.3,38.4,0,0
664.4,38.4,1,0
664.5,38.4,0,0
664.6,38.4,0,0
664.7,38.7,1,0
664.8,39.3,0,0
664.9,39.8,0,0
665.1,39.3,1,0
665.2,39.3,0,0
665.3,39,0,0
665.4,38.7,1,0
665.5,39,0,0
665.6,39,0,0
665.7,39.3,1,0
665.8,39.3,0,0
665.9,39.3,0,0
666,39.8,1,0
666.1,39.6,0,0
666.3,39.3,0,0
666.4,39.3,1,0
666.5,39.3,0,0
666.6,39.8,0,0
666.7,39.8,1,0
666.8,39.8,0,0
666.9,40.4,0,0
667,40.4,1,0
667.1,40.4,0,0
667.2,39.8,0,0
667.3,39.8,1,0
667.5,40.1,0,0
667.6,40.4,0,0
667.7,40.4,1,0
667.8,40.7,0,0
667.9,40.7,0,0
668,40.7,1,0
668.1,40.7,0,0
668.2,40.4,0,0
668.3,40.4,1,0
668.4,40.4,0,0
668.5,40.7,0,0
668.6,41,1,0
668.8,41,0,0
668.9,41,0,0
669,40.7,1,0
669.1,41,0,0
669.2,40.7,0,0
669.3,41,1,0
669.4,41,0,0
669.5,41,0,0
669.6,41.2,1,0
669.7,41.2,0,0
669.8,41.5,0,0
670,41.5,1,0
670.1,41.5,0,0
670.2,41.5,0,0
670.3,41.5,1,0
670.4,41.5,0,0
670.5,41.5,0,0
670.6,41.5,1,0
670.7,41.5,0,0
670.8,41.5,0,0
670.9,41.5,1,0
671,41.5,0,0
671.2,41.5,0,0
671.3,41.5,1,0
671.4,42.4,0,0
671.5,41.8,0,0
671.6,41.8,1,0
671.7,41.8,0,0
671.8,41.5,0,0
671.9,41.8,1,0
672,41.5,0,0
672.1,42.1,0,0
672.2,42.1,1,0
672.4,42.1,0,0
672.5,42.4,0,0
672.6,42.4,1,0
672.7,42.7,0,0
672.8,42.1,0,0
672.9,42.1,1,0
673,42.4,0,0
673.1,42.7,0,0
673.2,42.4,1,0
673.3,42.7,0,0
673.4,42.7,0,0
673.5,42.7,1,0
673.7,42.7,0,0
673.8,42.7,0,0
673.9,42.7,1,0
674,42.7,0,0
674.1,42.7,0,0
674.2,42.7,1,0
674.3,42.7,0,0
674.4,42.7,0,0
674.5,42.7,1,0
674.6,42.7,0,0
674.7,42.9,0,0
674.8,43.2,1,0
675,43.2,0,0
675.1,43.2,0,0
675.2,43.2,1,0
675.3,43.2,0,0
675.4,43.2,0,0
675.5,43.2,1,0
675.6,43.2,0,0
675.7,43.2,0,0
675.8,43.2,1,0
675.9,43.2,0,0
676,43.2,0,0
676.2,43.2,1,0
676.3,43.2,0,0
676.4,43.2,0,0
676.5,43.2,1,0
676.6,43.2,0,0
676.7,43.2,0,0
676.8,43.2,1,0
676.9,43.2,0,0
677,43.2,0,0
677.1,43.2,1,0
677.2,43.2,0,0
677.4,43.2,0,0
677.5,43.2,1,0
677.6,43.2,0,0
677.7,43.2,0,0
677.8,43.2,1,0
677.9,43.2,0,0
678,43.2,0,0
678.1,43.2,1,0
678.2,43.2,0,0
678.3,43.2,0,0
678.4,43.2,1,0
678.6,43.2,0,0
678.7,43.2,0,0
678.8,43.2,1,0
678.9,43.2,0,0
679,43.2,0,0
679.1,43.2,1,0
679.2,43.2,0,0
679.3,43.2,0,0
679.4,43.2,1,0
679.5,43.2,0,0
679.6,43.2,0,0
679.8,43.2,1,0
679.9,43.2,0,0
680,43.2,0,0
680.1,43.2,1,0
680.2,43.2,0,0
680.3,43.2,0,0
680.4,43.2,1,0
680.5,43.2,0,0
680.6,43.2,0,0
680.7,43.2,1,0
680.8,43.2,0,0
681,43.2,0,0
681.1,43.2,1,0
681.2,43.2,0,0
681.3,43.2,0,0
681.4,43.2,1,0
681.5,43.2,0,0
681.6,43.2,0,0
681.7,43.2,1,0
681.8,43.2,0,0
681.9,43.2,0,0
682,43.2,1,0
682.2,43.2,0,0
682.3,43.2,0,0
682.4,43.2,1,0
682.5,43.2,0,0
682.6,42.9,0,0
682.7,43.2,1,0
682.8,43.2,0,0
682.9,43.2,0,0
683,43.2,1,0
683.1,43.2,0,0
683.2,43.2,0,0
683.3,43.2,1,0
683.5,43.2,0,0
683.6,43.2,0,0
683.7,43.2,1,0
683.8,43.2,0,0
683.9,43.2,0,0
684,43.2,1,0
684.1,43.2,0,0
684.2,43.2,0,0
684.3,43.2,1,0
684.4,43.2,0,0
684.5,43.2,0,0
684.6,43.2,1,0
684.8,43.2,0,0
684.9,43.2,0,0
685,43.2,1,0
685.1,43.2,0,0
685.2,43.2,0,0
685.3,43.2,1,0
685.4,43.2,0,0
685.5,43.2,0,0
685.6,43.2,1,0
685.7,43.2,0,0
685.8,43.2,0,0
686,43.2,1,0
686.1,43.2,0,0
686.2,43.2,0,0
686.3,43.2,1,0
686.4,43.2,0,0
686.5,43.2,0,0
686.6,43.2,1,0
686.7,43.2,0,0
686.8,43.2,0,0
686.9,43.2,1,0
687,43.2,0,0
687.2,43.2,0,0
687.3,43.2,1,0
687.4,43.2,0,0
687.5,43.2,0,0
687.6,43.2,1,0
687.7,43.2,0,0
687.8,43.2,0,0
687.9,43.2,1,0
688,43.2,0,0
688.1,43.2,0,0
688.2,43.2,1,0
688.3,43.2,0,0
688.5,43.2,0,0
688.6,43.2,1,0
688.7,40.1,0,0
688.8,30.2,0,0
688.9,26.3,1,0
689,23.5,0,0
689.1,22,0,0
689.2,18.9,1,0
689.3,18.6,0,0
689.4,18.4,0,0
689.5,18.6,1,0
689.7,18.9,0,0
689.8,18.6,0,0
689.9,16.9,1,0
690,15.3,0,0
690.1,8.8,0,0
690.2,6.2,0,0
690.3,5.4,0,0
690.4,5.4,0,0
690.5,5.1,0,0
690.6,5.1,0,0
690.7,5.1,0,0
690.8,5.1,0,0
690.9,4.8,0,0
691,4.8,0,0
691.2,4.8,0,0
691.3,5.4,0,0
691.4,5.4,0,0
691.5,5.4,0,0
691.6,4.8,0,0
691.7,4.8,0,0
691.8,4.8,0,0
691.9,4.8,0,0
692,4.8,0,0
692.1,4.8,0,0
692.2,4.8,0,0
692.3,4.8,0,0
692.4,4.8,0,0
692.5,4.8,0,0
692.6,4.8,0,0
692.7,4.8,0,0
692.9,4.8,0,0
693,4.8,0,0
693.1,4.8,0,0
693.2,4.8,0,0
693.3,4.8,0,0
693.4,4.8,0,0
693.5,4.8,0,0
693.6,4.8,0,0
693.7,4.8,0,0
693.8,4.8,0,0
693.9,4.8,0,0
694,4.8,0,0
694.1,4.8,0,0
694.2,4.8,0,0
694.3,4.8,0,0
694.4,4.8,0,0
694.6,4.8,0,0
694.7,4.8,0,0
694.8,4.8,0,0
694.9,4.5,0,0
695,4.5,0,0
695.1,4.5,0,0
695.2,4.8,0,0
695.3,4.5,0,0
695.4,4.5,0,0
695.5,4.5,0,0
695.6,4.5,0,0
695.7,6.5,0,0
695.8,2,0,0
695.9,1.1,0,0
696,1.1,0,0
696.1,1.1,0,0
696.2,1.1,0,0
696.4,1.4,0,0
696.5,1.1,0,0
696.6,1.1,0,0
696.7,1.1,0,0
696.8,1.1,0,0
696.9,1.1,0,0
697,1.4,0,0
697.1,1.1,0,0
697.2,1.1,0,0
697.3,1.1,0,0
697.4,1.1,0,0
697.5,1.1,0,0
697.6,1.1,0,0
697.7,1.1,0,0
697.8,1.1,0,0
697.9,1.1,0,0
698.1,1.1,0,0
698.2,1.4,0,0
698.3,1.4,0,0
698.4,1.4,0,0
698.5,1.1,0,0
698.6,1.1,0,0
698.7,1.4,0,0
698.8,1.4,0,0
698.9,1.1,0,0
699,1.1,0,0
699.1,1.1,0,0
699.2,1.1,0,0
699.3,1.4,0,0
699.4,1.4,0,0
699.5,1.4,0,0
699.6,1.4,0,0
699.8,1.4,0,0
699.9,1.4,0,0
700,1.4,0,0
700.1,1.4,0,0
700.2,1.1,0,0
700.3,1.4,0,0
700.4,1.4,0,0
700.5,1.1,0,0
700.6,1.1,0,0
700.7,1.1,0,0
700.8,1.4,0,0
700.9,1.1,0,0
701,1.1,0,0
701.1,1.1,0,0
701.2,1.4,0,0
701.3,1.4,0,0
701.5,1.1,0,0
701.6,1.1,0,0
701.7,1.4,0,0
701.8,1.4,0,0
701.9,1.4,0,0
702,1.1,0,0
702.1,1.1,0,0
702.2,1.1,0,0
702.3,1.1,0,0
702.4,1.1,0,0
702.5,1.1,0,0
702.6,1.4,0,0
702.7,1.4,0,0
702.8,1.4,0,0
702.9,1.4,0,0
703,1.1,0,0
703.2,1.1,0,0
703.3,1.1,0,0
703.4,1.1,0,0
703.5,1.1,0,0
703.6,1.4,0,0
703.7,1.4,0,0
703.8,1.4,0,0
703.9,1.4,0,0
704,1.4,0,0
704.1,1.4,0,0
704.2,1.4,0,0
704.3,1.4,0,0
704.4,1.4,0,0
704.5,1.4,0,0
704.6,0.9,0,0
704.7,1.4,0,0
704.9,1.1,0,0
705,1.4,0,0
705.1,1.4,0,0
705.2,1.4,0,0
705.3,1.1,0,0
705.4,1.4,0,0
705.5,1.4,0,0
705.6,1.4,0,0
705.7,1.4,0,0
705.8,1.4,0,0
705.9,1.4,0,0
706,1.4,0,0
706.1,1.4,0,0
706.2,1.4,0,0
706.3,1.4,0,0
706.4,1.1,0,0
706.6,1.4,0,0
706.7,1.1,0,0
706.8,1.4,0,0
706.9,1.1,0,0
707,1.4,0,0
707.1,1.4,0,0
707.2,1.1,0,0
707.3,1.1,0,0
707.4,1.1,0,0
707.5,1.1,0,0
707.6,1.1,0,0
707.7,1.1,0,0
707.8,1.1,0,0
707.9,1.4,0,0
708,1.4,0,0
708.2,1.4,0,0
708.3,1.4,0,0
708.4,1.4,0,0
708.5,1.4,0,0
708.6,1.4,0,0
708.7,1.4,0,0
708.8,1.4,0,0
708.9,1.4,0,0
709,1.4,0,0
709.1,1.4,0,0
709.2,1.4,0,0
709.3,1.4,0,0
709.4,1.4,0,0
709.5,1.1,0,0
709.6,1.1,0,0
709.7,1.1,0,0
709.8,1.1,0,0
710,1.4,0,0
710.1,1.1,0,0
710.2,1.1,0,0
710.3,1.4,0,0
710.4,1.4,0,0
710.5,1.4,0,0
710.6,1.4,0,0
710.7,1.4,0,0
710.8,1.4,0,0
710.9,1.4,0,0
711,1.4,0,0
711.1,1.4,0,0
711.2,1.4,0,0
711.3,1.4,0,0
711.4,1.4,0,0
711.5,1.4,0,0
711.7,1.1,0,0
711.8,1.4,0,0
711.9,1.4,0,0
712,1.1,0,0
712.1,1.1,0,0
712.2,1.4,0,0
712.3,1.4,0,0
712.4,1.4,0,0
712.5,1.4,0,0
712.6,1.4,0,0
712.7,1.1,0,0
712.8,1.4,0,0
712.9,1.4,0,0
713,1.4,0,0
713.1,1.4,0,0
713.2,1.4,0,0
713.4,1.4,0,0
713.5,1.4,0,0
713.6,1.4,0,0
713.7,1.4,0,0
713.8,1.4,0,0
713.9,1.4,0,0
714,1.4,0,0
714.1,1.4,0,0
714.2,1.4,0,0
714.3,1.4,0,0
714.4,1.4,0,0
714.5,1.4,0,0
714.6,1.4,0,0
714.7,1.4,0,0
714.8,1.4,0,0
714.9,1.4,0,0
715.1,1.4,0,0
715.2,1.4,0,0
715.3,1.1,0,0
715.4,1.4,0,0
715.5,1.4,0,0
715.6,1.4,0,0
715.7,1.4,0,0
715.8,1.4,0,0
715.9,1.4,0,0
716,1.4,0,0
716.1,1.4,0,0
716.2,1.4,0,0
716.3,1.4,0,0
716.4,1.4,0,0
716.5,1.4,0,0
716.6,1.4,0,0
716.8,1.4,0,0
716.9,1.4,0,0
717,1.1,0,0
717.1,1.4,0,0
717.2,1.4,0,0
717.3,1.4,0,0
717.4,1.4,0,0
717.5,1.4,0,0
717.6,1.4,0,0
717.7,1.4,0,0
717.8,1.4,0,0
717.9,1.4,0,0
718,1.4,0,0
718.1,0.9,0,0
718.2,0.9,0,0
718.3,0.9,0,0
718.4,0.9,0,0
718.6,0.9,0,0
718.7,0.9,0,0
718.8,0.9,0,0
718.9,0.9,0,0
719,0.9,0,0
719.1,0.9,0,0
719.2,0.9,0,0
719.3,0.9,0,0
719.4,0.9,0,0
719.5,0.9,0,0
719.6,0.9,0,0
719.7,0.9,0,0
719.8,0.9,0,0
719.9,0.9,0,0
720,0.9,0,0
720.2,1.1,0,0
720.3,0.9,0,0
720.4,0.9,0,0
720.5,0.9,0,0
720.6,0.9,0,0
720.7,0.9,0,0
720.8,0.9,0,0
720.9,0.9,0,0
721,0.9,0,0
721.1,0.9,0,0
721.2,0.9,0,0
721.3,0.9,0,0
721.4,0.9,0,0
721.5,0.9,0,0
721.6,0.9,0,0
721.8,0.9,0,0
721.9,0.9,0,0
722,0.9,0,0
722.1,0.9,0,0
722.2,0.9,0,0
722.3,0.9,0,0
722.4,0.9,0,0
722.5,0.9,0,0
722.6,0.9,0,0
722.7,0.9,0,0
722.8,0.9,0,0
722.9,1.1,0,0
723,0.9,0,0
723.1,0.9,0,0
723.2,0.9,0,0
723.4,0.9,0,0
723.5,0.9,0,0
723.6,0.9,0,0
723.7,0.9,0,0
723.8,0.9,0,0
723.9,0.9,0,0
724,0.9,0,0
724.1,0.9,0,0
724.2,0.9,0,0
724.3,0.9,0,0
724.4,0.9,0,0
724.5,0.9,0,0
724.6,0.9,0,0
724.7,0.9,0,0
724.8,0.9,0,0
724.9,0.9,0,0
725.1,0.9,0,0
725.2,0.9,0,0
725.3,0.9,0,0
725.4,0.9,0,0
725.5,0.9,0,0
725.6,0.9,0,0
725.7,0.9,0,0
725.8,0.9,0,0
725.9,0.9,0,0
726,0.9,0,0
726.1,0.9,0,0
726.2,0.9,0,0
726.3,0.9,0,0
726.4,0.9,0,0
726.5,0.9,0,0
726.6,0.9,0,0
726.8,0.9,0,0
726.9,0.9,0,0
727,0.9,0,0
727.1,0.9,0,0
727.2,0.9,0,0
727.3,0.9,0,0
727.4,0.9,0,0
727.5,0.9,0,0
727.6,0.9,0,0
727.7,0.9,0,0
727.8,0.9,0,0
727.9,0.9,0,0
728,0.9,0,0
728.1,0.9,0,0
728.2,0.9,0,0
728.3,0.9,0,0
728.5,1.1,0,0
728.6,0.9,0,0
728.7,0.9,0,0
728.8,0.9,0,0
728.9,0.9,0,0
729,0.9,0,0
729.1,0.9,0,0
729.2,0.9,0,0
729.3,0.9,0,0
729.4,0.9,0,0
729.5,0.9,0,0
729.6,0.9,0,0
729.7,0.9,0,0
729.8,0.9,0,0
729.9,0.9,0,0
730,0.9,0,0
730.2,0.9,0,0
730.3,0.9,0,0
730.4,0.9,0,0
730.5,0.9,0,0
730.6,0.9,0,0
730.7,0.9,0,0
730.8,0.9,0,0
730.9,0.9,0,0
731,0.9,0,0
731.1,0.9,0,0
731.2,0.9,0,0
731.3,0.9,0,0
731.4,0.9,0,0
731.5,0.9,0,0
731.6,0.9,0,0
731.7,0.9,0,0
731.9,0.9,0,0
732,0.9,0,0
732.1,0.9,0,0
732.2,0.9,0,0
732.3,0.9,0,0
732.4,0.9,0,0
732.5,0.9,0,0
732.6,0.9,0,0
732.7,0.9,0,0
732.8,0.9,0,0
732.9,0.9,0,0
733,0.9,0,0
733.1,0.9,0,0
733.2,0.9,0,0
733.3,0.9,0,0
733.4,0.9,0,0
733.5,0.9,0,0
733.7,0.9,0,0
733.8,0.9,0,0
733.9,0.9,0,0
734,1.1,0,0
734.1,0.9,0,0
734.2,0.9,0,0
734.3,0.9,0,0
734.4,0.9,0,0
734.5,0.9,0,0
734.6,0.9,0,0
734.7,0.9,0,0
734.8,0.9,0,0
734.9,0.9,0,0
735,0.9,0,0
735.1,0.9,0,0
735.2,0.9,0,0
735.3,0.9,0,0
735.5,0.9,0,0
735.6,0.9,0,0
735.7,0.9,0,0
735.8,0.9,0,0
735.9,0.9,0,0
736,0.9,0,0
736.1,0.9,0,0
736.2,0.9,0,0
736.3,0.9,0,0
736.4,0.9,0,0
736.5,0.9,0,0
736.6,0.9,0,0
736.7,1.4,0,0
736.8,0.9,0,0
736.9,0.9,0,0
737,0.9,0,0
737.2,0.9,0,0
737.3,0.9,0,0
737.4,0.9,0,0
737.5,0.9,0,0
737.6,0.9,0,0
737.7,0.9,0,0
737.8,0.9,0,0
737.9,0.9,0,0
738,0.9,0,0
738.1,0.9,0,0
738.2,0.9,0,0
738.3,0.9,0,0
738.4,0.9,0,0
738.5,0.9,0,0
738.6,0.9,0,0
738.8,0.9,0,0
738.9,0.9,0,0
739,0.9,0,0
739.1,0.9,0,0
739.2,0.9,0,0
739.3,0.9,0,0
739.4,0.9,0,0
739.5,1.1,0,0
739.6,0.9,0,0
739.7,0.9,0,0
739.8,0.9,0,0
739.9,0.9,0,0
740,0.9,0,0
740.1,0.9,0,0
740.2,0.9,0,0
740.3,0.9,0,0
740.5,0.9,0,0
740.6,0.9,0,0
740.7,0.9,0,0
740.8,0.9,0,0
740.9,0.9,0,0
741,0.9,0,0
741.1,0.9,0,0
741.2,0.9,0,0
741.3,0.9,0,0
741.4,0.9,0,0
741.5,0.9,0,0
741.6,0.9,0,0
741.7,0.9,0,0
741.8,0.9,0,0
741.9,0.9,0,0
742,0.9,0,0
742.2,0.9,0,0
742.3,1.1,0,0
742.4,0.9,0,0
742.5,0.9,0,0
742.6,0.9,0,0
742.7,0.9,0,0
742.8,0.9,0,0
742.9,0.9,0,0
743,0.9,0,0
743.1,0.9,0,0
743.2,0.9,0,0
743.3,0.9,0,0
743.4,0.9,0,0
743.5,0.9,0,0
743.6,0.9,0,0
743.7,0.9,0,0
743.9,0.9,0,0
744,0.9,0,0
744.1,0.9,0,0
744.2,0.9,0,0
744.3,0.9,0,0
744.4,0.9,0,0
744.5,0.9,0,0
744.6,0.9,0,0
744.7,0.9,0,0
744.8,0.9,0,0
744.9,0.9,0,0
745,1.4,0,0
745.1,0.9,0,0
745.2,0.9,0,0
745.3,0.9,0,0
745.5,0.9,0,0
745.6,0.9,0,0
745.7,0.9,0,0
745.8,0.9,0,0
745.9,0.9,0,0
746,0.9,0,0
746.1,0.9,0,0
746.2,0.9,0,0
746.3,0.9,0,0
746.4,0.9,0,0
746.5,1.1,0,0
746.6,0.9,0,0
746.7,0.9,0,0
746.8,0.9,0,0
746.9,0.9,0,0
747,0.9,0,0
747.2,0.9,0,0
747.3,0.9,0,0
747.4,0.9,0,0
747.5,0.9,0,0
747.6,1.1,0,0
747.7,0.9,0,0
747.8,1.4,0,0
747.9,0.9,0,0
748,0.9,0,0
748.1,0.9,0,0
748.2,0.9,0,0
748.3,0.9,0,0
748.4,0.9,0,0
748.5,0.9,0,0
748.6,0.9,0,0
748.8,0.9,0,0
748.9,0.9,0,0
749,0.9,0,0
749.1,0.9,0,0
749.2,0.9,0,0
749.3,0.9,0,0
749.4,0.9,0,0
749.5,0.9,0,0
749.6,0.9,0,0
749.7,0.9,0,0
749.8,0.9,0,0
749.9,0.9,0,0
750,0.9,0,0
750.1,0.9,0,0
750.2,0.9,0,0
750.3,0.9,0,0
750.4,0.9,0,0
750.6,1.4,0,0
750.7,0.9,0,0
750.8,0.9,0,0
750.9,0.9,0,0
751,0.9,0,0
751.1,0.9,0,0
751.2,0.9,0,0
751.3,0.9,0,0
751.4,0.9,0,0
751.5,0.9,0,0
751.6,0.9,0,0
751.7,0.9,0,0
751.8,0.9,0,0
751.9,0.9,0,0
752,0.9,0,0
752.1,1.1,0,0
752.2,0.9,0,0
752.4,0.9,0,0
752.5,0.9,0,0
752.6,0.9,0,0
752.7,0.9,0,0
752.8,0.9,0,0
752.9,0.9,0,0
753,0.9,0,0
753.1,0.9,0,0
753.2,0.9,0,0
753.3,1.1,0,0
753.4,0.9,0,0
753.5,1.1,0,0
753.6,0.9,0,0
753.7,0.9,0,0
753.8,0.9,0,0
753.9,0.9,0,0
754.1,0.9,0,0
754.2,0.9,0,0
754.3,0.9,0,0
754.4,0.9,0,0
754.5,0.9,0,0
754.6,0.9,0,0
754.7,0.9,0,0
754.8,0.9,0,0
754.9,0.9,0,0
755,1.1,0,0
755.1,1.1,0,0
755.2,0.9,0,0
755.3,0.9,0,0
755.4,1.1,0,0
755.5,0.9,0,0
755.6,1.1,0,0
755.8,1.1,0,0
755.9,0.9,0,0
756,0.9,0,0
756.1,0.9,0,0
756.2,1.1,0,0
756.3,0.9,0,0
756.4,0.9,0,0
756.5,0.9,0,0
756.6,0.9,0,0
756.7,0.9,0,0
756.8,0.9,0,0
756.9,0.9,0,0
757,0.9,0,0
757.1,0.9,0,0
757.2,0.9,0,0
757.3,0.9,0,0
757.4,0.9,0,0
757.6,0.9,0,0
757.7,0.9,0,0
757.8,1.1,0,0
757.9,0.9,0,0
758,1.1,0,0
758.1,0.9,0,0
758.2,1.1,0,0
758.3,0.9,0,0
758.4,0.9,0,0
758.5,1.1,0,0
758.6,1.1,0,0
758.7,0.9,0,0
758.8,0.9,0,0
758.9,0.9,0,0
759,0.9,0,0
759.1,1.1,0,0
759.3,1.1,0,0
759.4,1.1,0,0
759.5,1.1,0,0
759.6,0.9,0,0
759.7,0.9,0,0
759.8,0.9,0,0
759.9,0.9,0,0
760,0.9,0,0
760.1,0.9,0,0
760.2,0.9,0,0
760.3,0.9,0,0
760.4,1.1,0,0
760.5,1.1,0,0
760.6,0.9,0,0
760.7,0.9,0,0
760.8,0.9,0,0
761,0.9,0,0
761.1,1.1,0,0
761.2,1.1,0,0
761.3,1.1,0,0
761.4,0.9,0,0
761.5,1.1,0,0
761.6,0.9,0,0
761.7,1.1,0,0
761.8,0.9,0,0
761.9,0.9,0,0
762,1.1,0,0
762.1,1.1,0,0
762.2,1.1,0,0
762.3,1.1,0,0
762.4,1.1,0,0
762.5,1.1,0,0
762.6,1.1,0,0
762.8,1.1,0,0
762.9,1.1,0,0
763,1.1,0,0
763.1,1.1,0,0
763.2,1.1,0,0
763.3,1.1,0,0
763.4,1.1,0,0
763.5,1.1,0,0
763.6,1.1,0,0
763.7,1.1,0,0
763.8,1.1,0,0
763.9,1.1,0,0
764,1.1,0,0
764.1,1.1,0,0
764.2,1.1,0,0
764.3,1.1,0,0
764.5,1.4,0,0
764.6,1.1,0,0
764.7,1.1,0,0
764.8,1.1,0,0
764.9,1.1,0,0
765,1.1,0,0
765.1,1.1,0,0
765.2,1.1,0,0
765.3,1.1,0,0
765.4,1.1,0,0
765.5,1.1,0,0
765.6,1.1,0,0
765.7,1.1,0,0
765.8,1.1,0,0
765.9,1.1,0,0
766,1.1,0,0
766.2,1.1,0,0
766.3,1.1,0,0
766.4,1.1,0,0
766.5,1.1,0,0
766.6,1.1,0,0
766.7,1.1,0,0
766.8,1.1,0,0
766.9,1.1,0,0
767,1.1,0,0
767.1,1.1,0,0
767.2,1.4,0,0
767.3,1.1,0,0
767.4,1.1,0,0
767.5,1.1,0,0
767.6,1.1,0,0
767.7,1.1,0,0
767.9,1.1,0,0
768,1.1,0,0
768.1,1.1,0,0
768.2,1.1,0,0
768.3,1.1,0,0
768.4,1.1,0,0
768.5,1.1,0,0
768.6,1.1,0,0
768.7,1.1,0,0
768.8,1.1,0,0
768.9,1.1,0,0
769,1.1,0,0
769.1,1.1,0,0
769.2,1.1,0,0
769.3,0.9,0,0
769.4,1.1,0,0
769.6,1.1,0,0
769.7,1.4,0,0
769.8,1.1,0,0
769.9,1.1,0,0
770,1.4,0,0
770.1,1.1,0,0
770.2,1.1,0,0
770.3,1.1,0,0
770.4,1.1,0,0
770.5,1.1,0,0
770.6,1.4,0,0
770.7,1.1,0,0
770.8,1.1,0,0
770.9,1.1,0,0
771,1.1,0,0
771.1,1.1,0,0
771.3,1.4,0,0
771.4,1.4,0,0
771.5,1.1,0,0
771.6,1.1,0,0
771.7,1.1,0,0
771.8,1.1,0,0
771.9,1.1,0,0
772,1.1,0,0
772.1,1.1,0,0
772.2,1.1,0,0
772.3,1.1,0,0
772.4,1.1,0,0
772.5,1.1,0,0
772.6,1.1,0,0
772.7,1.4,0,0
772.8,1.1,0,0
773,1.1,0,0
773.1,1.1,0,0
773.2,1.1,0,0
773.3,1.1,0,0
773.4,1.1,0,0
773.5,1.1,0,0
773.6,1.4,0,0
773.7,1.4,0,0
773.8,1.4,0,0
773.9,1.1,0,0
774,1.4,0,0
774.1,1.4,0,0
774.2,1.1,0,0
774.3,1.1,0,0
774.4,1.1,0,0
774.5,1.4,0,0
774.7,1.4,0,0
774.8,1.4,0,0
774.9,1.1,0,0
775,1.1,0,0
775.1,1.1,0,0
775.2,1.1,0,0
775.3,1.1,0,0
775.4,1.1,0,0
775.5,1.4,0,0
775.6,1.1,0,0
775.7,1.4,0,0
775.8,1.4,0,0
775.9,1.4,0,0
776,1.1,0,0
776.1,1.1,0,0
776.2,1.4,0,0
776.4,1.1,0,0
776.5,1.1,0,0
776.6,1.1,0,0
776.7,1.1,0,0
776.8,1.1,0,0
776.9,1.4,0,0
777,1.1,0,0
777.1,1.1,0,0
777.2,1.1,0,0
777.3,1.1,0,0
777.4,1.1,0,0
777.5,1.4,0,0
777.6,1.1,0,0
777.7,1.1,0,0
777.8,1.4,0,0
778,1.4,0,0
778.1,1.1,0,0
778.2,1.1,0,0
778.3,1.4,0,0
778.4,1.4,0,0
778.5,1.4,0,0
778.6,1.4,0,0
778.7,1.4,0,0
778.8,1.1,0,0
778.9,1.1,0,0
779,1.4,0,0
779.1,1.1,0,0
779.2,1.4,0,0
779.3,1.1,0,0
779.4,1.4,0,0
779.5,1.4,0,0
779.6,1.4,0,0
779.8,1.4,0,0
779.9,1.4,0,0
780,1.4,0,0
780.1,1.4,0,0
780.2,1.4,0,0
780.3,1.4,0,0
780.4,1.4,0,0
780.5,1.4,0,0
780.6,1.4,0,0
780.7,1.4,0,0
780.8,1.4,0,0
780.9,1.4,0,0
781,1.4,0,0
781.1,1.4,0,0
781.2,1.4,0,0
781.3,1.4,0,0
781.5,1.1,0,0
781.6,1.4,0,0
781.7,1.4,0,0
781.8,1.4,0,0
781.9,1.4,0,0
782,1.4,0,0
782.1,1.4,0,0
782.2,1.4,0,0
782.3,1.4,0,0
782.4,1.4,0,0
782.5,1.4,0,0
782.6,1.4,0,0
782.7,1.4,0,0
782.8,1.4,0,0
782.9,1.4,0,0
783,1.4,0,0
783.2,1.4,0,0
783.3,1.4,0,0
783.4,1.4,0,0
783.5,1.4,0,0
783.6,1.4,0,0
783.7,1.4,0,0
783.8,2,0,0
783.9,2,0,0
784,2,0,0
784.1,2,0,0
784.2,2,0,0
784.3,2,0,0
784.4,2,0,0
784.5,1.7,0,0
784.6,1.4,0,0
784.7,1.4,0,0
784.9,1.4,0,0
785,1.4,0,0
785.1,1.4,0,0
785.2,1.4,0,0
785.3,1.4,0,0
785.4,1.4,0,0
785.5,1.4,0,0
785.6,1.4,0,0
785.7,1.4,0,0
785.8,1.4,0,0
785.9,1.4,0,0
786,1.4,0,0
786.1,1.4,0,0
786.2,1.7,0,0
786.3,1.4,0,0
786.4,1.4,0,0
786.5,2,0,0
786.7,1.7,0,0
786.8,1.7,0,0
786.9,1.7,0,0
787,1.4,0,0
787.1,1.4,0,0
787.2,1.4,0,0
787.3,1.4,0,0
787.4,1.4,0,0
787.5,1.4,0,0
787.6,1.4,0,0
787.7,1.4,0,0
787.8,1.4,0,0
787.9,1.4,0,0
788,1.4,0,0
788.1,1.4,0,0
788.2,1.4,0,0
788.4,1.4,0,0
788.5,1.4,0,0
788.6,1.4,0,0
788.7,1.4,0,0
788.8,1.4,0,0
788.9,1.4,0,0
789,1.4,0,0
789.1,1.4,0,0
789.2,1.4,0,0
789.3,1.7,0,0
789.4,1.4,0,0
789.5,1.4,0,0
789.6,1.4,0,0
789.7,1.4,0,0
789.8,1.7,0,0
789.9,1.7,0,0
790.1,1.7,0,0
790.2,1.7,0,0
790.3,1.7,0,0
790.4,1.7,0,0
790.5,1.4,0,0
790.6,1.4,0,0
790.7,1.4,0,0
790.8,1.4,0,0
790.9,1.4,0,0
791,1.4,0,0
791.1,1.4,0,0
791.2,1.4,0,0
791.3,1.4,0,0
791.4,1.4,0,0
791.5,1.7,0,0
791.6,1.4,0,0
791.8,1.4,0,0
791.9,1.4,0,0
792,1.4,0,0
792.1,2,0,0
792.2,1.4,0,0
792.3,1.4,0,0
792.4,1.4,0,0
792.5,1.4,0,0
792.6,1.4,0,0
792.7,1.7,0,0
792.8,1.4,0,0
792.9,1.4,0,0
793,1.4,0,0
793.1,1.4,0,0
793.2,1.4,0,0
793.3,1.7,0,0
793.4,1.4,0,0
793.6,1.7,0,0
793.7,1.4,0,0
793.8,1.4,0,0
793.9,1.4,0,0
794,1.4,0,0
794.1,1.4,0,0
794.2,1.4,0,0
794.3,1.4,0,0
794.4,1.4,0,0
794.5,1.4,0,0
794.6,1.4,0,0
794.7,1.4,0,0
794.8,1.4,0,0
794.9,1.4,0,0
795,1.4,0,0
795.1,1.4,0,0
795.3,1.4,0,0
795.4,1.4,0,0
795.5,1.4,0,0
795.6,1.4,0,0
795.7,1.4,0,0
795.8,1.4,0,0
795.9,1.4,0,0
796,1.4,0,0
796.1,1.4,0,0
796.2,1.4,0,0
796.3,1.4,0,0
796.4,1.4,0,0
796.5,1.4,0,0
796.6,1.4,0,0
796.7,1.4,0,0
796.8,1.4,0,0
797,1.4,0,0
797.1,1.4,0,0
797.2,1.4,0,0
797.3,1.4,0,0
797.4,1.4,0,0
797.5,1.4,0,0
797.6,1.4,0,0
797.7,1.4,0,0
797.8,1.4,0,0
797.9,1.4,0,0
798,1.4,0,0
798.1,1.4,0,0
798.2,1.4,0,0
798.3,1.4,0,0
798.4,1.4,0,0
798.5,1.4,0,0
798.6,1.4,0,0
798.8,1.4,0,0
798.9,1.4,0,0
799,1.4,0,0
799.1,1.4,0,0
799.2,1.4,0,0
799.3,1.4,0,0
799.4,1.4,0,0
799.5,1.4,0,0
799.6,1.4,0,0
799.7,1.4,0,0
799.8,1.4,0,0
799.9,1.4,0,0
800,1.4,0,0
800.1,1.4,0,0
800.2,1.4,0,0
800.3,1.4,0,0
800.5,1.4,0,0
800.6,1.4,0,0
800.7,1.4,0,0
800.8,1.4,0,0
800.9,1.4,0,0
801,1.4,0,0
801.1,1.7,0,0
801.2,1.4,0,0
801.3,1.4,0,0
801.4,1.4,0,0
801.5,1.4,0,0
801.6,1.4,0,0
801.7,1.4,0,0
801.8,1.4,0,0
801.9,1.4,0,0
802,1.4,0,0
802.2,1.4,0,0
802.3,1.4,0,0
802.4,1.4,0,0
802.5,1.4,0,0
802.6,1.4,0,0
802.7,1.7,0,0
802.8,1.4,0,0
802.9,1.4,0,0
803,1.4,0,0
803.1,1.4,0,0
803.2,1.7,0,0
803.3,1.4,0,0
803.4,1.4,0,0
803.5,1.4,0,0
803.6,1.4,0,0
803.8,1.4,0,0
803.9,1.4,0,0
804,1.4,0,0
804.1,1.7,0,0
804.2,1.4,0,0
804.3,1.4,0,0
804.4,1.4,0,0
804.5,1.4,0,0
804.6,1.4,0,0
804.7,1.4,0,0
804.8,1.7,0,0
804.9,1.7,0,0
805,1.4,0,0
805.1,1.4,0,0
805.2,1.4,0,0
805.3,1.4,0,0
805.4,1.4,0,0
805.6,1.4,0,0
805.7,1.4,0,0
805.8,1.7,0,0
805.9,1.4,0,0
806,1.7,0,0
806.1,1.4,0,0
806.2,1.7,0,0
806.3,1.4,0,0
806.4,1.4,0,0
806.5,1.4,0,0
806.6,1.4,0,0
806.7,1.4,0,0
806.8,1.4,0,0
806.9,1.4,0,0
807,1.4,0,0
807.1,1.4,0,0
807.3,1.4,0,0
807.4,1.4,0,0
807.5,1.4,0,0
807.6,1.4,0,0
807.7,1.4,0,0
807.8,1.4,0,0
807.9,1.4,0,0
808,1.4,0,0
808.1,1.4,0,0
808.2,1.4,0,0
808.3,1.4,0,0
808.4,1.4,0,0
808.5,1.4,0,0
808.6,1.4,0,0
808.7,2,0,0
808.9,1.4,0,0
809,1.4,0,0
809.1,1.4,0,0
809.2,1.4,0,0
809.3,1.4,0,0
809.4,1.4,0,0
809.5,1.4,0,0
809.6,1.4,0,0
809.7,1.4,0,0
809.8,1.4,0,0
809.9,1.4,0,0
810,1.4,0,0
810.1,1.7,0,0
810.2,1.4,0,0
810.3,1.7,0,0
810.4,1.7,0,0
810.6,1.4,0,0
810.7,1.4,0,0
810.8,1.4,0,0
810.9,1.4,0,0
811,1.4,0,0
811.1,1.7,0,0
811.2,1.7,0,0
811.3,1.4,0,0
811.4,1.4,0,0
811.5,1.7,0,0
811.6,1.4,0,0
811.7,1.7,0,0
811.8,1.7,0,0
811.9,1.7,0,0
812,1.7,0,0
812.1,1.7,0,0
812.2,1.4,0,0
812.4,1.4,0,0
812.5,1.4,0,0
812.6,1.4,0,0
812.7,1.4,0,0
812.8,1.4,0,0
812.9,1.4,0,0
813,1.4,0,0
813.1,1.4,0,0
813.2,1.4,0,0
813.3,1.4,0,0
813.4,1.7,0,0
813.5,1.7,0,0
813.6,1.4,0,0
813.7,1.4,0,0
813.8,1.7,0,0
813.9,1.4,0,0
814.1,1.7,0,0
814.2,1.7,0,0
814.3,2,0,0
814.4,1.4,0,0
814.5,1.4,0,0
814.6,1.7,0,0
814.7,1.7,0,0
814.8,1.4,0,0
814.9,1.4,0,0
815,1.7,0,0
815.1,1.7,0,0
815.2,1.7,0,0
815.3,1.7,0,0
815.4,1.7,0,0
815.5,1.4,0,0
815.6,1.4,0,0
815.8,1.4,0,0
815.9,1.4,0,0
816,1.4,0,0
816.1,1.4,0,0
816.2,1.4,0,0
816.3,1.7,0,0
816.4,1.4,0,0
816.5,1.7,0,0
816.6,1.4,0,0
816.7,1.4,0,0
816.8,1.4,0,0
816.9,1.7,0,0
817,2,0,0
817.1,1.7,0,0
817.2,1.7,0,0
817.3,1.7,0,0
817.5,1.7,0,0
817.6,1.7,0,0
817.7,1.4,0,0
817.8,1.7,0,0
817.9,1.7,0,0
818,1.7,0,0
818.1,1.7,0,0
818.2,1.7,0,0
818.3,1.7,0,0
818.4,1.7,0,0
818.5,1.7,0,0
818.6,1.7,0,0
818.7,1.7,0,0
818.8,1.7,0,0
818.9,1.7,0,0
819,1.7,0,0
819.2,1.7,0,0
819.3,1.7,0,0
819.4,1.7,0,0
819.5,1.7,0,0
819.6,1.7,0,0
819.7,1.7,0,0
819.8,2,0,0
819.9,1.7,0,0
820,1.7,0,0
820.1,1.7,0,0
820.2,1.7,0,0
820.3,1.7,0,0
820.4,1.7,0,0
820.5,1.7,0,0
820.6,1.7,0,0
820.7,1.7,0,0
820.9,1.7,0,0
821,1.7,0,0
821.1,1.7,0,0
821.2,1.7,0,0
821.3,1.7,0,0
821.4,1.7,0,0
821.5,1.7,0,0
821.6,1.7,0,0
821.7,1.7,0,0
821.8,2,0,0
821.9,1.7,0,0
822,1.7,0,0
822.1,1.7,0,0
822.2,1.7,0,0
822.3,1.7,0,0
822.4,1.7,0,0
822.6,2,0,0
822.7,1.7,0,0
822.8,1.7,0,0
822.9,1.7,0,0
823,1.7,0,0
823.1,1.7,0,0
823.2,1.7,0,0
823.3,1.7,0,0
823.4,1.7,0,0
823.5,1.7,0,0
823.6,1.7,0,0
823.7,1.7,0,0
823.8,1.7,0,0
823.9,1.7,0,0
824,1.7,0,0
824.1,1.7,0,0
824.3,1.7,0,0
824.4,1.7,0,0
824.5,1.7,0,0
824.6,1.7,0,0
824.7,1.7,0,0
824.8,1.7,0,0
824.9,1.7,0,0
825,1.7,0,0
825.1,1.7,0,0
825.2,1.7,0,0
825.3,2,0,0
825.4,1.7,0,0
825.5,1.7,0,0
825.6,1.4,0,0
825.7,1.7,0,0
825.9,1.7,0,0
826,1.7,0,0
826.1,1.7,0,0
826.2,1.7,0,0
826.3,1.7,0,0
826.4,1.7,0,0
826.5,1.7,0,0
826.6,1.7,0,0
826.7,1.7,0,0
826.8,1.7,0,0
826.9,2,0,0
827,1.7,0,0
827.1,2,0,0
827.2,1.7,0,0
827.3,2,0,0
827.4,1.7,0,0
827.6,1.7,0,0
827.7,1.7,0,0
827.8,1.7,0,0
827.9,1.7,0,0
828,1.7,0,0
828.1,2,0,0
828.2,1.7,0,0
828.3,1.7,0,0
828.4,1.7,0,0
828.5,1.7,0,0
828.6,1.7,0,0
828.7,1.7,0,0
828.8,1.7,0,0
828.9,2,0,0
829,1.7,0,0
829.1,1.7,0,0
829.3,1.7,0,0
829.4,1.7,0,0
829.5,1.7,0,0
829.6,1.7,0,0
829.7,1.7,0,0
829.8,1.7,0,0
829.9,1.7,0,0
830,1.7,0,0
830.1,1.7,0,0
830.2,1.4,0,0
830.3,1.7,0,0
830.4,1.7,0,0
830.5,1.7,0,0
830.6,1.7,0,0
830.7,1.7,0,0
830.8,2,0,0
831,1.7,0,0
831.1,1.7,0,0
831.2,1.7,0,0
831.3,1.7,0,0
831.4,1.7,0,0
831.5,1.7,0,0
831.6,1.7,0,0
831.7,1.7,0,0
831.8,1.7,0,0
831.9,1.7,0,0
832,1.7,0,0
832.1,1.7,0,0
832.2,1.7,0,0
832.3,1.7,0,0
832.4,1.7,0,0
832.5,1.7,0,0
832.7,1.7,0,0
832.8,1.7,0,0
832.9,1.7,0,0
833,1.7,0,0
833.1,1.7,0,0
833.2,1.7,0,0
833.3,1.7,0,0
833.4,1.7,0,0
833.5,1.7,0,0
833.6,2,0,0
833.7,1.7,0,0
833.8,1.7,0,0
833.9,1.7,0,0
834,1.7,0,0
834.1,1.7,0,0
834.2,1.7,0,0
834.4,1.7,0,0
834.5,1.7,0,0
834.6,1.7,0,0
834.7,1.7,0,0
834.8,1.7,0,0
834.9,1.7,0,0
835,1.7,0,0
835.1,2,0,0
835.2,1.7,0,0
835.3,1.7,0,0
835.4,1.7,0,0
835.5,1.7,0,0
835.6,1.7,0,0
835.7,1.7,0,0
835.8,1.7,0,0
836,1.7,0,0
836.1,1.7,0,0
836.2,1.7,0,0
836.3,1.7,0,0
836.4,2,0,0
836.5,1.7,0,0
836.6,1.7,0,0
836.7,1.7,0,0
836.8,1.4,0,0
836.9,1.7,0,0
837,1.7,0,0
837.1,2,0,0
837.2,1.7,0,0
837.3,2,0,0
837.4,1.7,0,0
837.5,1.7,0,0
837.7,1.7,0,0
837.8,1.7,0,0
837.9,1.7,0,0
838,1.7,0,0
838.1,2,0,0
838.2,2,0,0
838.3,1.7,0,0
838.4,1.7,0,0
838.5,1.7,0,0
838.6,1.7,0,0
838.7,1.7,0,0
838.8,1.7,0,0
838.9,1.7,0,0
839,1.7,0,0
839.1,2,0,0
839.3,1.7,0,0
839.4,1.7,0,0
839.5,1.7,0,0
839.6,1.7,0,0
839.7,1.7,0,0
839.8,1.7,0,0
839.9,1.7,0,0
840,2,0,0
840.1,1.7,0,0
840.2,1.7,0,0
840.3,1.7,0,0
840.4,1.7,0,0
840.5,1.7,0,0
840.6,1.7,0,0
840.7,1.7,0,0
840.8,1.7,0,0
841,1.7,0,0
841.1,1.7,0,0
841.2,1.7,0,0
841.3,1.7,0,0
841.4,1.4,0,0
841.5,1.7,0,0
841.6,1.7,0,0
841.7,1.7,0,0
841.8,1.7,0,0
841.9,2,0,0
842,1.7,0,0
842.1,1.7,0,0
842.2,1.7,0,0
842.3,1.7,0,0
842.4,1.7,0,0
842.5,1.7,0,0
842.7,1.7,0,0
842.8,2,0,0
842.9,1.7,0,0
843,1.7,0,0
843.1,1.7,0,0
843.2,1.7,0,0
843.3,1.7,0,0
843.4,1.7,0,0
843.5,1.7,0,0
843.6,2,0,0
843.7,1.7,0,0
843.8,1.7,0,0
843.9,1.7,0,0
844,1.7,0,0
844.1,2,0,0
844.2,1.7,0,0
844.3,1.7,0,0
844.5,1.4,0,0
844.6,2,0,0
844.7,2,0,0
844.8,2,0,0
844.9,1.7,0,0
845,1.7,0,0
845.1,2,0,0
845.2,1.7,0,0
845.3,2,0,0
845.4,2,0,0
845.5,2,0,0
845.6,2,0,0
845.7,1.7,0,0
845.8,1.7,0,0
845.9,1.7,0,0
846,1.7,0,0
846.2,2,0,0
846.3,1.7,0,0
846.4,1.7,0,0
846.5,1.7,0,0
846.6,1.7,0,0
846.7,1.7,0,0
846.8,2,0,0
846.9,1.7,0,0
847,1.7,0,0
847.1,1.7,0,0
847.2,1.7,0,0
847.3,1.7,0,0
847.4,1.7,0,0
847.5,1.7,0,0
847.6,1.7,0,0
847.8,1.7,0,0
847.9,1.7,0,0
848,1.7,0,0
848.1,1.7,0,0
848.2,1.7,0,0
848.3,1.7,0,0
848.4,1.7,0,0
848.5,2,0,0
848.6,1.7,0,0
848.7,1.7,0,0
848.8,1.7,0,0
848.9,1.7,0,0
849,1.7,0,0
849.1,1.7,0,0
849.2,1.7,0,0
849.3,1.7,0,0
849.5,1.7,0,0
849.6,2,0,0
849.7,2,0,0
849.8,1.7,0,0
849.9,2,0,0
850,2,0,0
850.1,2,0,0
850.2,2,0,0
850.3,1.7,0,0
850.4,1.7,0,0
850.5,1.7,0,0
850.6,1.7,0,0
850.7,1.7,0,0
850.8,2,0,0
850.9,2,0,0
851.1,1.7,0,0
851.2,1.7,0,0
851.3,1.7,0,0
851.4,1.7,0,0
851.5,1.7,0,0
851.6,2,0,0
851.7,2,0,0
851.8,2,0,0
851.9,1.7,0,0
852,1.7,0,0
852.1,2,0,0
852.2,1.7,0,0
852.3,1.7,0,0
852.4,1.7,0,0
852.5,2,0,0
852.6,2,0,0
852.8,2,0,0
852.9,2,0,0
853,1.7,0,0
853.1,2,0,0
853.2,2,0,0
853.3,2,0,0
853.4,2,0,0
853.5,2,0,0
853.6,2,0,0
853.7,2,0,0
853.8,2,0,0
853.9,2,0,0
854,2,0,0
854.1,2,0,0
854.2,1.7,0,0
854.4,2,0,0
854.5,2,0,0
854.6,2,0,0
854.7,2,0,0
854.8,2,0,0
854.9,2,0,0
855,2,0,0
855.1,2,0,0
855.2,2,0,0
855.3,2,0,0
855.4,2,0,0
855.5,2,0,0
855.6,2,0,0
855.7,2,0,0
855.8,2,0,0
855.9,2,0,0
856.1,2,0,0
856.2,2,0,0
856.3,2,0,0
856.4,2,0,0
856.5,2,0,0
856.6,2,0,0
856.7,2,0,0
856.8,2,0,0
856.9,2,0,0
857,2,0,0
857.1,2,0,0
857.2,2,0,0
857.3,2,0,0
857.4,2,0,0
857.5,2,0,0
857.6,2,0,0
857.8,2,0,0
857.9,2,0,0
858,2,0,0
858.1,2,0,0
858.2,2,0,0
858.3,2,0,0
858.4,2,0,0
858.5,2,0,0
858.6,2,0,0
858.7,2,0,0
858.8,2,0,0
858.9,2,0,0
859,2,0,0
859.1,2,0,0
859.2,2,0,0
859.3,2,0,0
859.4,2,0,0
859.6,2,0,0
859.7,2,0,0
859.8,2,0,0
859.9,2,0,0
860,2,0,0
860.1,2,0,0
860.2,2,0,0
860.3,2,0,0
860.4,2,0,0
860.5,2,0,0
860.6,2,0,0
860.7,2,0,0
860.8,2,0,0
860.9,2,0,0
861,2,0,0
861.2,2,0,0
861.3,2,0,0
861.4,2,0,0
861.5,2,0,0
861.6,2,0,0
861.7,2,0,0
861.8,2,0,0
861.9,2,0,0
862,2,0,0
862.1,2,0,0
862.2,2,0,0
862.3,2,0,0
862.4,2,0,0
862.5,2,0,0
862.6,2,0,0
862.7,2,0,0
862.9,2,0,0
863,2,0,0
863.1,2,0,0
863.2,2,0,0
863.3,2,0,0
863.4,2,0,0
863.5,2,0,0
863.6,2,0,0
863.7,2,0,0
863.8,2,0,0
863.9,2,0,0
864,2,0,0
864.1,2,0,0
864.2,2,0,0
864.3,2,0,0
864.4,2,0,0
864.6,2,0,0
864.7,2,0,0
864.8,2,0,0
864.9,2,0,0
865,2,0,0
865.1,2,0,0
865.2,2,0,0
865.3,2,0,0
865.4,2,0,0
865.5,2,0,0
865.6,2,0,0
865.7,2,0,0
865.8,2,0,0
865.9,2,0,0
866.1,1.7,0,0
866.2,2,0,0
866.3,2,0,0
866.4,2,0,0
866.5,2,0,0
866.6,2,0,0
866.7,2,0,0
866.8,2,0,0
866.9,2,0,0
867,2,0,0
867.1,2,0,0
867.2,2,0,0
867.3,2,0,0
867.4,2,0,0
867.5,2,0,0
867.6,2,0,0
867.7,2,0,0
867.9,2,0,0
868,2,0,0
868.1,2,0,0
868.2,2,0,0
868.3,2,0,0
868.4,2,0,0
868.5,2,0,0
868.6,2,0,0
868.7,2,0,0
868.8,2,0,0
868.9,2,0,0
869,2,0,0
869.1,2,0,0
869.2,2,0,0
869.3,2,0,0
869.5,2,0,0
869.6,2,0,0
869.7,2,0,0
869.8,2,0,0
869.9,2,0,0
870,2,0,0
870.1,2,0,0
870.2,2,0,0
870.3,2,0,0
870.4,2,0,0
870.5,2,0,0
870.6,2,0,0
870.7,2,0,0
870.8,2,0,0
870.9,2,0,0
871,2,0,0
871.1,2,0,0
871.3,2,0,0
871.4,2,0,0
871.5,2,0,0
871.6,2,0,0
871.7,2,0,0
871.8,2,0,0
871.9,2,0,0
872,2,0,0
872.1,2,0,0
872.2,2,0,0
872.3,2,0,0
872.4,2,0,0
872.5,2,0,0
872.6,2,0,0
872.7,2,0,0
872.8,2,0,0
873,2,0,0
873.1,2,0,0
873.2,2,0,0
873.3,2,0,0
873.4,2,0,0
873.5,2,0,0
873.6,2,0,0
873.7,2,0,0
873.8,2,0,0
873.9,2,0,0
874,2,0,0
874.1,2,0,0
874.2,2,0,0
874.3,2,0,0
874.4,2,0,0
874.6,2,0,0
874.7,2,0,0
874.8,2,0,0
874.9,2,0,0
875,2,0,0
875.1,2,0,0
875.2,2,0,0
875.3,2,0,0
875.4,2,0,0
875.5,2,0,0
875.6,2,0,0
875.7,2,0,0
875.8,2,0,0
875.9,2,0,0
876,2,0,0
876.1,2,0,0
876.3,2,0,0
876.4,2,0,0
876.5,2,0,0
876.6,2,0,0
876.7,2,0,0
876.8,2,0,0
876.9,2,0,0
877,2,0,0
877.1,2,0,0
877.2,2,0,0
877.3,2,0,0
877.4,2,0,0
877.5,2,0,0
877.6,2,0,0
877.7,2,0,0
877.8,2,0,0
878,2.3,0,0
878.1,2,0,0
878.2,2,0,0
878.3,2,0,0
878.4,2,0,0
878.5,2,0,0
878.6,2,0,0
878.7,2,0,0
878.8,2,0,0
878.9,2,0,0
879,2,0,0
879.1,2,0,0
879.2,2,0,0
879.3,2,0,0
879.4,2,0,0
879.5,2,0,0
879.6,2,0,0
879.8,2,0,0
879.9,2,0,0
880,2,0,0
880.1,2,0,0
880.2,2,0,0
880.3,2,0,0
880.4,2,0,0
880.5,2,0,0
880.6,2,0,0
880.7,2.3,0,0
880.8,2,0,0
880.9,2,0,0
881,2,0,0
881.1,2,0,0
881.2,2,0,0
881.3,2,0,0
881.5,2,0,0
881.6,2,0,0
881.7,2,0,0
881.8,2,0,0
881.9,2,0,0
882,2,0,0
882.1,2,0,0
882.2,2,0,0
882.3,2,0,0
882.4,2,0,0
882.5,2,0,0
882.6,2,0,0
882.7,2,0,0
882.8,2,0,0
882.9,2,0,0
883.1,2,0,0
883.2,2,0,0
883.3,2,0,0
883.4,2,0,0
883.5,2,0,0
883.6,2,0,0
883.7,2,0,0
883.8,2,0,0
883.9,2,0,0
884,2,0,0
884.1,2,0,0
884.2,2,0,0
884.3,2,0,0
884.4,2,0,0
884.5,2,0,0
884.6,2,0,0
884.8,2,0,0
884.9,2,0,0
885,2,0,0
885.1,2,0,0
885.2,2,0,0
885.3,2,0,0
885.4,2,0,0
885.5,2,0,0
885.6,2,0,0
885.7,2,0,0
885.8,2,0,0
885.9,2,0,0
886,2,0,0
886.1,2,0,0
886.2,2,0,0
886.3,2,0,0
886.5,2,0,0
886.6,2,0,0
886.7,2,0,0
886.8,2,0,0
886.9,2,0,0
887,2,0,0
887.1,2,0,0
887.2,2,0,0
887.3,2,0,0
887.4,2,0,0
887.5,2,0,0
887.6,2,0,0
887.7,2,0,0
887.8,2,0,0
887.9,2,0,0
888,2,0,0
888.2,2,0,0
888.3,2,0,0
888.4,2,0,0
888.5,2,0,0
888.6,2,0,0
888.7,2,0,0
888.8,2,0,0
888.9,2,0,0
889,2,0,0
889.1,2,0,0
889.2,2,0,0
889.3,2,0,0
889.4,2,0,0
889.5,2,0,0
889.6,2,0,0
889.7,2,0,0
889.9,2,0,0
890,2,0,0
890.1,2,0,0
890.2,2,0,0
890.3,2,0,0
890.4,2,0,0
890.5,2,0,0
890.6,2,0,0
890.7,2,0,0
890.8,2,0,0
890.9,2,0,0
891,2,0,0
891.1,2,0,0
891.2,2,0,0
891.3,2,0,0
891.4,2,0,0
891.6,2,0,0
891.7,2,0,0
891.8,2.3,0,0
891.9,2,0,0
892,2,0,0
892.1,2,0,0
892.2,2,0,0
892.3,2,0,0
892.4,2,0,0
892.5,2,0,0
892.6,2,0,0
892.7,2,0,0
892.8,2,0,0
892.9,2,0,0
893,2,0,0
893.1,2,0,0
893.3,2,0,0
893.4,2,0,0
893.5,2,0,0
893.6,2,0,0
893.7,2,0,0
893.8,2,0,0
893.9,2,0,0
894,2,0,0
894.1,2,0,0
894.2,2,0,0
894.3,2,0,0
894.4,2,0,0
894.5,2,0,0
894.6,2,0,0
894.7,2,0,0
894.8,2,0,0
895,2,0,0
895.1,2,0,0
895.2,2,0,0
895.3,2,0,0
895.4,2,0,0
895.5,2,0,0
895.6,2,0,0
895.7,2,0,0
895.8,2,0,0
895.9,2,0,0
896,2,0,0
896.1,2,0,0
896.2,2,0,0
896.3,2,0,0
896.4,2,0,0
896.5,2,0,0
896.6,2,0,0
896.8,2,0,0
896.9,2,0,0
897,2,0,0
897.1,2,0,0
897.2,2,0,0
897.3,2,0,0
897.4,2,0,0
897.5,2,0,0
897.6,2,0,0
897.7,2,0,0
897.8,2,0,0
897.9,2,0,0
898,2,0,0
898.1,2,0,0
898.2,2,0,0
898.3,2,0,0
898.5,2,0,0
898.6,2,0,0
898.7,2,0,0
898.8,2,0,0
898.9,2,0,0
899,2,0,0
899.1,2,0,0
899.2,2,0,0
899.3,2,0,0
899.4,2,0,0
899.5,2,0,0
899.6,2,0,0
899.7,2,0,0
899.8,2,0,0
899.9,2,0,0
900,2,0,0
900.1,2,0,0
900.3,2,0,0
900.4,2,0,0
900.5,2,0,0
900.6,2,0,0
900.7,2,0,0
900.8,2,0,0
900.9,2,0,0
901,2,0,0
901.1,2,0,0
901.2,2,0,0
901.3,2,0,0
901.4,2,0,0
901.5,2,0,0
901.6,2,0,0
901.7,2,0,0
901.8,2,0,0
901.9,2,0,0
902.1,2,0,0
902.2,2,0,0
902.3,2,0,0
902.4,2,0,0
902.5,2,0,0
902.6,2,0,0
902.7,2,0,0
902.8,2,0,0
902.9,2,0,0
903,2,0,0
903.1,2,0,0
903.2,2,0,0
903.3,2,0,0
903.4,2,0,0
903.5,2,0,0
903.6,2,0,0
903.8,2,0,0
903.9,2,0,0
904,2,0,0
904.1,2,0,0
904.2,2,0,0
904.3,2,0,0
904.4,2,0,0
904.5,2,0,0
904.6,2,0,0
904.7,2,0,0
904.8,2,0,0
904.9,2,0,0
905,2,0,0
905.1,2,0,0
905.2,2,0,0
905.3,2,0,0
905.4,2,0,0
905.6,2,0,0
905.7,2,0,0
905.8,2,0,0
905.9,2,0,0
906,2,0,0
906.1,2,0,0
906.2,2,0,0
906.3,2,0,0
906.4,2,0,0
906.5,2,0,0
906.6,2,0,0
906.7,2,0,0
906.8,2,0,0
906.9,2,0,0
907,2,0,0
907.2,2,0,0
907.3,2,0,0
907.4,2,0,0
907.5,2,0,0
907.6,2,0,0
907.7,2,0,0
907.8,2,0,0
907.9,2,0,0
908,2,0,0
908.1,2,0,0
908.2,2,0,0
908.3,2,0,0
908.4,2,0,0
908.5,2,0,0
908.6,2,0,0
908.7,2,0,0
908.8,2,0,0
909,2,0,0
909.1,2,0,0
909.2,2,0,0
909.3,2,0,0
909.4,2,0,0
909.5,2,0,0
909.6,2,0,0
909.7,2,0,0
909.8,2,0,0
909.9,2,0,0
910,2,0,0
910.1,2,0,0
910.2,2,0,0
910.3,2,0,0
910.4,2,0,0
910.6,2,0,0
910.7,2,0,0
910.8,2,0,0
910.9,2,0,0
911,2,0,0
911.1,2,0,0
911.2,2,0,0
911.3,2,0,0
911.4,2,0,0
911.5,2,0,0
911.6,2,0,0
911.7,2,0,0
911.8,2,0,0
911.9,2,0,0
912,2,0,0
912.1,2,0,0
912.3,2,0,0
912.4,2,0,0
912.5,2,0,0
912.6,2,0,0
912.7,2,0,0
912.8,2,0,0
912.9,2,0,0
913,2,0,0
913.1,2,0,0
913.2,2,0,0
913.3,2,0,0
913.4,2,0,0
913.5,2,0,0
913.6,2,0,0
913.7,2,0,0
913.8,2,0,0
913.9,2,0,0
914.1,2,0,0
914.2,2,0,0
914.3,2,0,0
914.4,2,0,0
914.5,2,0,0
914.6,2,0,0
914.7,2,0,0
914.8,2,0,0
914.9,2,0,0
915,2,0,0
915.1,2,0,0
915.2,2,0,0
915.3,2,0,0
915.4,2,0,0
915.5,2,0,0
915.6,2,0,0
915.8,2,0,0
915.9,2,0,0
916,2,0,0
916.1,2,0,0
916.2,2,0,0
916.3,2,0,0
916.4,2,0,0
916.5,2,0,0
916.6,2,0,0
916.7,2,0,0
916.8,2,0,0
916.9,2,0,0
917,2,0,0
917.1,2,0,0
917.2,2,0,0
917.3,2,0,0
917.5,2,0,0
917.6,2,0,0
917.7,2,0,0
917.8,2,0,0
917.9,2,0,0
918,2,0,0
918.1,2,0,0
918.2,2,0,0
918.3,2,0,0
918.4,2,0,0
918.5,2,0,0
918.6,2,0,0
918.7,2,0,0
918.8,2,0,0
918.9,2,0,0
919,2,0,0
919.1,2,0,0
919.3,2,0,0
919.4,2,0,0
919.5,2,0,0
919.6,2,0,0
919.7,2,0,0
919.8,2,0,0
919.9,2,0,0
920,2,0,0
920.1,2,0,0
920.2,2,0,0
920.3,2,0,0
920.4,2,0,0
920.5,2,0,0
920.6,2,0,0
920.7,2,0,0
920.8,2,0,0
921,2,0,0
921.1,2,0,0
921.2,2,0,0
921.3,2,0,0
921.4,2,0,0
921.5,2,0,0
921.6,2,0,0
921.7,2,0,0
921.8,2,0,0
921.9,2,0,0
922,2,0,0
922.1,2,0,0
922.2,2.3,0,0
922.3,2,0,0
922.4,2,0,0
922.5,2,0,0
922.7,2,0,0
922.8,2,0,0
922.9,2,0,0
923,2,0,0
923.1,2,0,0
923.2,2,0,0
923.3,2,0,0
923.4,2,0,0
923.5,2,0,0
923.6,2,0,0
923.7,2,0,0
923.8,2,0,0
923.9,2,0,0
924,2,0,0
924.1,2,0,0
924.2,2,0,0
924.4,2,0,0
924.5,2,0,0
924.6,2,0,0
924.7,2,0,0
924.8,2,0,0
924.9,2,0,0
925,2,0,0
925.1,2,0,0
925.2,2,0,0
925.3,2,0,0
925.4,2,0,0
925.5,2,0,0
925.6,2,0,0
925.7,2,0,0
925.8,2,0,0
925.9,2,0,0
926.1,2,0,0
926.2,2,0,0
926.3,2,0,0
926.4,2,0,0
926.5,2,0,0
926.6,2,0,0
926.7,2,0,0
926.8,2.5,0,0
926.9,5.4,0,0
927,4.8,0,0
927.1,5.1,0,0
927.2,6.8,0,0
927.3,7.6,0,0
927.4,6.5,0,0
927.5,6.5,0,0
927.6,6.5,0,0
927.8,6.2,0,0
927.9,5.9,0,0
928,5.9,0,0
928.1,5.9,0,0
928.2,5.9,0,0
928.3,6.2,0,0
928.4,6.5,0,0
928.5,6.5,0,0
928.6,6.5,0,0
928.7,7.1,0,0
928.8,6.5,0,0
928.9,6.5,0,0
929,7.1,0,0
929.1,7.1,0,0
929.2,6.8,0,0
929.4,6.8,0,0
929.5,6.8,0,0
929.6,6.8,0,0
929.7,6.8,0,0
929.8,6.5,0,0
929.9,6.5,0,0
930,6.5,0,0
930.1,6.5,0,0
930.2,6.5,0,0
930.3,6.5,0,0
930.4,6.5,0,0
930.5,6.5,0,0
930.6,6.5,0,0
930.7,6.8,0,0
930.8,6.5,0,0
930.9,6.5,0,0
931,6.5,0,0
931.2,6.5,0,0
931.3,6.5,0,0
931.4,6.5,0,0
931.5,6.5,0,0
931.6,6.5,0,0
931.7,6.5,0,0
931.8,6.5,0,0
931.9,6.5,0,0
932,6.5,0,0
932.1,6.5,0,0
932.2,6.5,0,0
932.3,6.5,0,0
932.4,6.5,0,0
932.5,6.5,0,0
932.6,6.5,0,0
932.7,6.8,0,0
932.9,7.6,0,0
933,7.1,0,0
933.1,6.8,0,0
933.2,6.8,0,0
933.3,7.3,0,0
933.4,7.1,0,0
933.5,7.1,0,0
933.6,7.1,0,0
933.7,7.1,0,0
933.8,7.1,0,0
933.9,7.6,0,0
934,7.1,0,0
934.1,7.1,0,0
934.2,7.1,0,0
934.3,7.1,0,0
934.4,7.1,0,0
934.6,7.1,0,0
934.7,7.1,0,0
934.8,7.1,0,0
934.9,7.1,0,0
935,7.1,0,0
935.1,7.1,0,0
935.2,7.1,0,0
935.3,7.1,0,0
935.4,7.1,0,0
935.5,7.1,0,0
935.6,7.1,0,0
935.7,7.1,0,0
935.8,7.1,0,0
935.9,7.1,0,0
936,7.3,0,0
936.1,6.8,0,0
936.3,7.6,0,0
936.4,7.6,0,0
936.5,7.1,0,0
936.6,7.1,0,0
936.7,7.3,0,0
936.8,7.6,0,0
936.9,7.3,0,0
937,16.9,1,0
937.1,14.4,0,0
937.2,12.4,0,0
937.3,9.3,0,0
937.4,9.6,0,0
937.5,9.3,0,0
937.6,20.6,1,0
937.8,15,0,0
937.9,15.5,0,0
938,15,1,0
938.1,15,0,0
938.2,15,0,0
938.3,15,1,0
938.4,14.4,0,0
938.5,14.4,0,0
938.6,14.1,1,0
938.7,13.6,0,0
938.8,13.6,0,0
938.9,12.7,1,0
939.1,11.9,0,0
939.2,11.6,0,0
939.3,11.3,1,0
939.4,11,0,0
939.5,11,0,0
939.6,11,0,0
939.7,11,0,0
939.8,10.7,0,0
939.9,11.3,1,0
940,11,0,0
940.1,11,0,0
940.2,11,0,0
940.4,11,0,0
940.5,11,0,0
940.6,11,0,0
940.7,11,0,0
940.8,11,0,0
940.9,11,0,0
941,11,0,0
941.1,11,0,0
941.2,11,0,0
941.3,11,0,0
941.4,11,0,0
941.5,12.7,1,0
941.6,13.3,0,0
941.7,11.6,0,0
941.8,11,0,0
942,11,0,0
942.1,11,0,0
942.2,11,0,0
942.3,11,0,0
942.4,11,0,0
942.5,12.1,1,0
942.6,11.6,0,0
942.7,11.6,0,0
942.8,11.6,1,0
942.9,11.6,0,0
943,11.6,0,0
943.1,11.6,1,0
943.3,11.6,0,0
943.4,11.6,0,0
943.5,11.6,1,0
943.6,11.3,0,0
943.7,11.3,0,0
943.8,11,0,0
943.9,11,0,0
944,11,0,0
944.1,11,0,0
944.2,11.3,1,0
944.3,11.3,0,0
944.4,11,0,0
944.5,11,0,0
944.7,11,0,0
944.8,11,0,0
944.9,11,0,0
945,11,0,0
945.1,11,0,0
945.2,11,0,0
945.3,11,0,0
945.4,11,0,0
945.5,11,0,0
945.6,11,0,0
945.7,11,0,0
945.8,11,0,0
945.9,11,0,0
946,11,0,0
946.1,11,0,0
946.2,11,0,0
946.4,11,0,0
946.5,11.3,1,0
946.6,11.6,0,0
946.7,11,0,0
946.8,11,0,0
946.9,13.8,1,0
947,16.1,0,0
947.1,16.1,0,0
947.2,16.9,1,0
947.3,16.7,0,0
947.4,16.1,0,0
947.5,13,1,0
947.7,12.1,0,0
947.8,12.7,0,0
947.9,12.7,1,0
948,12.4,0,0
948.1,12.7,0,0
948.2,12.7,1,0
948.3,12.7,0,0
948.4,12.7,0,0
948.5,12.7,1,0
948.6,12.7,0,0
948.7,12.1,0,0
948.8,12.1,1,0
949,12.1,0,0
949.1,10.2,0,0
949.2,8.8,0,0
949.3,5.4,0,0
949.4,4.2,0,0
949.5,3.1,0,0
949.6,2.8,0,0
949.7,2.5,0,0
949.8,2.5,0,0
949.9,2.3,0,0
950,2,0,0
950.1,2,0,0
950.2,2,0,0
950.3,2,0,0
950.5,2,0,0
950.6,2,0,0
950.7,2.8,0,0
950.8,2.5,0,0
950.9,14.4,1,0
951,14.4,0,0
951.1,16.1,0,0
951.2,15.8,1,0
951.3,17.2,0,0
951.4,20.9,0,0
951.5,20.6,1,0
951.6,19.2,0,0
951.7,21.2,0,0
951.9,20.9,1,0
952,19.2,0,0
952.1,18.6,0,0
952.2,18.9,1,0
952.3,18.6,0,0
952.4,18.9,0,0
952.5,18.9,1,0
952.6,18.9,0,0
952.7,18.4,0,0
952.8,16.7,1,0
952.9,16.1,0,0
953.1,15.3,0,0
953.2,15.3,1,0
953.3,12.7,0,0
953.4,13.6,0,0
953.5,12.7,1,0
953.6,13.6,0,0
953.7,13.3,0,0
953.8,14.1,1,0
953.9,16.4,0,0
954,17.5,0,0
954.1,18.4,1,0
954.3,18.4,0,0
954.4,18.4,0,0
954.5,18.9,1,0
954.6,18.4,0,0
954.7,18.4,0,0
954.8,18.4,1,0
954.9,18.4,0,0
955,18.4,0,0
955.1,19.2,1,0
955.2,20.9,0,0
955.3,19.2,0,0
955.4,19.5,1,0
955.6,18.9,0,0
955.7,18.9,0,0
955.8,18.4,1,0
955.9,18.9,0,0
956,18.6,0,0
956.1,18.4,1,0
956.2,18.4,0,0
956.3,18.4,0,0
956.4,18.4,1,0
956.5,18.4,0,0
956.6,18.4,0,0
956.8,19.2,1,0
956.9,18.9,0,0
957,19.2,0,0
957.1,18.9,1,0
957.2,19.2,0,0
957.3,19.5,0,0
957.4,18.9,1,0
957.5,18.9,0,0
957.6,18.4,0,0
957.7,18.6,1,0
957.8,18.9,0,0
958,18.6,0,0
958.1,18.4,1,0
958.2,18.9,0,0
958.3,18.4,0,0
958.4,18.6,1,0
958.5,18.4,0,0
958.6,19.5,0,0
958.7,18.9,1,0
958.8,18.9,0,0
958.9,18.9,0,0
959,18.6,1,0
959.2,18.9,0,0
959.3,18.4,0,0
959.4,18.9,1,0
959.5,18.9,0,0
959.6,18.4,0,0
959.7,18.6,1,0
959.8,18.4,0,0
959.9,18.9,0,0
960,18.6,1,0
960.1,19.2,0,0
960.2,18.6,0,0
960.4,20.3,1,0
960.5,19.2,0,0
960.6,19.2,0,0
960.7,19.5,1,0
960.8,19.5,0,0
960.9,19.5,0,0
961,21.2,1,0
961.1,20.1,0,0
961.2,20.9,0,0
961.3,22.9,1,0
961.4,21.5,0,0
961.6,20.9,0,0
961.7,21.2,1,0
961.8,20.6,0,0
961.9,20.9,0,0
962,21.2,1,0
962.1,21.2,0,0
962.2,21.2,0,0
962.3,21.2,1,0
962.4,21.2,0,0
962.5,21.2,0,0
962.6,20.9,1,0
962.8,21.2,0,0
962.9,22.3,0,0
963,21.7,1,0
963.1,21.7,0,0
963.2,21.7,0,0
963.3,21.7,1,0
963.4,21.7,0,0
963.5,21.7,0,0
963.6,21.7,1,0
963.7,22,0,0
963.8,21.7,0,0
963.9,21.7,1,0
964.1,21.5,0,0
964.2,21.7,0,0
964.3,21.7,1,0
964.4,21.7,0,0
964.5,21.7,0,0
964.6,21.7,1,0
964.7,22.3,0,0
964.8,22.3,0,0
964.9,22.6,1,0
965,22.6,0,0
965.1,22.6,0,0
965.3,22.3,1,0
965.4,22.6,0,0
965.5,22.6,0,0
965.6,23.5,1,0
965.7,22.9,0,0
965.8,22.9,0,0
965.9,22.9,1,0
966,23.5,0,0
966.1,22.9,0,0
966.2,22.9,1,0
966.3,22.9,0,0
966.4,22.9,0,0
966.6,22.9,1,0
966.7,23.5,0,0
966.8,23.5,0,0
966.9,23.2,1,0
967,23.5,0,0
967.1,22.9,0,0
967.2,23.5,1,0
967.3,23.5,0,0
967.4,25.2,0,0
967.5,25.7,1,0
967.6,24.3,0,0
967.8,24,0,0
967.9,23.7,1,0
968,24,0,0
968.1,24,0,0
968.2,24,1,0
968.3,24,0,0
968.4,24,0,0
968.5,24,1,0
968.6,24.3,0,0
968.7,24.6,0,0
968.8,24.9,1,0
969,26,0,0
969.1,24.6,0,0
969.2,24.9,1,0
969.3,25.4,0,0
969.4,25.2,0,0
969.5,24.3,1,0
969.6,24.6,0,0
969.7,24.6,0,0
969.8,24.6,1,0
969.9,24.6,0,0
970,24.9,0,0
970.1,24.6,1,0
970.3,24.6,0,0
970.4,24.3,0,0
970.5,24.6,1,0
970.6,24.6,0,0
970.7,24.6,0,0
970.8,24.6,1,0
970.9,25.7,0,0
971,26.3,0,0
971.1,25.4,1,0
971.2,27.4,0,0
971.3,26.8,0,0
971.5,26.8,1,0
971.6,27.4,0,0
971.7,27.4,0,0
971.8,27.4,1,0
971.9,27.7,0,0
972,26.8,0,0
972.1,28,1,0
972.2,27.4,0,0
972.3,27.4,0,0
972.4,27.4,1,0
972.5,27.4,0,0
972.7,27.4,0,0
972.8,27.4,1,0
972.9,27.4,0,0
973,27.4,0,0
973.1,27.4,1,0
973.2,27.4,0,0
973.3,27.7,0,0
973.4,27.7,1,0
973.5,27.7,0,0
973.6,27.7,0,0
973.7,27.7,1,0
973.8,28,0,0
974,28,0,0
974.1,28,1,0
974.2,28,0,0
974.3,28,0,0
974.4,30.2,1,0
974.5,30.8,0,0
974.6,30.2,0,0
974.7,30.5,1,0
974.8,30.2,0,0
974.9,30.2,0,0
975,30,1,0
975.2,30.2,0,0
975.3,30.5,0,0
975.4,28.5,1,0
975.5,27.1,0,0
975.6,27.4,0,0
975.7,26.3,1,0
975.8,26.8,0,0
975.9,26.8,0,0
976,26.8,1,0
976.1,26.8,0,0
976.2,26.8,0,0
976.3,26.8,1,0
976.5,26.8,0,0
976.6,26.3,0,0
976.7,26.3,1,0
976.8,26.3,0,0
976.9,26.3,0,0
977,26.8,1,0
977.1,26.3,0,0
977.2,26.3,0,0
977.3,23.5,1,0
977.4,22.9,0,0
977.5,22.9,0,0
977.7,22.3,1,0
977.8,22.9,0,0
977.9,22.9,0,0
978,22.9,1,0
978.1,22.9,0,0
978.2,22.9,0,0
978.3,22.9,1,0
978.4,23.5,0,0
978.5,22.9,0,0
978.6,22.9,1,0
978.7,22.9,0,0
978.8,23.5,0,0
979,22.9,1,0
979.1,22.9,0,0
979.2,22.9,0,0
979.3,22.9,1,0
979.4,22.9,0,0
979.5,22.9,0,0
979.6,22.9,1,0
979.7,22.9,0,0
979.8,22.9,0,0
979.9,23.5,1,0
980,23.5,0,0
980.2,23.2,0,0
980.3,22.9,1,0
980.4,24,0,0
980.5,23.5,0,0
980.6,23.7,1,0
980.7,23.5,0,0
980.8,23.5,0,0
980.9,23.5,1,0
981,23.5,0,0
981.1,24,0,0
981.2,23.5,1,0
981.4,23.5,0,0
981.5,23.7,0,0
981.6,23.7,1,0
981.7,23.7,0,0
981.8,24,0,0
981.9,23.7,1,0
982,24,0,0
982.1,23.7,0,0
982.2,23.7,1,0
982.3,24,0,0
982.4,23.7,0,0
982.5,23.7,1,0
982.7,23.7,0,0
982.8,24,0,0
982.9,23.7,1,0
983,24,0,0
983.1,24,0,0
983.2,23.7,1,0
983.3,24,0,0
983.4,24,0,0
983.5,24,1,0
983.6,24.6,0,0
983.7,24,0,0
983.9,24,1,0
984,24,0,0
984.1,23.7,0,0
984.2,23.7,1,0
984.3,24,0,0
984.4,24,0,0
984.5,24,1,0
984.6,24,0,0
984.7,24,0,0
984.8,24,1,0
984.9,24,0,0
985.1,24,0,0
985.2,24,1,0
985.3,24.6,0,0
985.4,24.3,0,0
985.5,24,1,0
985.6,24.6,0,0
985.7,24,0,0
985.8,24,1,0
985.9,24.6,0,0
986,24,0,0
986.1,24.6,1,0
986.3,24.6,0,0
986.4,24.6,0,0
986.5,24,1,0
986.6,24,0,0
986.7,24.3,0,0
986.8,24,1,0
986.9,24,0,0
987,24,0,0
987.1,24.6,1,0
987.2,24,0,0
987.3,24,0,0
987.4,24,1,0
987.6,24,0,0
987.7,24,0,0
987.8,24,1,0
987.9,24,0,0
988,24,0,0
988.1,24,1,0
988.2,24,0,0
988.3,24,0,0
988.4,24,1,0
988.5,24,0,0
988.6,24.3,0,0
988.8,24,1,0
988.9,24,0,0
989,24,0,0
989.1,24,1,0
989.2,24,0,0
989.3,24,0,0
989.4,24,1,0
989.5,24.6,0,0
989.6,24,0,0
989.7,24,1,0
989.8,24,0,0
990,24,0,0
990.1,24,1,0
990.2,24.6,0,0
990.3,24,0,0
990.4,24,1,0
990.5,24.6,0,0
990.6,24,0,0
990.7,24,1,0
990.8,24,0,0
990.9,24,0,0
991,24,1,0
991.2,24.6,0,0
991.3,24,0,0
991.4,24,1,0
991.5,24,0,0
991.6,24.6,0,0
991.7,24,1,0
991.8,24,0,0
991.9,24,0,0
992,24,1,0
992.1,24.6,0,0
992.2,24.6,0,0
992.3,25.2,1,0
992.5,24.9,0,0
992.6,24.6,0,0
992.7,24.6,1,0
992.8,24.6,0,0
992.9,24.6,0,0
993,24.6,1,0
993.1,24.6,0,0
993.2,24.6,0,0
993.3,24.6,1,0
993.4,24.6,0,0
993.5,24.3,0,0
993.7,24.6,1,0
993.8,24.6,0,0
993.9,24.6,0,0
994,24.6,1,0
994.1,24.6,0,0
994.2,24.6,0,0
994.3,24,1,0
994.4,24.6,0,0
994.5,24.6,0,0
994.6,24.6,1,0
994.7,24.6,0,0
994.9,24.6,0,0
995,24.6,1,0
995.1,24.6,0,0
995.2,24.6,0,0
995.3,24.3,1,0
995.4,24.6,0,0
995.5,24.6,0,0
995.6,24.6,1,0
995.7,24.6,0,0
995.8,24.9,0,0
995.9,24.6,1,0
996,24.9,0,0
996.2,24.6,0,0
996.3,24.6,1,0
996.4,24.6,0,0
996.5,24.6,0,0
996.6,24.9,1,0
996.7,25.2,0,0
996.8,25.2,0,0
996.9,24.9,1,0
997,25.2,0,0
997.1,25.2,0,0
997.2,25.7,1,0
997.4,26,0,0
997.5,29.4,0,0
997.6,27.4,1,0
997.7,27.4,0,0
997.8,28,0,0
997.9,27.4,1,0
998,28,0,0
998.1,28,0,0
998.2,27.4,1,0
998.3,27.4,0,0
998.4,27.4,0,0
998.5,27.4,1,0
998.7,27.4,0,0
998.8,27.4,0,0
998.9,27.4,1,0
999,27.4,0,0
999.1,27.4,0,0
999.2,27.1,1,0
999.3,27.4,0,0
999.4,27.4,0,0
999.5,27.1,1,0
999.6,26.8,0,0
999.8,27.7,0,0
999.9,27.4,1,0
1000,27.7,0,0
1000.1,27.4,0,0
1000.2,27.4,1,0
1000.3,27.1,0,0
1000.4,27.4,0,0
1000.5,27.4,1,0
1000.6,27.4,0,0
1000.7,27.4,0,0
1000.8,27.4,1,0
1001,27.4,0,0
1001.1,27.4,0,0
1001.2,27.4,1,0
1001.3,27.4,0,0
1001.4,27.4,0,0
1001.5,27.4,1,0
1001.6,27.7,0,0
1001.7,27.4,0,0
1001.8,27.4,1,0
1001.9,27.4,0,0
1002,27.4,0,0
1002.1,27.4,1,0
1002.3,27.4,0,0
1002.4,27.4,0,0
1002.5,28,1,0
1002.6,27.7,0,0
1002.7,27.4,0,0
1002.8,27.4,1,0
1002.9,27.4,0,0
1003,27.4,0,0
1003.1,27.4,1,0
1003.2,27.4,0,0
1003.3,27.4,0,0
1003.5,27.4,1,0
1003.6,27.4,0,0
1003.7,27.4,0,0
1003.8,27.4,1,0
1003.9,27.4,0,0
1004,27.4,0,0
1004.1,27.4,1,0
1004.2,27.4,0,0
1004.3,27.4,0,0
1004.4,27.4,1,0
1004.5,27.4,0,0
1004.7,27.4,0,0
1004.8,27.7,1,0
1004.9,27.4,0,0
1005,27.4,0,0
1005.1,28,1,0
1005.2,28,0,0
1005.3,28,0,0
1005.4,28,1,0
1005.5,28,0,0
1005.6,28,0,0
1005.7,27.7,1,0
1005.8,27.4,0,0
1006,28,0,0
1006.1,28,1,0
1006.2,28,0,0
1006.3,28,0,0
1006.4,28,1,0
1006.5,28,0,0
1006.6,27.4,0,0
1006.7,28,1,0
1006.8,28,0,0
1006.9,28,0,0
1007,28,1,0
1007.2,28,0,0
1007.3,28,0,0
1007.4,28,1,0
1007.5,28,0,0
1007.6,27.7,0,0
1007.7,27.4,1,0
1007.8,28,0,0
1007.9,28,0,0
1008,28,1,0
1008.1,28,0,0
1008.2,28,0,0
1008.3,28,1,0
1008.5,28,0,0
1008.6,28,0,0
1008.7,28,1,0
1008.8,27.4,0,0
1008.9,27.4,0,0
1009,28,1,0
1009.1,28,0,0
1009.2,28,0,0
1009.3,28,1,0
1009.4,28,0,0
1009.5,28,0,0
1009.7,28,1,0
1009.8,28,0,0
1009.9,28,0,0
1010,28,1,0
1010.1,28,0,0
1010.2,28.3,0,0
1010.3,28.5,1,0
1010.4,28.3,0,0
1010.5,28,0,0
1010.6,28,1,0
1010.7,28,0,0
1010.9,28,0,0
1011,28,1,0
1011.1,28,0,0
1011.2,28,0,0
1011.3,28,1,0
1011.4,28.3,0,0
1011.5,28,0,0
1011.6,9.3,0,0
1011.7,7.9,0,0
1011.8,7.9,0,0
1011.9,7.6,0,0
1012,7.6,0,0
1012.1,7.6,0,0
1012.2,7.6,0,0
1012.4,7.6,0,0
1012.5,7.6,0,0
1012.6,7.6,0,0
1012.7,7.6,0,0
1012.8,7.6,0,0
1012.9,7.6,0,0
1013,7.6,0,0
1013.1,7.6,0,0
1013.2,7.6,0,0
1013.3,7.6,0,0
1013.4,7.6,0,0
1013.5,7.3,0,0
1013.6,7.6,0,0
1013.7,7.6,0,0
1013.9,7.6,0,0
1014,7.6,0,0
1014.1,7.6,0,0
1014.2,7.6,0,0
1014.3,7.6,0,0
1014.4,7.6,0,0
1014.6,7.6,0,0
1014.7,7.6,0,0
1014.8,7.6,0,0
1014.9,7.6,0,0
1015,7.6,0,0
1015.1,7.6,0,0
1015.3,7.6,0,0
1015.4,7.6,0,0
1015.5,7.6,0,0
1015.6,7.6,0,0
1015.7,7.6,0,0
1015.8,7.6,0,0
1016,7.6,0,0
1016.1,7.6,0,0
1016.2,7.6,0,0
1016.3,7.6,0,0
1016.4,7.6,0,0
1016.6,7.6,0,0
1016.7,7.6,0,0
1016.8,7.6,0,0
1016.9,7.6,0,0
1017,7.6,0,0
1017.1,7.6,0,0
1017.2,7.6,0,0
1017.4,7.6,0,0
1017.5,7.6,0,0
1017.6,7.6,0,0
1017.7,7.6,0,0
1017.8,7.6,0,0
1017.9,7.6,0,0
1018.1,7.6,0,0
1018.2,7.6,0,0
1018.3,7.6,0,0
1018.4,7.6,0,0
1018.5,7.3,0,0
1018.6,7.6,0,0
1018.7,7.3,0,0
1018.8,7.6,0,0
1018.9,7.6,0,0
1019,7.6,0,0
1019.2,7.6,0,0
1019.3,7.6,0,0
1019.4,7.6,0,0
1019.5,7.6,0,0
1019.6,7.6,0,0
1019.7,7.6,0,0
1019.8,7.6,0,0
1019.9,7.6,0,0
1020,7.6,0,0
1020.1,7.6,0,0
1020.2,7.6,0,0
1020.3,7.6,0,0
1020.4,7.6,0,0
1020.5,7.6,0,0
1020.6,7.6,0,0
1020.7,7.6,0,0
1020.9,7.6,0,0
1021,7.6,0,0
1021.1,7.6,0,0
1021.2,7.6,0,0
1021.3,7.6,0,0
1021.4,7.6,0,0
1021.5,7.6,0,0
1021.6,7.6,0,0
1021.7,7.6,0,0
1021.8,7.6,0,0
1021.9,7.6,0,0
1022,7.6,0,0
1022.1,7.6,0,0
1022.2,7.6,0,0
1022.3,7.6,0,0
1022.4,7.6,0,0
1022.6,7.6,0,0
1022.7,7.6,0,0
1022.8,7.6,0,0
1022.9,7.6,0,0
1023,7.6,0,0
1023.1,7.6,0,0
1023.2,7.6,0,0
1023.3,7.3,0,0
1023.4,7.6,0,0
1023.5,7.6,0,0
1023.6,7.3,0,0
1023.7,7.6,0,0
1023.8,7.6,0,0
1023.9,7.6,0,0
1024,7.6,0,0
1024.1,7.6,0,0
1024.3,7.6,0,0
1024.4,7.6,0,0
1024.5,7.6,0,0
1024.6,7.6,0,0
1024.7,7.6,0,0
1024.8,7.6,0,0
1024.9,7.6,0,0
1025,7.6,0,0
1025.1,7.6,0,0
1025.2,7.6,0,0
1025.3,7.6,0,0
1025.4,7.6,0,0
1025.5,7.6,0,0
1025.6,7.6,0,0
1025.7,7.6,0,0
1025.9,7.6,0,0
1026,7.6,0,0
1026.1,7.6,0,0
1026.2,7.6,0,0
1026.3,7.6,0,0
1026.4,7.6,0,0
1026.5,7.6,0,0
1026.6,7.6,0,0
1026.7,7.6,0,0
1026.8,7.6,0,0
1026.9,7.6,0,0
1027,7.6,0,0
1027.1,7.6,0,0
1027.2,7.6,0,0
1027.3,7.6,0,0
1027.4,7.6,0,0
1027.6,7.6,0,0
1027.7,7.6,0,0
1027.8,7.6,0,0
1027.9,7.6,0,0
1028,7.6,0,0
1028.1,7.6,0,0
1028.2,7.6,0,0
1028.3,7.6,0,0
1028.4,7.6,0,0
1028.5,7.6,0,0
1028.6,7.6,0,0
1028.7,7.6,0,0
1028.8,7.6,0,0
1028.9,7.6,0,0
1029,7.6,0,0
1029.1,7.6,0,0
1029.3,7.6,0,0
1029.4,7.6,0,0
1029.5,7.6,0,0
1029.6,7.6,0,0
1029.7,7.6,0,0
1029.8,7.6,0,0
1029.9,7.6,0,0
1030,7.6,0,0
1030.1,7.6,0,0
1030.2,7.6,0,0
1030.3,7.6,0,0
1030.4,7.6,0,0
1030.5,7.6,0,0
1030.6,7.6,0,0
1030.7,7.6,0,0
1030.8,7.6,0,0
1031,7.6,0,0
1031.1,7.6,0,0
1031.2,7.6,0,0
1031.3,7.6,0,0
1031.4,7.6,0,0
1031.5,7.6,0,0
1031.6,7.6,0,0
1031.7,7.6,0,0
1031.8,7.6,0,0
1031.9,7.3,0,0
1032,7.6,0,0
1032.1,7.6,0,0
1032.2,7.6,0,0
1032.3,7.6,0,0
1032.4,7.6,0,0
1032.5,7.6,0,0
1032.6,7.6,0,0
1032.8,7.6,0,0
1032.9,7.6,0,0
1033,7.6,0,0
1033.1,7.6,0,0
1033.2,7.6,0,0
1033.3,7.6,0,0
1033.4,7.6,0,0
1033.5,7.6,0,0
1033.6,7.6,0,0
1033.7,7.6,0,0
1033.8,7.6,0,0
1033.9,7.6,0,0
1034,7.6,0,0
1034.1,7.6,0,0
1034.2,7.6,0,0
1034.3,7.6,0,0
1034.5,7.6,0,0
1034.6,7.6,0,0
1034.7,7.6,0,0
1034.8,7.6,0,0
1034.9,7.6,0,0
1035,7.6,0,0
1035.1,7.6,0,0
1035.2,7.6,0,0
1035.3,7.6,0,0
1035.4,7.6,0,0
1035.5,7.3,0,0
1035.6,7.6,0,0
1035.7,7.6,0,0
1035.8,7.6,0,0
1035.9,7.6,0,0
1036,7.6,0,0
1036.2,7.6,0,0
1036.3,7.6,0,0
1036.4,7.6,0,0
1036.5,7.6,0,0
1036.6,7.6,0,0
1036.7,7.6,0,0
1036.8,7.6,0,0
1036.9,7.6,0,0
1037,7.6,0,0
1037.1,7.6,0,0
1037.2,7.6,0,0
1037.3,7.6,0,0
1037.4,7.6,0,0
1037.5,7.6,0,0
1037.6,7.6,0,0
1037.7,7.6,0,0
1037.9,7.6,0,0
1038,7.6,0,0
1038.1,7.6,0,0
1038.2,7.6,0,0
1038.3,7.6,0,0
1038.4,7.6,0,0
1038.5,7.6,0,0
1038.6,7.6,0,0
1038.7,7.6,0,0
1038.8,7.6,0,0
1038.9,7.6,0,0
1039,7.6,0,0
1039.1,7.3,0,0
1039.2,7.6,0,0
1039.3,7.6,0,0
1039.4,7.6,0,0
1039.6,7.6,0,0
1039.7,7.6,0,0
1039.8,7.6,0,0
1039.9,7.6,0,0
1040,7.6,0,0
1040.1,7.6,0,0
1040.2,7.6,0,0
1040.3,7.6,0,0
1040.4,7.6,0,0
1040.5,7.6,0,0
1040.6,7.6,0,0
1040.7,7.6,0,0
1040.8,7.3,0,0
1040.9,7.6,0,0
1041,7.6,0,0
1041.1,7.6,0,0
1041.2,7.6,0,0
1041.4,7.6,0,0
1041.5,7.6,0,0
1041.6,7.6,0,0
1041.7,7.6,0,0
1041.8,7.6,0,0
1041.9,7.6,0,0
1042,7.6,0,0
1042.1,7.6,0,0
1042.2,7.6,0,0
1042.3,7.6,0,0
1042.4,7.6,0,0
1042.5,7.6,0,0
1042.6,7.6,0,0
1042.7,7.3,0,0
1042.8,7.6,0,0
1042.9,7.6,0,0
1043.1,7.6,0,0
1043.2,7.6,0,0
1043.3,7.6,0,0
1043.4,7.6,0,0
1043.5,7.6,0,0
1043.6,7.6,0,0
1043.7,7.6,0,0
1043.8,7.6,0,0
1043.9,7.6,0,0
1044,7.6,0,0
1044.1,7.6,0,0
1044.2,7.6,0,0
1044.3,7.6,0,0
1044.4,7.6,0,0
1044.5,7.6,0,0
1044.6,7.6,0,0
1044.7,7.6,0,0
1044.9,7.6,0,0
1045,7.6,0,0
1045.1,7.6,0,0
1045.2,7.6,0,0
1045.3,7.6,0,0
1045.4,7.6,0,0
1045.5,7.6,0,0
1045.6,7.6,0,0
1045.7,7.6,0,0
1045.8,7.3,0,0
1045.9,7.3,0,0
1046,7.3,0,0
1046.1,7.6,0,0
1046.2,7.6,0,0
1046.3,7.6,0,0
1046.4,7.6,0,0
1046.6,7.6,0,0
1046.7,7.6,0,0
1046.8,7.6,0,0
1046.9,7.3,0,0
1047,7.3,0,0
1047.1,7.3,0,0
1047.2,7.6,0,0
1047.3,7.6,0,0
1047.4,7.6,0,0
1047.5,7.3,0,0
1047.6,7.6,0,0
1047.7,7.6,0,0
1047.8,7.3,0,0
1047.9,7.3,0,0
1048,7.3,0,0
1048.1,7.3,0,0
1048.3,7.3,0,0
1048.4,7.6,0,0
1048.5,7.6,0,0
1048.6,7.6,0,0
1048.7,7.6,0,0
1048.8,7.6,0,0
1048.9,7.3,0,0
1049,7.6,0,0
1049.1,7.6,0,0
1049.2,7.6,0,0
1049.3,7.6,0,0
1049.4,7.6,0,0
1049.5,7.6,0,0
1049.6,7.6,0,0
1049.7,7.6,0,0
1049.8,7.6,0,0
1050,7.6,0,0
1050.1,7.6,0,0
1050.2,7.6,0,0
1050.3,7.6,0,0
1050.4,7.3,0,0
1050.5,7.6,0,0
1050.6,7.6,0,0
1050.7,7.6,0,0
1050.8,7.6,0,0
1050.9,7.6,0,0
1051,7.6,0,0
1051.1,7.6,0,0
1051.2,7.6,0,0
1051.3,7.6,0,0
1051.4,7.3,0,0
1051.5,7.3,0,0
1051.6,7.6,0,0
1051.8,7.6,0,0
1051.9,7.3,0,0
1052,7.3,0,0
1052.1,7.3,0,0
1052.2,7.3,0,0
1052.3,7.6,0,0
1052.4,7.3,0,0
1052.5,7.6,0,0
1052.6,7.6,0,0
1052.7,7.6,0,0
1052.8,7.6,0,0
1052.9,7.6,0,0
1053,7.3,0,0
1053.1,7.6,0,0
1053.2,7.6,0,0
1053.3,7.3,0,0
1053.5,7.6,0,0
1053.6,7.6,0,0
1053.7,7.6,0,0
1053.8,7.3,0,0
1053.9,7.6,0,0
1054,7.6,0,0
1054.1,7.6,0,0
1054.2,7.6,0,0
1054.3,7.6,0,0
1054.4,7.6,0,0
1054.5,7.6,0,0
1054.6,7.3,0,0
1054.7,7.3,0,0
1054.8,7.6,0,0
1054.9,7.6,0,0
1055,7.6,0,0
1055.2,7.6,0,0
1055.3,7.6,0,0
1055.4,7.3,0,0
1055.5,7.6,0,0
1055.6,7.6,0,0
1055.7,7.6,0,0
1055.8,7.3,0,0
1055.9,7.6,0,0
1056,7.3,0,0
1056.1,7.3,0,0
1056.2,7.3,0,0
1056.3,7.6,0,0
1056.4,7.6,0,0
1056.5,7.6,0,0
1056.6,7.3,0,0
1056.7,7.3,0,0
1056.9,7.3,0,0
1057,7.6,0,0
1057.1,7.6,0,0
1057.2,7.6,0,0
1057.3,7.6,0,0
1057.4,7.3,0,0
1057.5,7.3,0,0
1057.6,7.6,0,0
1057.7,7.6,0,0
1057.8,7.3,0,0
1057.9,7.3,0,0
1058,7.1,0,0
1058.1,7.3,0,0
1058.2,7.3,0,0
1058.3,7.6,0,0
1058.4,7.3,0,0
1058.6,7.6,0,0
1058.7,7.6,0,0
1058.8,7.3,0,0
1058.9,7.3,0,0
1059,7.3,0,0
1059.1,7.3,0,0
1059.2,7.3,0,0
1059.3,7.3,0,0
1059.4,7.3,0,0
1059.5,7.3,0,0
1059.6,7.3,0,0
1059.7,7.3,0,0
1059.8,7.3,0,0
1059.9,7.3,0,0
1060,7.3,0,0
1060.1,7.3,0,0
1060.2,7.3,0,0
1060.4,7.3,0,0
1060.5,7.3,0,0
1060.6,7.3,0,0
1060.7,7.3,0,0
1060.8,7.3,0,0
1060.9,7.6,0,0
1061,7.3,0,0
1061.1,7.3,0,0
1061.2,7.6,0,0
1061.3,7.6,0,0
1061.4,7.6,0,0
1061.5,7.6,0,0
1061.6,7.6,0,0
1061.7,7.3,0,0
1061.8,7.6,0,0
1062,7.3,0,0
1062.1,7.3,0,0
1062.2,7.3,0,0
1062.3,7.6,0,0
1062.4,7.6,0,0
1062.5,7.3,0,0
1062.6,7.3,0,0
1062.7,7.3,0,0
1062.8,7.3,0,0
1062.9,7.3,0,0
1063,7.6,0,0
1063.1,7.6,0,0
1063.2,7.3,0,0
1063.3,7.3,0,0
1063.4,7.6,0,0
1063.5,7.3,0,0
1063.7,7.3,0,0
1063.8,7.3,0,0
1063.9,7.3,0,0
1064,7.3,0,0
1064.1,7.3,0,0
1064.2,7.3,0,0
1064.3,7.3,0,0
1064.4,7.3,0,0
1064.5,7.3,0,0
1064.6,7.6,0,0
1064.7,7.3,0,0
1064.8,7.3,0,0
1064.9,7.3,0,0
1065,7.3,0,0
1065.1,7.3,0,0
1065.2,7.3,0,0
1065.4,7.3,0,0
1065.5,7.3,0,0
1065.6,7.3,0,0
1065.7,7.3,0,0
1065.8,7.6,0,0
1065.9,7.3,0,0
1066,7.6,0,0
1066.1,7.3,0,0
1066.2,7.6,0,0
1066.3,7.3,0,0
1066.4,7.3,0,0
1066.5,7.3,0,0
1066.6,7.3,0,0
1066.7,7.6,0,0
1066.8,7.3,0,0
1066.9,7.6,0,0
1067.1,7.6,0,0
1067.2,7.3,0,0
1067.3,7.3,0,0
1067.4,7.3,0,0
1067.5,7.6,0,0
1067.6,7.3,0,0
1067.7,7.1,0,0
1067.8,7.3,0,0
1067.9,7.3,0,0
1068,7.3,0,0
1068.1,7.3,0,0
1068.2,7.3,0,0
1068.3,7.3,0,0
1068.4,7.3,0,0
1068.5,7.3,0,0
1068.6,7.3,0,0
1068.8,7.3,0,0
1068.9,7.3,0,0
1069,7.6,0,0
1069.1,7.3,0,0
1069.2,7.3,0,0
1069.3,7.3,0,0
1069.4,7.3,0,0
1069.5,7.6,0,0
1069.6,7.6,0,0
1069.7,7.3,0,0
1069.8,7.3,0,0
1069.9,7.6,0,0
1070,7.3,0,0
1070.1,7.1,0,0
1070.2,7.3,0,0
1070.3,7.3,0,0
1070.5,7.3,0,0
1070.6,7.3,0,0
1070.7,7.6,0,0
1070.8,7.6,0,0
1070.9,7.3,0,0
1071,7.3,0,0
1071.1,7.3,0,0
1071.2,7.3,0,0
1071.3,7.3,0,0
1071.4,7.3,0,0
1071.5,7.3,0,0
1071.6,7.3,0,0
1071.7,7.6,0,0
1071.8,7.3,0,0
1071.9,7.3,0,0
1072,7.3,0,0
1072.1,7.3,0,0
1072.3,7.3,0,0
1072.4,7.3,0,0
1072.5,7.3,0,0
1072.6,7.3,0,0
1072.7,7.3,0,0
1072.8,7.3,0,0
1072.9,7.3,0,0
1073,7.3,0,0
1073.1,7.3,0,0
1073.2,7.3,0,0
1073.3,7.3,0,0
1073.4,7.3,0,0
1073.5,7.3,0,0
1073.6,7.3,0,0
1073.7,7.3,0,0
1073.9,7.3,0,0
1074,7.3,0,0
1074.1,7.3,0,0
1074.2,7.3,0,0
1074.3,7.3,0,0
1074.4,7.3,0,0
1074.5,7.6,0,0
1074.6,7.3,0,0
1074.7,7.3,0,0
1074.8,7.6,0,0
1074.9,7.3,0,0
1075,7.3,0,0
1075.1,7.3,0,0
1075.2,7.3,0,0
1075.3,7.3,0,0
1075.4,7.3,0,0
1075.6,7.3,0,0
1075.7,7.3,0,0
1075.8,7.3,0,0
1075.9,7.3,0,0
1076,7.6,0,0
1076.1,7.3,0,0
1076.2,7.3,0,0
1076.3,7.3,0,0
1076.4,7.3,0,0
1076.5,7.3,0,0
1076.6,7.3,0,0
1076.7,7.3,0,0
1076.8,7.3,0,0
1076.9,7.3,0,0
1077,7.3,0,0
1077.1,7.3,0,0
1077.2,7.6,0,0
1077.4,7.3,0,0
1077.5,7.3,0,0
1077.6,7.3,0,0
1077.7,7.6,0,0
1077.8,7.6,0,0
1077.9,7.3,0,0
1078,7.3,0,0
1078.1,7.3,0,0
1078.2,7.3,0,0
1078.3,7.3,0,0
1078.4,7.3,0,0
1078.5,7.3,0,0
1078.6,7.3,0,0
1078.7,7.3,0,0
1078.8,7.3,0,0
1078.9,7.3,0,0
1079.1,7.3,0,0
1079.2,7.3,0,0
1079.3,7.3,0,0
1079.4,7.3,0,0
1079.5,7.3,0,0
1079.6,7.3,0,0
1079.7,7.6,0,0
1079.8,7.3,0,0
1079.9,7.3,0,0
1080,7.6,0,0
1080.1,7.3,0,0
1080.2,7.3,0,0
1080.3,7.3,0,0
1080.4,7.3,0,0
1080.5,7.3,0,0
1080.6,7.3,0,0
1080.8,7.3,0,0
1080.9,7.3,0,0
1081,7.3,0,0
1081.1,7.3,0,0
1081.2,7.3,0,0
1081.3,7.3,0,0
1081.4,7.3,0,0
1081.5,7.3,0,0
1081.6,7.3,0,0
1081.7,7.3,0,0
1081.8,7.3,0,0
1081.9,7.3,0,0
1082,7.6,0,0
1082.1,7.6,0,0
1082.2,7.3,0,0
1082.3,7.3,0,0
1082.5,7.3,0,0
1082.6,7.3,0,0
1082.7,7.3,0,0
1082.8,7.6,0,0
1082.9,7.3,0,0
1083,7.3,0,0
1083.1,7.3,0,0
1083.2,7.3,0,0
1083.3,7.3,0,0
1083.4,7.3,0,0
1083.5,7.1,0,0
1083.6,7.3,0,0
1083.7,7.3,0,0
1083.8,7.3,0,0
1083.9,7.3,0,0
1084,7.3,0,0
1084.2,7.3,0,0
1084.3,7.3,0,0
1084.4,7.3,0,0
1084.5,7.3,0,0
1084.6,7.3,0,0
1084.7,7.3,0,0
1084.8,7.3,0,0
1084.9,7.3,0,0
1085,7.3,0,0
1085.1,7.3,0,0
1085.2,7.3,0,0
1085.3,7.3,0,0
1085.4,7.3,0,0
1085.5,7.6,0,0
1085.6,7.3,0,0
1085.8,7.3,0,0
1085.9,7.3,0,0
1086,7.3,0,0
1086.1,7.3,0,0
1086.2,7.3,0,0
1086.3,7.3,0,0
1086.4,7.3,0,0
1086.5,7.3,0,0
1086.6,7.3,0,0
1086.7,7.3,0,0
1086.8,7.3,0,0
1086.9,7.3,0,0
1087,7.3,0,0
1087.1,7.3,0,0
1087.2,7.3,0,0
1087.3,7.3,0,0
1087.5,7.3,0,0
1087.6,7.1,0,0
1087.7,7.3,0,0
1087.8,7.3,0,0
1087.9,7.6,0,0
1088,7.3,0,0
1088.1,7.3,0,0
1088.2,7.3,0,0
1088.3,7.6,0,0
1088.4,7.3,0,0
1088.5,7.3,0,0
1088.6,7.3,0,0
1088.7,7.3,0,0
1088.8,7.3,0,0
1088.9,7.3,0,0
1089,7.3,0,0
1089.2,7.3,0,0
1089.3,7.3,0,0
1089.4,7.3,0,0
1089.5,7.3,0,0
1089.6,7.3,0,0
1089.7,7.3,0,0
1089.8,7.3,0,0
1089.9,7.3,0,0
1090,7.3,0,0
1090.1,7.3,0,0
1090.2,7.3,0,0
1090.3,7.3,0,0
1090.4,7.3,0,0
1090.5,7.3,0,0
1090.6,7.1,0,0
1090.7,7.3,0,0
1090.9,7.3,0,0
1091,7.3,0,0
1091.1,7.6,0,0
1091.2,7.3,0,0
1091.3,7.3,0,0
1091.4,7.3,0,0
1091.5,7.3,0,0
1091.6,7.3,0,0
1091.7,7.3,0,0
1091.8,7.3,0,0
1091.9,7.3,0,0
1092,7.3,0,0
1092.1,7.3,0,0
1092.2,7.3,0,0
1092.3,7.3,0,0
1092.4,7.3,0,0
1092.6,7.3,0,0
1092.7,7.3,0,0
1092.8,7.3,0,0
1092.9,7.3,0,0
1093,7.3,0,0
1093.1,7.3,0,0
1093.2,7.3,0,0
1093.3,7.3,0,0
1093.4,7.3,0,0
1093.5,7.3,0,0
1093.6,7.3,0,0
1093.7,7.3,0,0
1093.8,7.6,0,0
1093.9,7.3,0,0
1094,7.3,0,0
1094.1,7.6,0,0
1094.2,7.3,0,0
1094.4,7.3,0,0
1094.5,7.3,0,0
1094.6,7.3,0,0
1094.7,7.3,0,0
1094.8,7.3,0,0
1094.9,7.3,0,0
1095,7.3,0,0
1095.1,7.3,0,0
1095.2,7.3,0,0
1095.3,7.3,0,0
1095.4,7.3,0,0
1095.5,7.3,0,0
1095.6,7.3,0,0
1095.7,7.3,0,0
1095.8,7.3,0,0
1095.9,7.3,0,0
1096.1,7.3,0,0
1096.2,7.3,0,0
1096.3,7.3,0,0
1096.4,7.3,0,0
1096.5,7.3,0,0
1096.6,7.6,0,0
1096.7,7.1,0,0
1096.8,7.1,0,0
1096.9,7.3,0,0
1097,7.3,0,0
1097.1,7.1,0,0
1097.2,7.3,0,0
1097.3,7.3,0,0
1097.4,7.3,0,0
1097.5,7.3,0,0
1097.6,7.3,0,0
1097.8,7.3,0,0
1097.9,7.1,0,0
1098,7.3,0,0
1098.1,7.3,0,0
1098.2,7.3,0,0
1098.3,7.3,0,0
1098.4,7.3,0,0
1098.5,7.3,0,0
1098.6,7.3,0,0
1098.7,7.3,0,0
1098.8,7.3,0,0
1098.9,7.1,0,0
1099,7.3,0,0
1099.1,7.3,0,0
1099.2,7.3,0,0
1099.3,7.3,0,0
1099.4,7.3,0,0
1099.6,7.3,0,0
1099.7,7.3,0,0
1099.8,7.3,0,0
1099.9,7.3,0,0
1100,7.3,0,0
1100.1,7.3,0,0
1100.2,7.3,0,0
1100.3,7.3,0,0
1100.4,7.3,0,0
1100.5,7.3,0,0
1100.6,7.3,0,0
1100.7,7.3,0,0
1100.8,7.3,0,0
1100.9,7.1,0,0
1101,7.3,0,0
1101.1,7.3,0,0
1101.3,7.1,0,0
1101.4,7.3,0,0
1101.5,7.3,0,0
1101.6,7.3,0,0
1101.7,7.3,0,0
1101.8,7.3,0,0
1101.9,7.3,0,0
1102,7.3,0,0
1102.1,7.3,0,0
1102.2,7.3,0,0
1102.3,7.3,0,0
1102.4,7.3,0,0
1102.5,7.3,0,0
1102.6,7.3,0,0
1102.7,7.3,0,0
1102.8,7.3,0,0
1103,7.3,0,0
1103.1,7.3,0,0
1103.2,7.3,0,0
1103.3,7.3,0,0
1103.4,7.3,0,0
1103.5,7.3,0,0
1103.6,7.1,0,0
1103.7,7.3,0,0
1103.8,7.1,0,0
1103.9,7.1,0,0
1104,7.1,0,0
1104.1,7.3,0,0
1104.2,7.1,0,0
1104.3,7.3,0,0
1104.4,7.3,0,0
1104.6,7.1,0,0
1104.7,7.3,0,0
1104.8,7.3,0,0
1104.9,7.3,0,0
1105,7.3,0,0
1105.1,7.3,0,0
1105.2,7.3,0,0
1105.3,7.3,0,0
1105.4,7.3,0,0
1105.5,7.3,0,0
1105.6,7.3,0,0
1105.7,7.1,0,0
1105.8,7.3,0,0
1105.9,7.3,0,0
1106,7.3,0,0
1106.1,7.3,0,0
1106.3,7.3,0,0
1106.4,7.3,0,0
1106.5,7.3,0,0
1106.6,7.3,0,0
1106.7,7.3,0,0
1106.8,7.3,0,0
1106.9,7.3,0,0
1107,7.1,0,0
1107.1,7.1,0,0
1107.2,7.3,0,0
1107.3,7.3,0,0
1107.4,7.3,0,0
1107.5,7.1,0,0
1107.6,7.3,0,0
1107.7,7.3,0,0
1107.8,7.3,0,0
1107.9,7.3,0,0
1108.1,7.3,0,0
1108.2,7.3,0,0
1108.3,7.1,0,0
1108.4,7.3,0,0
1108.5,7.3,0,0
1108.6,7.3,0,0
1108.7,7.3,0,0
1108.8,7.3,0,0
1108.9,7.3,0,0
1109,7.3,0,0
1109.1,7.3,0,0
1109.2,7.3,0,0
1109.3,7.3,0,0
1109.4,7.1,0,0
1109.5,7.3,0,0
1109.7,7.3,0,0
1109.8,7.1,0,0
1109.9,7.1,0,0
1110,7.3,0,0
1110.1,7.1,0,0
1110.2,7.3,0,0
1110.3,7.1,0,0
1110.4,7.3,0,0
1110.5,7.3,0,0
1110.6,7.3,0,0
1110.7,7.3,0,0
1110.8,7.3,0,0
1110.9,7.3,0,0
1111,7.3,0,0
1111.1,7.3,0,0
1111.2,7.3,0,0
1111.4,7.3,0,0
1111.5,7.3,0,0
1111.6,7.3,0,0
1111.7,7.3,0,0
1111.8,7.3,0,0
1111.9,7.3,0,0
1112,7.3,0,0
1112.1,7.3,0,0
1112.2,7.3,0,0
1112.3,7.3,0,0
1112.4,7.3,0,0
1112.5,7.3,0,0
1112.6,7.3,0,0
1112.7,7.3,0,0
1112.8,7.3,0,0
1113,7.3,0,0
1113.1,7.3,0,0
1113.2,7.3,0,0
1113.3,7.3,0,0
1113.4,7.3,0,0
1113.5,7.3,0,0
1113.6,7.3,0,0
1113.7,7.3,0,0
1113.8,7.3,0,0
1113.9,7.3,0,0
1114,7.3,0,0
1114.1,7.3,0,0
1114.2,7.3,0,0
1114.3,7.3,0,0
1114.4,7.3,0,0
1114.5,7.3,0,0
1114.6,7.3,0,0
1114.8,7.3,0,0
1114.9,7.3,0,0
1115,7.3,0,0
1115.1,7.3,0,0
1115.2,7.3,0,0
1115.3,7.3,0,0
1115.4,7.3,0,0
1115.5,7.3,0,0
1115.6,7.3,0,0
1115.7,7.3,0,0
1115.8,7.3,0,0
1115.9,7.3,0,0
1116,7.6,0,0
1116.1,7.1,0,0
1116.2,7.1,0,0
1116.3,7.1,0,0
1116.5,7.3,0,0
1116.6,7.1,0,0
1116.7,7.1,0,0
1116.8,7.1,0,0
1116.9,7.1,0,0
1117,7.3,0,0
1117.1,7.1,0,0
1117.2,7.3,0,0
1117.3,7.3,0,0
1117.4,7.3,0,0
1117.5,7.3,0,0
1117.6,7.3,0,0
1117.7,7.3,0,0
1117.8,7.3,0,0
1117.9,7.1,0,0
1118,7.1,0,0
1118.2,7.3,0,0
1118.3,7.1,0,0
1118.4,7.1,0,0
1118.5,7.1,0,0
1118.6,7.1,0,0
1118.7,7.1,0,0
1118.8,7.6,0,0
1118.9,7.1,0,0
1119,7.1,0,0
1119.1,7.1,0,0
1119.2,7.1,0,0
1119.3,7.1,0,0
1119.4,7.1,0,0
1119.5,7.1,0,0
1119.6,7.1,0,0
1119.7,7.3,0,0
1119.8,7.1,0,0
1120,7.1,0,0
1120.1,7.1,0,0
1120.2,7.1,0,0
1120.3,7.3,0,0
1120.4,7.3,0,0
1120.5,7.3,0,0
1120.6,7.1,0,0
1120.7,7.1,0,0
1120.8,7.1,0,0
1120.9,7.1,0,0
1121,7.1,0,0
1121.1,7.1,0,0
1121.2,7.1,0,0
1121.3,7.3,0,0
1121.4,7.3,0,0
1121.6,7.6,0,0
1121.7,7.1,0,0
1121.8,7.1,0,0
1121.9,7.3,0,0
1122,7.1,0,0
1122.1,7.1,0,0
1122.2,7.3,0,0
1122.3,7.1,0,0
1122.4,7.1,0,0
1122.5,7.1,0,0
1122.6,7.1,0,0
1122.7,7.1,0,0
1122.8,7.1,0,0
1122.9,7.1,0,0
1123,7.1,0,0
1123.1,7.1,0,0
1123.3,7.1,0,0
1123.4,7.1,0,0
1123.5,7.1,0,0
1123.6,7.1,0,0
1123.7,7.1,0,0
1123.8,7.1,0,0
1123.9,7.1,0,0
1124,7.1,0,0
1124.1,7.1,0,0
1124.2,7.1,0,0
1124.3,7.6,0,0
1124.4,7.1,0,0
1124.5,7.1,0,0
1124.6,7.1,0,0
1124.7,7.1,0,0
1124.8,7.1,0,0
1124.9,7.1,0,0
1125.1,7.1,0,0
1125.2,7.1,0,0
1125.3,7.1,0,0
1125.4,7.1,0,0
1125.5,7.1,0,0
1125.6,7.1,0,0
1125.7,7.1,0,0
1125.8,7.1,0,0
1125.9,7.1,0,0
1126,7.1,0,0
1126.1,7.1,0,0
1126.2,7.1,0,0
1126.3,7.1,0,0
1126.4,7.1,0,0
1126.5,7.1,0,0
1126.6,7.1,0,0
1126.8,7.1,0,0
1126.9,7.1,0,0
1127,7.1,0,0
1127.1,7.3,0,0
1127.2,7.1,0,0
1127.3,7.1,0,0
1127.4,7.1,0,0
1127.5,7.1,0,0
1127.6,7.1,0,0
1127.7,7.1,0,0
1127.8,7.1,0,0
1127.9,7.1,0,0
1128,7.1,0,0
1128.1,7.1,0,0
1128.2,7.1,0,0
1128.3,7.1,0,0
1128.5,7.1,0,0
1128.6,7.1,0,0
1128.7,7.1,0,0
1128.8,7.1,0,0
1128.9,7.1,0,0
1129,7.1,0,0
1129.1,7.1,0,0
1129.2,7.1,0,0
1129.3,7.1,0,0
1129.4,7.1,0,0
1129.5,7.1,0,0
1129.6,7.1,0,0
1129.7,7.1,0,0
1129.8,7.3,0,0
1129.9,7.1,0,0
1130,7.1,0,0
1130.1,7.1,0,0
1130.3,7.1,0,0
1130.4,7.1,0,0
1130.5,7.1,0,0
1130.6,7.1,0,0
1130.7,7.1,0,0
1130.8,7.1,0,0
1130.9,7.1,0,0
1131,7.1,0,0
1131.1,7.1,0,0
1131.2,7.1,0,0
1131.3,7.1,0,0
1131.4,7.1,0,0
1131.5,7.1,0,0
1131.6,7.1,0,0
1131.7,7.1,0,0
1131.8,7.1,0,0
1132,7.1,0,0
1132.1,7.1,0,0
1132.2,7.1,0,0
1132.3,7.1,0,0
1132.4,7.1,0,0
1132.5,7.1,0,0
1132.6,7.3,0,0
1132.7,7.1,0,0
1132.8,7.1,0,0
1132.9,7.1,0,0
1133,7.1,0,0
1133.1,7.1,0,0
1133.2,7.1,0,0
1133.3,7.1,0,0
1133.4,7.1,0,0
1133.5,7.1,0,0
1133.7,7.1,0,0
1133.8,7.1,0,0
1133.9,7.1,0,0
1134,7.1,0,0
1134.1,7.1,0,0
1134.2,7.1,0,0
1134.3,7.1,0,0
1134.4,7.1,0,0
1134.5,7.1,0,0
1134.6,7.1,0,0
1134.7,7.1,0,0
1134.8,7.1,0,0
1134.9,7.1,0,0
1135,7.1,0,0
1135.1,7.1,0,0
1135.2,7.1,0,0
1135.4,7.1,0,0
1135.5,7.1,0,0
1135.6,7.1,0,0
1135.7,7.1,0,0
1135.8,7.1,0,0
1135.9,7.1,0,0
1136,7.1,0,0
1136.1,7.1,0,0
1136.2,7.1,0,0
1136.3,7.1,0,0
1136.4,7.1,0,0
1136.5,7.1,0,0
1136.6,7.1,0,0
1136.7,7.1,0,0
1136.8,7.1,0,0
1136.9,7.1,0,0
1137.1,7.1,0,0
1137.2,7.1,0,0
1137.3,7.1,0,0
1137.4,7.1,0,0
1137.5,7.1,0,0
1137.6,7.1,0,0
1137.7,7.1,0,0
1137.8,7.1,0,0
1137.9,7.1,0,0
1138,7.1,0,0
1138.1,7.1,0,0
1138.2,7.1,0,0
1138.3,7.1,0,0
1138.4,7.1,0,0
1138.5,7.1,0,0
1138.6,7.1,0,0
1138.8,7.1,0,0
1138.9,7.1,0,0
1139,7.1,0,0
1139.1,7.1,0,0
1139.2,7.1,0,0
1139.3,7.1,0,0
1139.4,7.1,0,0
1139.5,7.1,0,0
1139.6,7.1,0,0
1139.7,7.1,0,0
1139.8,7.1,0,0
1139.9,7.1,0,0
1140,7.1,0,0
1140.1,7.1,0,0
1140.2,7.1,0,0
1140.3,7.1,0,0
1140.5,7.1,0,0
1140.6,7.1,0,0
1140.7,7.1,0,0
1140.8,7.1,0,0
1140.9,7.3,0,0
1141,7.1,0,0
1141.1,7.1,0,0
1141.2,7.1,0,0
1141.3,7.1,0,0
1141.4,7.1,0,0
1141.5,7.1,0,0
1141.6,7.1,0,0
1141.7,7.1,0,0
1141.8,7.1,0,0
1141.9,7.1,0,0
1142,7.1,0,0
1142.1,7.1,0,0
1142.3,7.1,0,0
1142.4,7.1,0,0
1142.5,7.1,0,0
1142.6,7.1,0,0
1142.7,7.1,0,0
1142.8,7.1,0,0
1142.9,7.1,0,0
1143,7.1,0,0
1143.1,7.1,0,0
1143.2,7.1,0,0
1143.3,7.1,0,0
1143.4,7.1,0,0
1143.5,7.1,0,0
1143.6,7.1,0,0
1143.7,7.1,0,0
1143.9,7.1,0,0
1144,7.1,0,0
1144.1,7.1,0,0
1144.2,7.1,0,0
1144.3,7.1,0,0
1144.4,7.1,0,0
1144.5,7.1,0,0
1144.6,7.1,0,0
1144.7,7.1,0,0
1144.8,7.1,0,0
1144.9,7.1,0,0
1145,7.1,0,0
1145.1,7.1,0,0
1145.2,7.1,0,0
1145.3,7.1,0,0
1145.4,7.1,0,0
1145.6,7.1,0,0
1145.7,7.1,0,0
1145.8,7.1,0,0
1145.9,7.1,0,0
1146,7.1,0,0
1146.1,7.1,0,0
1146.2,7.1,0,0
1146.3,7.1,0,0
1146.4,7.3,0,0
1146.5,7.1,0,0
1146.6,7.1,0,0
1146.7,7.1,0,0
1146.8,7.1,0,0
1146.9,7.1,0,0
1147,7.1,0,0
1147.1,7.1,0,0
1147.3,7.1,0,0
1147.4,7.1,0,0
1147.5,7.1,0,0
1147.6,7.1,0,0
1147.7,7.1,0,0
1147.8,7.1,0,0
1147.9,7.1,0,0
1148,7.1,0,0
1148.1,7.1,0,0
1148.2,7.1,0,0
1148.3,7.1,0,0
1148.4,7.1,0,0
1148.5,7.1,0,0
1148.6,7.1,0,0
1148.7,7.1,0,0
1148.8,7.1,0,0
1148.9,7.1,0,0
1149.1,7.1,0,0
1149.2,7.1,0,0
1149.3,7.1,0,0
1149.4,7.1,0,0
1149.5,7.1,0,0
1149.6,7.1,0,0
1149.7,7.1,0,0
1149.8,7.1,0,0
1149.9,7.1,0,0
1150,7.1,0,0
1150.1,7.1,0,0
1150.2,7.1,0,0
1150.3,7.1,0,0
1150.4,7.1,0,0
1150.5,7.1,0,0
1150.6,7.1,0,0
1150.8,7.1,0,0
1150.9,7.1,0,0
1151,7.1,0,0
1151.1,7.1,0,0
1151.2,7.1,0,0
1151.3,7.1,0,0
1151.4,7.1,0,0
1151.5,7.1,0,0
1151.6,7.1,0,0
1151.7,7.1,0,0
1151.8,7.1,0,0
1151.9,7.1,0,0
1152,7.3,0,0
1152.1,7.6,0,0
1152.2,7.6,0,0
1152.3,7.3,0,0
1152.5,7.3,0,0
1152.6,7.6,0,0
1152.7,7.6,0,0
1152.8,7.6,0,0
1152.9,7.6,0,0
1153,7.6,0,0
1153.1,7.6,0,0
1153.2,7.6,0,0
1153.3,7.6,0,0
1153.4,7.6,0,0
1153.5,7.6,0,0
1153.6,7.6,0,0
1153.7,7.6,0,0
1153.8,7.6,0,0
1153.9,7.6,0,0
1154,7.6,0,0
1154.2,8.2,0,0
1154.3,7.6,0,0
1154.4,7.6,0,0
1154.5,7.6,0,0
1154.6,8.2,0,0
1154.7,7.9,0,0
1154.8,8.2,0,0
1154.9,8.2,0,0
1155,8.2,0,0
1155.1,8.2,0,0
1155.2,8.2,0,0
1155.3,8.2,0,0
1155.4,8.2,0,0
1155.5,8.2,0,0
1155.6,8.2,0,0
1155.7,8.2,0,0
1155.9,8.2,0,0
1156,8.2,0,0
1156.1,7.9,0,0
1156.2,7.6,0,0
1156.3,7.6,0,0
1156.4,7.6,0,0
1156.5,7.6,0,0
1156.6,7.6,0,0
1156.7,7.6,0,0
1156.8,7.6,0,0
1156.9,7.6,0,0
1157,7.6,0,0
1157.1,8.2,0,0
1157.2,8.2,0,0
1157.3,8.2,0,0
1157.4,8.2,0,0
1157.5,8.2,0,0
1157.7,8.2,0,0
1157.8,7.6,0,0
1157.9,7.6,0,0
1158,8.2,0,0
1158.1,7.9,0,0
1158.2,7.6,0,0
1158.3,7.6,0,0
1158.4,7.6,0,0
1158.5,7.6,0,0
1158.6,7.6,0,0
1158.7,7.6,0,0
1158.8,7.9,0,0
1158.9,7.6,0,0
1159,8.2,0,0
1159.1,8.2,0,0
1159.2,8.2,0,0
1159.4,8.2,0,0
1159.5,8.2,0,0
1159.6,8.2,0,0
1159.7,7.9,0,0
1159.8,8.2,0,0
1159.9,8.2,0,0
1160,8.2,0,0
1160.1,8.2,0,0
1160.2,8.2,0,0
1160.3,8.2,0,0
1160.4,7.6,0,0
1160.5,7.6,0,0
1160.6,7.6,0,0
1160.7,7.6,0,0
1160.8,7.6,0,0
1160.9,7.6,0,0
1161.1,7.6,0,0
1161.2,7.6,0,0
1161.3,7.6,0,0
1161.4,7.6,0,0
1161.5,7.6,0,0
1161.6,7.6,0,0
1161.7,7.6,0,0
1161.8,7.6,0,0
1161.9,7.6,0,0
1162,7.6,0,0
1162.1,7.6,0,0
1162.2,7.6,0,0
1162.3,7.6,0,0
1162.4,7.6,0,0
1162.5,7.6,0,0
1162.6,7.6,0,0
1162.7,7.6,0,0
1162.9,7.6,0,0
1163,7.6,0,0
1163.1,7.9,0,0
1163.2,7.6,0,0
1163.3,7.6,0,0
1163.4,7.6,0,0
1163.5,7.6,0,0
1163.6,7.6,0,0
1163.7,7.6,0,0
1163.8,7.6,0,0
1163.9,7.6,0,0
1164,7.6,0,0
1164.1,7.6,0,0
1164.2,7.6,0,0
1164.3,7.6,0,0
1164.4,7.6,0,0
1164.6,7.6,0,0
1164.7,7.6,0,0
1164.8,7.6,0,0
1164.9,7.6,0,0
1165,7.6,0,0
1165.1,7.6,0,0
1165.2,7.6,0,0
1165.3,7.6,0,0
1165.4,7.6,0,0
1165.5,7.6,0,0
1165.6,7.6,0,0
1165.7,7.6,0,0
1165.8,7.6,0,0
1165.9,7.6,0,0
1166,7.6,0,0
1166.1,7.6,0,0
1166.2,7.6,0,0
1166.4,7.6,0,0
1166.5,7.6,0,0
1166.6,7.6,0,0
1166.7,7.6,0,0
1166.8,7.6,0,0
1166.9,7.6,0,0
1167,7.6,0,0
1167.1,7.6,0,0
1167.2,7.6,0,0
1167.3,7.6,0,0
1167.4,7.6,0,0
1167.5,7.6,0,0
1167.6,7.6,0,0
1167.7,7.6,0,0
1167.8,7.6,0,0
1167.9,7.6,0,0
1168.1,7.6,0,0
1168.2,7.6,0,0
1168.3,7.6,0,0
1168.4,7.6,0,0
1168.5,7.6,0,0
1168.6,7.9,0,0
1168.7,7.6,0,0
1168.8,7.6,0,0
1168.9,7.6,0,0
1169,7.6,0,0
1169.1,7.6,0,0
1169.2,7.6,0,0
1169.3,7.6,0,0
1169.4,7.6,0,0
1169.5,7.6,0,0
1169.6,7.6,0,0
1169.8,7.6,0,0
1169.9,7.6,0,0
1170,7.6,0,0
1170.1,7.6,0,0
1170.2,7.6,0,0
1170.3,7.6,0,0
1170.4,7.6,0,0
1170.5,7.6,0,0
1170.6,7.6,0,0
1170.7,7.6,0,0
1170.8,7.6,0,0
1170.9,7.6,0,0
1171,7.6,0,0
1171.1,7.6,0,0
1171.2,7.6,0,0
1171.3,7.9,0,0
1171.5,7.6,0,0
1171.6,7.6,0,0
1171.7,7.6,0,0
1171.8,7.6,0,0
1171.9,7.6,0,0
1172,7.6,0,0
1172.1,7.6,0,0
1172.2,7.6,0,0
1172.3,7.6,0,0
1172.4,7.6,0,0
1172.5,7.6,0,0
1172.6,7.6,0,0
1172.7,7.6,0,0
1172.8,7.6,0,0
1172.9,7.6,0,0
1173,7.6,0,0
1173.1,7.6,0,0
1173.3,7.6,0,0
1173.4,7.6,0,0
1173.5,7.6,0,0
1173.6,7.6,0,0
1173.7,7.6,0,0
1173.8,7.6,0,0
1173.9,7.6,0,0
1174,7.6,0,0
1174.1,7.9,0,0
1174.2,7.6,0,0
1174.3,7.6,0,0
1174.4,7.6,0,0
1174.5,7.6,0,0
1174.6,7.6,0,0
1174.7,7.6,0,0
1174.9,7.6,0,0
1175,7.6,0,0
1175.1,7.6,0,0
1175.2,7.6,0,0
1175.3,7.6,0,0
1175.4,7.6,0,0
1175.5,7.6,0,0
1175.6,7.6,0,0
1175.7,7.6,0,0
1175.8,7.6,0,0
1175.9,7.6,0,0
1176,7.6,0,0
1176.1,7.6,0,0
1176.2,7.6,0,0
1176.3,7.6,0,0
1176.4,7.6,0,0
1176.5,7.6,0,0
1176.7,7.6,0,0
1176.8,7.6,0,0
1176.9,7.6,0,0
1177,7.6,0,0
1177.1,7.6,0,0
1177.2,7.6,0,0
1177.3,7.6,0,0
1177.4,7.6,0,0
1177.5,7.6,0,0
1177.6,7.6,0,0
1177.7,7.6,0,0
1177.8,7.6,0,0
1177.9,7.6,0,0
1178,7.6,0,0
1178.1,7.6,0,0
1178.2,7.6,0,0
1178.3,7.6,0,0
1178.5,7.6,0,0
1178.6,7.6,0,0
1178.7,7.6,0,0
1178.8,7.6,0,0
1178.9,7.6,0,0
1179,7.6,0,0
1179.1,7.6,0,0
1179.2,7.6,0,0
1179.3,7.6,0,0
1179.4,7.6,0,0
1179.5,7.6,0,0
1179.6,7.6,0,0
1179.7,7.6,0,0
1179.8,7.6,0,0
1179.9,7.6,0,0
1180,7.6,0,0
1180.2,7.6,0,0
1180.3,7.6,0,0
1180.4,7.6,0,0
1180.5,7.6,0,0
1180.6,7.6,0,0
1180.7,7.6,0,0
1180.8,7.6,0,0
1180.9,7.6,0,0
1181,7.6,0,0
1181.1,7.6,0,0
1181.2,7.6,0,0
1181.3,7.6,0,0
1181.4,7.6,0,0
1181.5,7.6,0,0
1181.6,7.6,0,0
1181.7,7.6,0,0
1181.9,7.6,0,0
1182,7.6,0,0
1182.1,7.6,0,0
1182.2,7.6,0,0
1182.3,7.6,0,0
1182.4,7.6,0,0
1182.5,7.6,0,0
1182.6,7.6,0,0
1182.7,7.6,0,0
1182.8,7.6,0,0
1182.9,7.6,0,0
1183,7.6,0,0
1183.1,7.6,0,0
1183.2,7.6,0,0
1183.3,7.6,0,0
1183.4,7.6,0,0
1183.6,7.6,0,0
1183.7,7.6,0,0
1183.8,7.6,0,0
1183.9,7.6,0,0
1184,7.6,0,0
1184.1,7.6,0,0
1184.2,7.6,0,0
1184.3,7.6,0,0
1184.4,7.6,0,0
1184.5,7.6,0,0
1184.6,7.6,0,0
1184.7,7.6,0,0
1184.8,7.6,0,0
1184.9,7.6,0,0
1185,7.6,0,0
1185.1,7.6,0,0
1185.3,7.6,0,0
1185.4,7.6,0,0
1185.5,7.6,0,0
1185.6,7.6,0,0
1185.7,7.6,0,0
1185.8,7.6,0,0
1185.9,7.6,0,0
1186,7.6,0,0
1186.1,7.6,0,0
1186.2,7.6,0,0
1186.3,7.6,0,0
1186.4,7.6,0,0
1186.5,7.6,0,0
1186.6,7.6,0,0
1186.7,7.6,0,0
1186.8,7.6,0,0
1187,7.6,0,0
1187.1,7.6,0,0
1187.2,7.6,0,0
1187.3,7.6,0,0
1187.4,7.6,0,0
1187.5,7.6,0,0
1187.6,7.6,0,0
1187.7,7.6,0,0
1187.8,7.6,0,0
1187.9,7.6,0,0
1188,7.6,0,0
1188.1,7.6,0,0
1188.2,7.6,0,0
1188.3,7.6,0,0
1188.4,7.6,0,0
1188.6,7.6,0,0
1188.7,7.6,0,0
1188.8,7.6,0,0
1188.9,7.6,0,0
1189,7.6,0,0
1189.1,7.6,0,0
1189.2,7.6,0,0
1189.3,7.6,0,0
1189.4,7.6,0,0
1189.5,7.6,0,0
1189.6,7.6,0,0
1189.7,7.6,0,0
1189.8,7.6,0,0
1189.9,7.6,0,0
1190,7.6,0,0
1190.1,7.6,0,0
1190.3,7.6,0,0
1190.4,7.6,0,0
1190.5,7.6,0,0
1190.6,7.6,0,0
1190.7,7.6,0,0
1190.8,7.6,0,0
1190.9,7.6,0,0
1191,7.6,0,0
1191.1,7.6,0,0
1191.2,7.6,0,0
1191.3,7.6,0,0
1191.4,7.6,0,0
1191.5,7.6,0,0
1191.6,7.6,0,0
1191.7,7.6,0,0
1191.9,7.6,0,0
1192,7.6,0,0
1192.1,7.6,0,0
1192.2,7.6,0,0
1192.3,7.6,0,0
1192.4,7.6,0,0
1192.5,7.6,0,0
1192.6,7.6,0,0
1192.7,7.6,0,0
1192.8,7.6,0,0
1192.9,7.6,0,0
1193,7.6,0,0
1193.1,7.6,0,0
1193.2,7.6,0,0
1193.3,7.6,0,0
1193.4,7.6,0,0
1193.6,7.6,0,0
1193.7,7.6,0,0
1193.8,7.6,0,0
1193.9,7.6,0,0
1194,7.6,0,0
1194.1,7.6,0,0
1194.2,7.6,0,0
1194.3,7.6,0,0
1194.4,7.6,0,0
1194.5,7.6,0,0
1194.6,7.6,0,0
1194.7,7.6,0,0
1194.8,7.6,0,0
1194.9,7.6,0,0
1195,7.6,0,0
1195.1,7.6,0,0
1195.3,7.6,0,0
1195.4,7.6,0,0
1195.5,7.6,0,0
1195.6,7.6,0,0
1195.7,7.6,0,0
1195.8,7.6,0,0
1195.9,7.6,0,0
1196,7.6,0,0
1196.1,7.6,0,0
1196.2,7.6,0,0
1196.3,7.6,0,0
1196.4,7.6,0,0
1196.5,7.6,0,0
1196.6,7.6,0,0
1196.7,7.6,0,0
1196.8,7.6,0,0
1196.9,7.6,0,0
1197.1,7.6,0,0
1197.2,7.6,0,0
1197.3,7.6,0,0
1197.4,7.6,0,0
1197.5,7.6,0,0
1197.6,7.6,0,0
1197.7,7.6,0,0
1197.8,7.6,0,0
1197.9,7.6,0,0
1198,7.6,0,0
1198.1,7.6,0,0
1198.2,7.6,0,0
1198.3,7.6,0,0
1198.4,7.6,0,0
1198.5,7.6,0,0
1198.6,7.6,0,0
1198.8,7.6,0,0
1198.9,7.6,0,0
1199,7.6,0,0
1199.1,7.9,0,0
1199.2,7.6,0,0
1199.3,7.6,0,0
1199.4,7.6,0,0
1199.5,7.6,0,0
1199.6,7.6,0,0
1199.7,7.6,0,0
1199.8,7.6,0,0
1199.9,7.6,0,0
1200,7.6,0,0
1200.1,7.6,0,0
1200.2,7.6,0,0
1200.3,7.6,0,0
1200.5,7.6,0,0
1200.6,7.6,0,0
1200.7,7.6,0,0
1200.8,7.6,0,0
1200.9,7.6,0,0
1201,7.6,0,0
1201.1,7.6,0,0
1201.2,7.6,0,0
1201.3,7.6,0,0
1201.4,7.6,0,0
1201.5,7.6,0,0
1201.6,7.6,0,0
1201.7,7.6,0,0
1201.8,7.6,0,0
1201.9,7.6,0,0
1202,7.6,0,0
1202.2,7.6,0,0
1202.3,7.6,0,0
1202.4,7.6,0,0
1202.5,7.6,0,0
1202.6,7.6,0,0
1202.7,7.6,0,0
1202.8,7.6,0,0
1202.9,7.6,0,0
1203,7.6,0,0
1203.1,7.6,0,0
1203.2,7.6,0,0
1203.3,7.6,0,0
1203.4,7.6,0,0
1203.5,7.6,0,0
1203.6,7.6,0,0
1203.7,7.6,0,0
1203.9,7.6,0,0
1204,7.6,0,0
1204.1,7.6,0,0
1204.2,7.6,0,0
1204.3,7.6,0,0
1204.4,7.6,0,0
1204.5,7.6,0,0
1204.6,7.6,0,0
1204.7,7.6,0,0
1204.8,7.6,0,0
1204.9,7.6,0,0
1205,7.6,0,0
1205.1,7.6,0,0
1205.2,7.6,0,0
1205.3,7.6,0,0
1205.4,7.6,0,0
1205.6,7.6,0,0
1205.7,7.6,0,0
1205.8,7.6,0,0
1205.9,7.6,0,0
1206,7.6,0,0
1206.1,7.6,0,0
1206.2,7.6,0,0
1206.3,7.6,0,0
1206.4,7.6,0,0
1206.5,7.6,0,0
1206.6,7.6,0,0
1206.7,7.6,0,0
1206.8,7.6,0,0
1206.9,7.6,0,0
1207,7.6,0,0
1207.1,7.6,0,0
1207.3,7.6,0,0
1207.4,7.6,0,0
1207.5,7.6,0,0
1207.6,7.6,0,0
1207.7,7.6,0,0
1207.8,7.6,0,0
1207.9,7.6,0,0
1208,7.6,0,0
1208.1,7.6,0,0
1208.2,7.6,0,0
1208.3,7.6,0,0
1208.4,7.6,0,0
1208.5,7.6,0,0
1208.6,7.6,0,0
1208.7,7.6,0,0
1208.8,7.6,0,0
1209,7.6,0,0
1209.1,7.6,0,0
1209.2,7.6,0,0
1209.3,7.6,0,0
1209.4,7.6,0,0
1209.5,7.6,0,0
1209.6,7.6,0,0
1209.7,7.6,0,0
1209.8,7.6,0,0
1209.9,7.6,0,0
1210,7.6,0,0
1210.1,7.6,0,0
1210.2,7.6,0,0
1210.3,7.6,0,0
1210.4,7.6,0,0
1210.5,7.6,0,0
1210.7,7.6,0,0
1210.8,7.6,0,0
1210.9,7.6,0,0
1211,7.6,0,0
1211.1,7.6,0,0
1211.2,7.6,0,0
1211.3,7.6,0,0
1211.4,7.6,0,0
1211.5,7.6,0,0
1211.6,7.6,0,0
1211.7,7.6,0,0
1211.8,7.6,0,0
1211.9,7.6,0,0
1212,7.6,0,0
1212.1,7.6,0,0
1212.2,7.6,0,0
1212.4,7.6,0,0
1212.5,7.6,0,0
1212.6,7.6,0,0
1212.7,7.6,0,0
1212.8,7.6,0,0
1212.9,7.6,0,0
1213,7.6,0,0
1213.1,7.6,0,0
1213.2,7.6,0,0
1213.3,7.6,0,0
1213.4,7.6,0,0
1213.5,7.6,0,0
1213.6,7.6,0,0
1213.7,7.6,0,0
1213.8,7.6,0,0
1213.9,7.6,0,0
1214,7.6,0,0
1214.2,7.6,0,0
1214.3,7.6,0,0
1214.4,7.6,0,0
1214.5,7.6,0,0
1214.6,7.6,0,0
1214.7,7.6,0,0
1214.8,7.6,0,0
1214.9,7.6,0,0
1215,7.6,0,0
1215.1,7.6,0,0
1215.2,7.6,0,0
1215.3,7.6,0,0
1215.4,7.6,0,0
1215.5,7.6,0,0
1215.6,7.6,0,0
1215.7,7.6,0,0
1215.9,7.6,0,0
1216,7.6,0,0
1216.1,7.6,0,0
1216.2,7.6,0,0
1216.3,7.6,0,0
1216.4,7.6,0,0
1216.5,7.6,0,0
1216.6,7.6,0,0
1216.7,7.6,0,0
1216.8,7.6,0,0
1216.9,7.6,0,0
1217,7.6,0,0
1217.1,7.6,0,0
1217.2,7.6,0,0
1217.3,7.6,0,0
1217.4,7.6,0,0
1217.6,7.6,0,0
1217.7,7.6,0,0
1217.8,7.6,0,0
1217.9,7.6,0,0
1218,7.6,0,0
1218.1,7.6,0,0
1218.2,7.6,0,0
1218.3,7.6,0,0
1218.4,7.6,0,0
1218.5,7.6,0,0
1218.6,7.6,0,0
1218.7,7.6,0,0
1218.8,7.6,0,0
1218.9,7.6,0,0
1219,7.6,0,0
1219.1,7.6,0,0
1219.2,7.6,0,0
1219.4,7.6,0,0
1219.5,7.6,0,0
1219.6,7.6,0,0
1219.7,7.6,0,0
1219.8,7.6,0,0
1219.9,7.6,0,0
1220,7.6,0,0
1220.1,7.6,0,0
1220.2,7.6,0,0
1220.3,7.6,0,0
1220.4,7.6,0,0
1220.5,7.6,0,0
1220.6,7.6,0,0
1220.7,7.6,0,0
1220.8,7.6,0,0
1220.9,7.6,0,0
1221.1,7.6,0,0
1221.2,7.6,0,0
1221.3,7.6,0,0
1221.4,7.6,0,0
1221.5,7.6,0,0
1221.6,7.6,0,0
1221.7,7.6,0,0
1221.8,7.6,0,0
1221.9,7.6,0,0
1222,7.6,0,0
1222.1,7.6,0,0
1222.2,7.6,0,0
1222.3,7.6,0,0
1222.4,7.6,0,0
1222.5,7.6,0,0
1222.6,7.6,0,0
1222.7,7.6,0,0
1222.9,7.6,0,0
1223,7.6,0,0
1223.1,7.6,0,0
1223.2,7.6,0,0
1223.3,7.6,0,0
1223.4,7.6,0,0
1223.5,7.6,0,0
1223.6,7.6,0,0
1223.7,7.6,0,0
1223.8,7.6,0,0
1223.9,7.6,0,0
1224,7.3,0,0
1224.1,7.6,0,0
1224.2,7.6,0,0
1224.3,7.6,0,0
1224.4,7.6,0,0
1224.6,7.6,0,0
1224.7,7.6,0,0
1224.8,7.6,0,0
1224.9,7.6,0,0
1225,7.6,0,0
1225.1,7.6,0,0
1225.2,7.6,0,0
1225.3,7.6,0,0
1225.4,7.6,0,0
1225.5,7.6,0,0
1225.6,7.6,0,0
1225.7,7.6,0,0
1225.8,7.6,0,0
1225.9,7.6,0,0
1226,7.6,0,0
1226.1,7.6,0,0
1226.3,7.6,0,0
1226.4,7.6,0,0
1226.5,7.6,0,0
1226.6,7.6,0,0
1226.7,7.6,0,0
1226.8,7.6,0,0
1226.9,7.6,0,0
1227,7.6,0,0
1227.1,7.6,0,0
1227.2,7.6,0,0
1227.3,7.6,0,0
1227.4,7.6,0,0
1227.5,7.6,0,0
1227.6,7.3,0,0
1227.7,7.6,0,0
1227.8,7.6,0,0
1227.9,7.6,0,0
1228.1,7.6,0,0
1228.2,7.6,0,0
1228.3,7.6,0,0
1228.4,7.6,0,0
1228.5,7.6,0,0
1228.6,7.6,0,0
1228.7,7.6,0,0
1228.8,7.6,0,0
1228.9,7.6,0,0
1229,7.6,0,0
1229.1,7.6,0,0
1229.2,7.6,0,0
1229.3,7.6,0,0
1229.4,7.6,0,0
1229.5,7.6,0,0
1229.6,7.6,0,0
1229.8,7.6,0,0
1229.9,7.6,0,0
1230,7.6,0,0
1230.1,7.6,0,0
1230.2,7.6,0,0
1230.3,7.6,0,0
1230.4,7.6,0,0
1230.5,7.6,0,0
1230.6,7.6,0,0
1230.7,7.6,0,0
1230.8,7.6,0,0
1230.9,7.6,0,0
1231,7.6,0,0
1231.1,7.6,0,0
1231.2,7.3,0,0
1231.3,7.6,0,0
1231.5,7.6,0,0
1231.6,7.6,0,0
1231.7,7.6,0,0
1231.8,7.6,0,0
1231.9,7.6,0,0
1232,7.6,0,0
1232.1,7.6,0,0
1232.2,7.6,0,0
1232.3,7.6,0,0
1232.4,7.6,0,0
1232.5,7.6,0,0
1232.6,7.6,0,0
1232.7,7.6,0,0
1232.8,7.6,0,0
1232.9,7.6,0,0
1233.1,7.6,0,0
1233.2,7.6,0,0
1233.3,7.6,0,0
1233.4,7.6,0,0
1233.5,7.6,0,0
1233.6,7.6,0,0
1233.7,7.6,0,0
1233.8,7.6,0,0
1233.9,7.6,0,0
1234,7.6,0,0
1234.1,7.6,0,0
1234.2,7.6,0,0
1234.3,7.6,0,0
1234.4,7.6,0,0
1234.5,7.6,0,0
1234.6,7.6,0,0
1234.8,7.6,0,0
1234.9,7.6,0,0
1235,7.6,0,0
1235.1,7.6,0,0
1235.2,7.6,0,0
1235.3,7.6,0,0
1235.4,7.6,0,0
1235.5,7.6,0,0
1235.6,7.6,0,0
1235.7,7.6,0,0
1235.8,7.6,0,0
1235.9,7.6,0,0
1236,7.6,0,0
1236.1,7.6,0,0
1236.2,7.6,0,0
1236.3,7.6,0,0
1236.5,7.6,0,0
1236.6,7.6,0,0
1236.7,7.6,0,0
1236.8,7.6,0,0
1236.9,7.3,0,0
1237,7.6,0,0
1237.1,7.6,0,0
1237.2,7.6,0,0
1237.3,7.6,0,0
1237.4,7.6,0,0
1237.5,7.6,0,0
1237.6,7.6,0,0
1237.7,7.6,0,0
1237.8,7.6,0,0
1237.9,7.6,0,0
1238,7.6,0,0
1238.2,7.6,0,0
1238.3,7.6,0,0
1238.4,7.6,0,0
1238.5,7.6,0,0
1238.6,7.6,0,0
1238.7,7.6,0,0
1238.8,7.6,0,0
1238.9,7.6,0,0
1239,7.6,0,0
1239.1,7.6,0,0
1239.2,7.6,0,0
1239.3,7.6,0,0
1239.4,7.6,0,0
1239.5,7.6,0,0
1239.6,7.6,0,0
1239.7,7.6,0,0
1239.8,7.6,0,0
1240,7.6,0,0
1240.1,7.6,0,0
1240.2,7.6,0,0
1240.3,7.6,0,0
1240.4,7.6,0,0
1240.5,7.3,0,0
1240.6,7.6,0,0
1240.7,7.6,0,0
1240.8,7.6,0,0
1240.9,7.6,0,0
1241,7.6,0,0
1241.1,7.6,0,0
1241.2,7.6,0,0
1241.3,7.6,0,0
1241.4,7.6,0,0
1241.5,7.6,0,0
1241.7,7.6,0,0
1241.8,7.6,0,0
1241.9,7.6,0,0
1242,7.6,0,0
1242.1,7.6,0,0
1242.2,7.6,0,0
1242.3,7.6,0,0
1242.4,7.6,0,0
1242.5,7.6,0,0
1242.6,7.6,0,0
1242.7,7.6,0,0
1242.8,7.6,0,0
1242.9,7.6,0,0
1243,7.6,0,0
1243.1,7.6,0,0
1243.2,7.6,0,0
1243.3,7.6,0,0
1243.5,7.6,0,0
1243.6,7.6,0,0
1243.7,7.6,0,0
1243.8,7.6,0,0
1243.9,7.6,0,0
1244,7.6,0,0
1244.1,7.6,0,0
1244.2,7.6,0,0
1244.3,7.6,0,0
1244.4,7.6,0,0
1244.5,7.6,0,0
1244.6,7.6,0,0
1244.7,7.6,0,0
1244.8,7.6,0,0
1244.9,7.6,0,0
1245,7.6,0,0
1245.1,7.6,0,0
1245.3,7.6,0,0
1245.4,7.6,0,0
1245.5,7.6,0,0
1245.6,7.6,0,0
1245.7,7.6,0,0
1245.8,7.6,0,0
1245.9,7.6,0,0
1246,7.6,0,0
1246.1,7.6,0,0
1246.2,7.6,0,0
1246.3,7.6,0,0
1246.4,7.6,0,0
1246.5,7.6,0,0
1246.6,7.6,0,0
1246.7,7.6,0,0
1246.8,7.6,0,0
1247,7.6,0,0
1247.1,7.6,0,0
1247.2,7.6,0,0
1247.3,7.6,0,0
1247.4,7.6,0,0
1247.5,7.6,0,0
1247.6,7.6,0,0
1247.7,7.6,0,0
1247.8,7.6,0,0
1247.9,7.6,0,0
1248,7.6,0,0
1248.1,7.6,0,0
1248.2,7.3,0,0
1248.3,7.6,0,0
1248.4,7.6,0,0
1248.5,7.6,0,0
1248.6,7.6,0,0
1248.8,7.6,0,0
1248.9,7.6,0,0
1249,7.6,0,0
1249.1,7.6,0,0
1249.2,7.6,0,0
1249.3,7.6,0,0
1249.4,7.6,0,0
1249.5,7.6,0,0
1249.6,7.6,0,0
1249.7,7.6,0,0
1249.8,7.6,0,0
1249.9,7.6,0,0
1250,7.6,0,0
1250.1,7.6,0,0
1250.2,7.6,0,0
1250.3,7.6,0,0
1250.5,7.6,0,0
1250.6,7.6,0,0
1250.7,7.6,0,0
1250.8,7.6,0,0
1250.9,7.6,0,0
1251,7.6,0,0
1251.1,7.6,0,0
1251.2,7.6,0,0
1251.3,7.6,0,0
1251.4,7.6,0,0
1251.5,7.6,0,0
1251.6,7.6,0,0
1251.7,7.6,0,0
1251.8,7.3,0,0
1251.9,7.6,0,0
1252,7.6,0,0
1252.2,7.6,0,0
1252.3,7.6,0,0
1252.4,7.6,0,0
1252.5,7.6,0,0
1252.6,7.6,0,0
1252.7,7.6,0,0
1252.8,7.6,0,0
1252.9,7.6,0,0
1253,7.6,0,0
1253.1,7.6,0,0
1253.2,7.6,0,0
1253.3,7.6,0,0
1253.4,7.6,0,0
1253.5,7.6,0,0
1253.6,7.6,0,0
1253.7,7.6,0,0
1253.8,7.6,0,0
1254,7.6,0,0
1254.1,7.6,0,0
1254.2,7.6,0,0
1254.3,7.6,0,0
1254.4,7.6,0,0
1254.5,7.6,0,0
1254.6,7.6,0,0
1254.7,7.6,0,0
1254.8,7.6,0,0
1254.9,7.6,0,0
1255,7.6,0,0
1255.1,7.6,0,0
1255.2,7.6,0,0
1255.3,7.6,0,0
1255.4,7.6,0,0
1255.5,7.6,0,0
1255.7,7.6,0,0
1255.8,7.6,0,0
1255.9,7.6,0,0
1256,7.6,0,0
1256.1,7.6,0,0
1256.2,7.6,0,0
1256.3,7.6,0,0
1256.4,7.6,0,0
1256.5,7.6,0,0
1256.6,7.6,0,0
1256.7,7.6,0,0
1256.8,7.6,0,0
1256.9,7.6,0,0
1257,7.6,0,0
1257.1,7.6,0,0
1257.2,7.6,0,0
1257.3,7.6,0,0
1257.5,7.6,0,0
1257.6,7.6,0,0
1257.7,7.6,0,0
1257.8,7.6,0,0
1257.9,7.6,0,0
1258,7.6,0,0
1258.1,7.6,0,0
1258.2,7.6,0,0
1258.3,7.6,0,0
1258.4,7.6,0,0
1258.5,7.6,0,0
1258.6,7.6,0,0
1258.7,7.6,0,0
1258.8,7.6,0,0
1258.9,7.6,0,0
1259,7.3,0,0
1259.2,7.6,0,0
1259.3,7.6,0,0
1259.4,7.6,0,0
1259.5,7.6,0,0
1259.6,7.6,0,0
1259.7,7.6,0,0
1259.8,7.6,0,0
1259.9,7.6,0,0
1260,7.6,0,0
1260.1,7.6,0,0
1260.2,7.6,0,0
1260.3,7.6,0,0
1260.4,7.6,0,0
1260.5,7.6,0,0
1260.6,7.6,0,0
1260.7,7.6,0,0
1260.9,7.6,0,0
1261,7.6,0,0
1261.1,7.6,0,0
1261.2,7.6,0,0
1261.3,7.6,0,0
1261.4,7.6,0,0
1261.5,7.6,0,0
1261.6,7.6,0,0
1261.7,7.6,0,0
1261.8,7.6,0,0
1261.9,7.6,0,0
1262,7.6,0,0
1262.1,7.6,0,0
1262.2,7.6,0,0
1262.3,7.6,0,0
1262.4,7.6,0,0
1262.6,7.6,0,0
1262.7,7.6,0,0
1262.8,7.6,0,0
1262.9,7.6,0,0
1263,7.6,0,0
1263.1,7.6,0,0
1263.2,7.6,0,0
1263.3,7.6,0,0
1263.4,7.6,0,0
1263.5,7.6,0,0
1263.6,7.6,0,0
1263.7,7.6,0,0
1263.8,7.6,0,0
1263.9,7.6,0,0
1264,7.6,0,0
1264.1,7.6,0,0
1264.3,7.6,0,0
1264.4,7.6,0,0
1264.5,7.6,0,0
1264.6,7.6,0,0
1264.7,7.6,0,0
1264.8,7.6,0,0
1264.9,7.6,0,0
1265,7.6,0,0
1265.1,7.6,0,0
1265.2,7.6,0,0
1265.3,7.6,0,0
1265.4,7.6,0,0
1265.5,7.6,0,0
1265.6,7.6,0,0
1265.7,7.3,0,0
1265.8,7.6,0,0
1266,7.6,0,0
1266.1,7.6,0,0
1266.2,7.6,0,0
1266.3,7.6,0,0
1266.4,7.6,0,0
1266.5,7.6,0,0
1266.6,7.6,0,0
1266.7,7.6,0,0
1266.8,7.6,0,0
1266.9,7.6,0,0
1267,7.6,0,0
1267.1,7.6,0,0
1267.2,7.6,0,0
1267.3,7.6,0,0
1267.4,7.6,0,0
1267.5,7.6,0,0
1267.7,7.6,0,0
1267.8,7.6,0,0
1267.9,7.6,0,0
1268,7.6,0,0
1268.1,7.6,0,0
1268.2,7.6,0,0
1268.3,7.6,0,0
1268.4,7.6,0,0
1268.5,7.6,0,0
1268.6,7.6,0,0
1268.7,7.6,0,0
1268.8,7.6,0,0
1268.9,7.6,0,0
1269,7.6,0,0
1269.1,7.6,0,0
1269.2,7.6,0,0
1269.4,7.6,0,0
1269.5,7.6,0,0
1269.6,7.6,0,0
1269.7,7.6,0,0
1269.8,7.6,0,0
1269.9,7.6,0,0
1270,7.6,0,0
1270.1,7.6,0,0
1270.2,7.6,0,0
1270.3,7.6,0,0
1270.4,7.6,0,0
1270.5,7.6,0,0
1270.6,7.6,0,0
1270.7,7.6,0,0
1270.8,7.6,0,0
1270.9,7.6,0,0
1271.1,7.6,0,0
1271.2,7.6,0,0
1271.3,7.6,0,0
1271.4,7.6,0,0
1271.5,7.6,0,0
1271.6,7.6,0,0
1271.7,7.6,0,0
1271.8,7.6,0,0
1271.9,7.6,0,0
1272,7.6,0,0
1272.1,7.6,0,0
1272.2,7.6,0,0
1272.3,7.6,0,0
1272.4,7.6,0,0
1272.5,7.6,0,0
1272.6,7.6,0,0
1272.7,7.6,0,0
1272.9,7.6,0,0
1273,7.6,0,0
1273.1,7.6,0,0
1273.2,7.6,0,0
1273.3,7.6,0,0
1273.4,7.6,0,0
1273.5,7.6,0,0
1273.6,7.6,0,0
1273.7,7.6,0,0
1273.8,7.6,0,0
1273.9,7.6,0,0
1274,7.6,0,0
1274.1,7.6,0,0
1274.2,7.6,0,0
1274.3,7.6,0,0
1274.4,7.6,0,0
1274.5,7.6,0,0
1274.7,7.6,0,0
1274.8,7.6,0,0
1274.9,7.6,0,0
1275,7.6,0,0
1275.1,7.6,0,0
1275.2,7.6,0,0
1275.3,7.6,0,0
1275.4,7.6,0,0
1275.5,7.6,0,0
1275.6,7.6,0,0
1275.7,7.6,0,0
1275.8,7.6,0,0
1275.9,7.6,0,0
1276,7.3,0,0
1276.1,7.6,0,0
1276.2,7.6,0,0
1276.4,7.6,0,0
1276.5,7.6,0,0
1276.6,7.6,0,0
1276.7,7.6,0,0
1276.8,7.6,0,0
1276.9,7.6,0,0
1277,7.6,0,0
1277.1,7.6,0,0
1277.2,7.6,0,0
1277.3,7.6,0,0
1277.4,7.6,0,0
1277.5,7.6,0,0
1277.6,7.6,0,0
1277.7,7.6,0,0
1277.8,7.6,0,0
1277.9,7.6,0,0
1278.1,7.3,0,0
1278.2,7.6,0,0
1278.3,7.6,0,0
1278.4,7.6,0,0
1278.5,7.6,0,0
1278.6,7.6,0,0
1278.7,7.6,0,0
1278.8,7.6,0,0
1278.9,7.6,0,0
1279,7.6,0,0
1279.1,7.6,0,0
1279.2,7.6,0,0
1279.3,7.6,0,0
1279.4,7.6,0,0
1279.5,7.6,0,0
1279.6,7.6,0,0
1279.8,7.6,0,0
1279.9,7.6,0,0
1280,7.6,0,0
1280.1,7.6,0,0
1280.2,7.6,0,0
1280.3,7.6,0,0
1280.4,7.6,0,0
1280.5,7.6,0,0
1280.6,7.6,0,0
1280.7,7.6,0,0
1280.8,7.6,0,0
1280.9,7.6,0,0
1281,7.6,0,0
1281.1,7.6,0,0
1281.2,7.6,0,0
1281.3,7.6,0,0
1281.5,7.6,0,0
1281.6,7.6,0,0
1281.7,7.6,0,0
1281.8,7.6,0,0
1281.9,7.6,0,0
1282,7.6,0,0
1282.1,7.6,0,0
1282.2,7.6,0,0
1282.3,7.6,0,0
1282.4,7.6,0,0
1282.5,7.6,0,0
1282.6,7.6,0,0
1282.7,7.6,0,0
1282.8,7.6,0,0
1282.9,7.6,0,0
1283,7.6,0,0
1283.2,7.6,0,0
1283.3,7.6,0,0
1283.4,7.6,0,0
1283.5,7.6,0,0
1283.6,7.6,0,0
1283.7,7.6,0,0
1283.8,7.6,0,0
1283.9,7.6,0,0
1284,7.6,0,0
1284.1,7.6,0,0
1284.2,7.6,0,0
1284.3,7.6,0,0
1284.4,7.6,0,0
1284.5,7.6,0,0
1284.6,7.6,0,0
1284.7,7.3,0,0
1284.9,7.6,0,0
1285,7.6,0,0
1285.1,7.6,0,0
1285.2,7.6,0,0
1285.3,7.6,0,0
1285.4,7.6,0,0
1285.5,7.6,0,0
1285.6,7.6,0,0
1285.7,7.6,0,0
1285.8,7.6,0,0
1285.9,7.6,0,0
1286,7.6,0,0
1286.1,7.6,0,0
1286.2,7.6,0,0
1286.3,7.6,0,0
1286.4,7.6,0,0
1286.5,7.6,0,0
1286.7,7.6,0,0
1286.8,7.6,0,0
1286.9,7.6,0,0
1287,7.6,0,0
1287.1,7.6,0,0
1287.2,7.6,0,0
1287.3,7.6,0,0
1287.4,7.6,0,0
1287.5,7.6,0,0
1287.6,7.6,0,0
1287.7,7.6,0,0
1287.8,7.6,0,0
1287.9,7.6,0,0
1288,7.6,0,0
1288.1,7.6,0,0
1288.2,7.6,0,0
1288.4,7.3,0,0
1288.5,7.6,0,0
1288.6,7.6,0,0
1288.7,7.6,0,0
1288.8,7.6,0,0
1288.9,7.6,0,0
1289,7.6,0,0
1289.1,7.6,0,0
1289.2,7.6,0,0
1289.3,7.6,0,0
1289.4,7.6,0,0
1289.5,7.6,0,0
1289.6,7.6,0,0
1289.7,7.6,0,0
1289.8,7.6,0,0
1289.9,7.6,0,0
1290.1,7.6,0,0
1290.2,7.6,0,0
1290.3,7.6,0,0
1290.4,7.6,0,0
1290.5,7.6,0,0
1290.6,7.6,0,0
1290.7,7.6,0,0
1290.8,7.6,0,0
1290.9,7.6,0,0
1291,7.6,0,0
1291.1,7.6,0,0
1291.2,7.6,0,0
1291.3,7.6,0,0
1291.4,7.6,0,0
1291.5,7.6,0,0
1291.7,7.6,0,0
1291.8,7.6,0,0
1291.9,7.3,0,0
1292,7.6,0,0
1292.1,7.6,0,0
1292.2,7.6,0,0
1292.3,7.6,0,0
1292.4,7.6,0,0
1292.5,7.6,0,0
1292.6,7.6,0,0
1292.7,7.6,0,0
1292.8,7.6,0,0
1292.9,7.6,0,0
1293,7.6,0,0
1293.1,7.6,0,0
1293.2,7.6,0,0
1293.3,7.6,0,0
1293.5,7.6,0,0
1293.6,7.6,0,0
1293.7,7.6,0,0
1293.8,7.6,0,0
1293.9,7.6,0,0
1294,7.6,0,0
1294.1,7.6,0,0
1294.2,7.6,0,0
1294.3,7.6,0,0
1294.4,7.6,0,0
1294.5,7.6,0,0
1294.6,7.6,0,0
1294.7,7.6,0,0
1294.8,7.6,0,0
1295,7.6,0,0
1295.1,7.6,0,0
1295.2,7.6,0,0
1295.3,7.6,0,0
1295.4,7.6,0,0
1295.5,7.6,0,0
1295.6,7.6,0,0
1295.7,7.6,0,0
1295.8,7.6,0,0
1295.9,7.6,0,0
1296,7.6,0,0
1296.1,7.6,0,0
1296.2,7.6,0,0
1296.3,7.6,0,0
1296.4,7.6,0,0
1296.5,7.6,0,0
1296.7,7.6,0,0
1296.8,7.6,0,0
1296.9,7.6,0,0
1297,7.6,0,0
1297.1,7.6,0,0
1297.2,7.6,0,0
1297.3,7.6,0,0
1297.4,7.6,0,0
1297.5,7.6,0,0
1297.6,7.6,0,0
1297.7,7.6,0,0
1297.8,7.6,0,0
1297.9,7.6,0,0
1298,7.6,0,0
1298.1,7.6,0,0
1298.2,7.6,0,0
1298.3,7.6,0,0
1298.5,7.6,0,0
1298.6,7.6,0,0
1298.7,7.6,0,0
1298.8,7.6,0,0
1298.9,7.6,0,0
1299,7.6,0,0
1299.1,7.6,0,0
1299.2,7.6,0,0
1299.3,7.6,0,0
1299.4,7.6,0,0
1299.5,7.6,0,0
1299.6,7.6,0,0
1299.7,7.6,0,0
1299.8,7.6,0,0
1299.9,7.6,0,0
1300.1,7.6,0,0
1300.2,7.6,0,0
1300.3,7.6,0,0
1300.4,7.6,0,0
1300.5,7.6,0,0
1300.6,7.6,0,0
1300.7,7.6,0,0
1300.8,7.6,0,0
1300.9,7.6,0,0
1301,7.6,0,0
1301.1,7.6,0,0
1301.2,7.6,0,0
1301.3,7.6,0,0
1301.4,7.6,0,0
1301.5,7.6,0,0
1301.6,7.6,0,0
1301.8,7.6,0,0
1301.9,7.6,0,0
1302,7.6,0,0
1302.1,7.6,0,0
1302.2,7.6,0,0
1302.3,7.6,0,0
1302.4,7.6,0,0
1302.5,7.6,0,0
1302.6,7.6,0,0
1302.7,7.6,0,0
1302.8,7.6,0,0
1302.9,7.6,0,0
1303,7.6,0,0
1303.1,7.6,0,0
1303.2,7.6,0,0
1303.3,7.6,0,0
1303.5,7.6,0,0
1303.6,7.6,0,0
1303.7,7.6,0,0
1303.8,7.6,0,0
1303.9,7.6,0,0
1304,7.6,0,0
1304.1,7.6,0,0
1304.2,7.6,0,0
1304.3,7.6,0,0
1304.4,7.3,0,0
1304.5,7.6,0,0
1304.6,7.6,0,0
1304.7,7.6,0,0
1304.8,7.6,0,0
1304.9,7.6,0,0
1305,7.6,0,0
1305.1,7.6,0,0
1305.3,7.6,0,0
1305.4,7.6,0,0
1305.5,7.6,0,0
1305.6,7.6,0,0
1305.7,7.6,0,0
1305.8,7.6,0,0
1305.9,7.6,0,0
1306,7.6,0,0
1306.1,7.6,0,0
1306.2,7.6,0,0
1306.3,7.6,0,0
1306.4,7.6,0,0
1306.5,7.6,0,0
1306.6,7.6,0,0
1306.7,7.6,0,0
1306.8,7.6,0,0
1307,7.6,0,0
1307.1,7.6,0,0
1307.2,7.6,0,0
1307.3,7.6,0,0
1307.4,7.6,0,0
1307.5,7.6,0,0
1307.6,7.6,0,0
1307.7,7.6,0,0
1307.8,7.6,0,0
1307.9,7.6,0,0
1308,7.6,0,0
1308.1,7.6,0,0
1308.2,7.6,0,0
1308.3,7.6,0,0
1308.4,7.6,0,0
1308.6,7.6,0,0
1308.7,7.6,0,0
1308.8,7.6,0,0
1308.9,7.6,0,0
1309,7.6,0,0
1309.1,7.6,0,0
1309.2,7.6,0,0
1309.3,7.6,0,0
1309.4,7.6,0,0
1309.5,7.6,0,0
1309.6,7.6,0,0
1309.7,7.6,0,0
1309.8,7.6,0,0
1309.9,7.6,0,0
1310,7.6,0,0
1310.1,7.6,0,0
1310.3,7.6,0,0
1310.4,7.6,0,0
1310.5,7.6,0,0
1310.6,7.6,0,0
1310.7,7.6,0,0
1310.8,7.6,0,0
1310.9,7.6,0,0
1311,7.6,0,0
1311.1,7.6,0,0
1311.2,7.6,0,0
1311.3,7.6,0,0
1311.4,7.6,0,0
1311.5,7.6,0,0
1311.6,7.6,0,0
1311.7,7.6,0,0
1311.8,7.6,0,0
1312,7.6,0,0
1312.1,7.6,0,0
1312.2,7.6,0,0
1312.3,7.6,0,0
1312.4,7.6,0,0
1312.5,7.6,0,0
1312.6,7.6,0,0
1312.7,7.6,0,0
1312.8,7.6,0,0
1312.9,7.6,0,0
1313,7.6,0,0
1313.1,7.6,0,0
1313.2,7.6,0,0
1313.3,7.6,0,0
1313.4,7.6,0,0
1313.5,7.6,0,0
1313.7,7.6,0,0
1313.8,7.6,0,0
1313.9,7.6,0,0
1314,7.6,0,0
1314.1,7.6,0,0
1314.2,7.6,0,0
1314.3,7.6,0,0
1314.4,7.6,0,0
1314.5,7.6,0,0
1314.6,7.6,0,0
1314.7,7.6,0,0
1314.8,7.6,0,0
1314.9,7.6,0,0
1315,7.6,0,0
1315.1,7.6,0,0
1315.2,7.6,0,0
1315.4,7.6,0,0
1315.5,7.6,0,0
1315.6,7.6,0,0
1315.7,7.6,0,0
1315.8,7.6,0,0
1315.9,7.6,0,0
1316,7.6,0,0
1316.1,7.6,0,0
1316.2,7.6,0,0
1316.3,7.6,0,0
1316.4,7.6,0,0
1316.5,7.6,0,0
1316.6,7.6,0,0
1316.7,7.6,0,0
1316.8,7.6,0,0
1316.9,7.6,0,0
1317.1,7.6,0,0
1317.2,7.6,0,0
1317.3,7.6,0,0
1317.4,7.6,0,0
1317.5,7.6,0,0
1317.6,7.6,0,0
1317.7,7.6,0,0
1317.8,7.6,0,0
1317.9,7.6,0,0
1318,7.6,0,0
1318.1,7.6,0,0
1318.2,7.6,0,0
1318.3,7.6,0,0
1318.4,7.6,0,0
1318.5,7.6,0,0
1318.6,7.6,0,0
1318.8,7.6,0,0
1318.9,7.6,0,0
1319,7.6,0,0
1319.1,7.6,0,0
1319.2,7.6,0,0
1319.3,7.6,0,0
1319.4,7.6,0,0
1319.5,7.6,0,0
1319.6,7.6,0,0
1319.7,7.6,0,0
1319.8,7.6,0,0
1319.9,7.6,0,0
1320,7.6,0,0
1320.1,7.6,0,0
1320.2,7.6,0,0
1320.3,7.6,0,0
1320.4,7.6,0,0
1320.6,7.6,0,0
1320.7,7.6,0,0
1320.8,7.6,0,0
1320.9,7.6,0,0
1321,7.6,0,0
1321.1,7.6,0,0
1321.2,7.6,0,0
1321.3,7.6,0,0
1321.4,7.6,0,0
1321.5,7.6,0,0
1321.6,7.6,0,0
1321.7,7.6,0,0
1321.8,7.6,0,0
1321.9,7.6,0,0
1322,7.6,0,0
1322.1,7.6,0,0
1322.3,7.6,0,0
1322.4,7.6,0,0
1322.5,7.6,0,0
1322.6,7.6,0,0
1322.7,7.6,0,0
1322.8,7.6,0,0
1322.9,7.6,0,0
1323,7.6,0,0
1323.1,7.6,0,0
1323.2,7.6,0,0
1323.3,7.6,0,0
1323.4,7.6,0,0
1323.5,7.6,0,0
1323.6,7.6,0,0
1323.7,7.6,0,0
1323.8,7.6,0,0
1323.9,7.6,0,0
1324.1,7.6,0,0
1324.2,7.6,0,0
1324.3,7.6,0,0
1324.4,7.6,0,0
1324.5,7.3,0,0
1324.6,7.6,0,0
1324.7,7.6,0,0
1324.8,7.6,0,0
1324.9,7.6,0,0
1325,7.6,0,0
1325.1,7.6,0,0
1325.2,7.6,0,0
1325.3,7.6,0,0
1325.4,7.6,0,0
1325.5,7.6,0,0
1325.6,7.6,0,0
1325.8,7.6,0,0
1325.9,7.6,0,0
1326,7.6,0,0
1326.1,7.6,0,0
1326.2,7.6,0,0
1326.3,7.6,0,0
1326.4,7.6,0,0
1326.5,7.6,0,0
1326.6,7.6,0,0
1326.7,7.6,0,0
1326.8,7.6,0,0
1326.9,7.6,0,0
1327,7.6,0,0
1327.1,7.6,0,0
1327.2,7.6,0,0
1327.3,7.6,0,0
1327.5,7.6,0,0
1327.6,7.6,0,0
1327.7,7.6,0,0
1327.8,7.6,0,0
1327.9,7.6,0,0
1328,7.6,0,0
1328.1,7.6,0,0
1328.2,7.6,0,0
1328.3,7.6,0,0
1328.4,7.6,0,0
1328.5,7.6,0,0
1328.6,7.6,0,0
1328.7,7.6,0,0
1328.8,7.6,0,0
1328.9,7.6,0,0
1329.1,7.6,0,0
1329.2,7.6,0,0
1329.3,7.6,0,0
1329.4,7.6,0,0
1329.5,7.6,0,0
1329.6,7.6,0,0
1329.7,7.6,0,0
1329.8,7.6,0,0
1329.9,7.6,0,0
1330,7.6,0,0
1330.1,7.6,0,0
1330.2,7.6,0,0
1330.3,7.6,0,0
1330.4,7.6,0,0
1330.5,7.6,0,0
1330.7,7.6,0,0
1330.8,7.6,0,0
1330.9,7.6,0,0
1331,7.6,0,0
1331.1,7.6,0,0
1331.2,7.6,0,0
1331.3,7.6,0,0
1331.4,7.6,0,0
1331.5,7.6,0,0
1331.6,7.6,0,0
1331.7,7.6,0,0
1331.8,7.6,0,0
1331.9,7.6,0,0
1332,7.6,0,0
1332.1,7.6,0,0
1332.2,7.6,0,0
1332.4,7.6,0,0
1332.5,7.6,0,0
1332.6,7.6,0,0
1332.7,7.6,0,0
1332.8,7.6,0,0
1332.9,7.6,0,0
1333,7.6,0,0
1333.1,7.6,0,0
1333.2,7.6,0,0
1333.3,7.6,0,0
1333.4,7.6,0,0
1333.5,7.6,0,0
1333.6,7.6,0,0
1333.7,7.6,0,0
1333.8,7.6,0,0
1333.9,7.6,0,0
1334.1,7.6,0,0
1334.2,7.6,0,0
1334.3,7.6,0,0
1334.4,7.6,0,0
1334.5,7.6,0,0
1334.6,7.6,0,0
1334.7,7.6,0,0
1334.8,7.6,0,0
1334.9,7.3,0,0
1335,7.6,0,0
1335.1,7.6,0,0
1335.2,7.6,0,0
1335.3,7.6,0,0
1335.4,7.6,0,0
1335.5,7.6,0,0
1335.6,7.6,0,0
1335.8,7.6,0,0
1335.9,7.6,0,0
1336,7.6,0,0
1336.1,7.6,0,0
1336.2,7.6,0,0
1336.3,7.6,0,0
1336.4,7.6,0,0
1336.5,7.6,0,0
1336.6,7.6,0,0
1336.7,7.6,0,0
1336.8,7.6,0,0
1336.9,7.6,0,0
1337,7.6,0,0
1337.1,7.6,0,0
1337.2,7.6,0,0
1337.3,7.6,0,0
1337.5,7.6,0,0
1337.6,7.6,0,0
1337.7,7.6,0,0
1337.8,7.6,0,0
1337.9,7.6,0,0
1338,7.6,0,0
1338.1,7.6,0,0
1338.2,7.6,0,0
1338.3,7.6,0,0
1338.4,7.6,0,0
1338.5,7.6,0,0
1338.6,7.6,0,0
1338.7,7.6,0,0
1338.8,7.6,0,0
1338.9,7.6,0,0
1339,7.6,0,0
1339.1,7.6,0,0
1339.3,7.6,0,0
1339.4,7.6,0,0
1339.5,7.6,0,0
1339.6,7.6,0,0
1339.7,7.6,0,0
1339.8,7.6,0,0
1339.9,7.6,0,0
1340,7.3,0,0
1340.1,7.6,0,0
1340.2,7.6,0,0
1340.3,7.6,0,0
1340.4,7.6,0,0
1340.5,7.6,0,0
1340.6,7.6,0,0
1340.7,7.6,0,0
1340.8,7.6,0,0
1341,7.6,0,0
1341.1,7.6,0,0
1341.2,7.6,0,0
1341.3,7.6,0,0
1341.4,7.6,0,0
1341.5,7.6,0,0
1341.6,7.6,0,0
1341.7,7.6,0,0
1341.8,7.6,0,0
1341.9,7.6,0,0
1342,7.6,0,0
1342.1,7.6,0,0
1342.2,7.6,0,0
1342.3,7.6,0,0
1342.4,7.6,0,0
1342.5,7.6,0,0
1342.7,7.6,0,0
1342.8,7.6,0,0
1342.9,7.6,0,0
1343,7.6,0,0
1343.1,7.6,0,0
1343.2,7.6,0,0
1343.3,7.6,0,0
1343.4,7.6,0,0
1343.5,7.6,0,0
1343.6,7.3,0,0
1343.7,7.6,0,0
1343.8,7.6,0,0
1343.9,7.6,0,0
1344,7.6,0,0
1344.1,7.6,0,0
1344.2,7.6,0,0
1344.4,7.6,0,0
1344.5,7.6,0,0
1344.6,7.6,0,0
1344.7,7.6,0,0
1344.8,7.6,0,0
1344.9,7.6,0,0
1345,7.6,0,0
1345.1,7.6,0,0
1345.2,7.6,0,0
1345.3,7.6,0,0
1345.4,7.6,0,0
1345.5,7.6,0,0
1345.6,7.6,0,0
1345.7,7.6,0,0
1345.8,7.6,0,0
1345.9,7.6,0,0
1346.1,7.6,0,0
1346.2,7.6,0,0
1346.3,7.6,0,0
1346.4,7.6,0,0
1346.5,7.6,0,0
1346.6,7.6,0,0
1346.7,7.6,0,0
1346.8,7.6,0,0
1346.9,7.6,0,0
1347,7.6,0,0
1347.1,7.6,0,0
1347.2,7.6,0,0
1347.3,7.6,0,0
1347.4,7.6,0,0
1347.5,7.6,0,0
1347.6,7.6,0,0
1347.8,7.6,0,0
1347.9,7.6,0,0
1348,7.6,0,0
1348.1,7.6,0,0
1348.2,7.6,0,0
1348.3,7.6,0,0
1348.4,7.6,0,0
1348.5,7.6,0,0
1348.6,7.6,0,0
1348.7,7.6,0,0
1348.8,7.6,0,0
1348.9,7.6,0,0
1349,7.6,0,0
1349.1,7.6,0,0
1349.2,7.6,0,0
1349.3,7.6,0,0
1349.5,7.6,0,0
1349.6,7.6,0,0
1349.7,7.6,0,0
1349.8,7.6,0,0
1349.9,7.6,0,0
1350,7.6,0,0
1350.1,7.6,0,0
1350.2,7.6,0,0
1350.3,7.6,0,0
1350.4,7.6,0,0
1350.5,7.6,0,0
1350.6,7.6,0,0
1350.7,7.6,0,0
1350.8,7.6,0,0
1350.9,7.6,0,0
1351,7.6,0,0
1351.2,7.6,0,0
1351.3,7.6,0,0
1351.4,7.6,0,0
1351.5,7.6,0,0
1351.6,7.6,0,0
1351.7,7.6,0,0
1351.8,7.6,0,0
1351.9,7.6,0,0
1352,7.6,0,0
1352.1,7.6,0,0
1352.2,7.6,0,0
1352.3,7.6,0,0
1352.4,7.6,0,0
1352.5,7.6,0,0
1352.6,7.6,0,0
1352.7,7.6,0,0
1352.8,7.6,0,0
1353,7.6,0,0
1353.1,7.6,0,0
1353.2,7.6,0,0
1353.3,7.6,0,0
1353.4,7.6,0,0
1353.5,7.6,0,0
1353.6,7.6,0,0
1353.7,7.6,0,0
1353.8,7.6,0,0
1353.9,7.6,0,0
1354,7.6,0,0
1354.1,7.6,0,0
1354.2,7.6,0,0
1354.3,7.6,0,0
1354.4,7.6,0,0
1354.5,7.6,0,0
1354.7,7.6,0,0
1354.8,7.6,0,0
1354.9,7.6,0,0
1355,7.6,0,0
1355.1,7.6,0,0
1355.2,7.6,0,0
1355.3,7.6,0,0
1355.4,7.6,0,0
1355.5,7.6,0,0
1355.6,7.6,0,0
1355.7,7.6,0,0
1355.8,7.6,0,0
1355.9,7.6,0,0
1356,7.6,0,0
1356.1,7.6,0,0
1356.2,7.6,0,0
1356.3,7.6,0,0
1356.5,7.6,0,0
1356.6,7.6,0,0
1356.7,7.6,0,0
1356.8,7.6,0,0
1356.9,7.6,0,0
1357,7.6,0,0
1357.1,7.6,0,0
1357.2,7.6,0,0
1357.3,7.6,0,0
1357.4,7.6,0,0
1357.5,7.6,0,0
1357.6,7.6,0,0
1357.7,7.6,0,0
1357.8,7.6,0,0
1357.9,7.6,0,0
1358,7.6,0,0
1358.2,7.6,0,0
1358.3,7.6,0,0
1358.4,7.6,0,0
1358.5,7.6,0,0
1358.6,7.6,0,0
1358.7,7.6,0,0
1358.8,7.6,0,0
1358.9,7.6,0,0
1359,7.6,0,0
1359.1,7.6,0,0
1359.2,7.6,0,0
1359.3,7.6,0,0
1359.4,7.6,0,0
1359.5,7.6,0,0
1359.6,7.6,0,0
1359.7,7.6,0,0
1359.9,7.6,0,0
1360,7.6,0,0
1360.1,7.6,0,0
1360.2,7.6,0,0
1360.3,7.6,0,0
1360.4,7.6,0,0
1360.5,7.6,0,0
1360.6,7.6,0,0
1360.7,7.6,0,0
1360.8,7.6,0,0
1360.9,7.6,0,0
1361,7.6,0,0
1361.1,7.6,0,0
1361.2,7.6,0,0
1361.3,7.6,0,0
1361.4,7.6,0,0
1361.5,7.6,0,0
1361.7,7.6,0,0
1361.8,7.6,0,0
1361.9,7.6,0,0
1362,7.6,0,0
1362.1,7.6,0,0
1362.2,7.6,0,0
1362.3,7.6,0,0
1362.4,7.6,0,0
1362.5,7.6,0,0
1362.6,7.6,0,0
1362.7,7.6,0,0
1362.8,7.6,0,0
1362.9,7.6,0,0
1363,7.6,0,0
1363.1,7.6,0,0
1363.2,7.6,0,0
1363.4,7.6,0,0
1363.5,7.6,0,0
1363.6,7.6,0,0
1363.7,7.6,0,0
1363.8,7.6,0,0
1363.9,7.6,0,0
1364,7.6,0,0
1364.1,7.6,0,0
1364.2,7.6,0,0
1364.3,7.6,0,0
1364.4,7.6,0,0
1364.5,7.6,0,0
1364.6,7.6,0,0
1364.7,7.6,0,0
1364.8,7.6,0,0
1364.9,7.6,0,0
1365,7.6,0,0
1365.2,7.6,0,0
1365.3,7.6,0,0
1365.4,7.6,0,0
1365.5,7.6,0,0
1365.6,7.6,0,0
1365.7,7.6,0,0
1365.8,7.6,0,0
1365.9,7.6,0,0
1366,7.6,0,0
1366.1,7.6,0,0
1366.2,7.6,0,0
1366.3,7.6,0,0
1366.4,7.6,0,0
1366.5,7.6,0,0
1366.6,7.6,0,0
1366.7,7.6,0,0
1366.9,7.6,0,0
1367,7.6,0,0
1367.1,7.6,0,0
1367.2,7.6,0,0
1367.3,7.6,0,0
1367.4,7.6,0,0
1367.5,7.6,0,0
1367.6,7.6,0,0
1367.7,7.6,0,0
1367.8,7.6,0,0
1367.9,7.6,0,0
1368,7.6,0,0
1368.1,7.6,0,0
1368.2,7.6,0,0
1368.3,7.6,0,0
1368.4,7.6,0,0
1368.6,7.6,0,0
1368.7,7.6,0,0
1368.8,7.6,0,0
1368.9,7.6,0,0
1369,7.6,0,0
1369.1,7.6,0,0
1369.2,7.6,0,0
1369.3,7.6,0,0
1369.4,7.6,0,0
1369.5,7.6,0,0
1369.6,7.6,0,0
1369.7,7.6,0,0
1369.8,7.6,0,0
1369.9,7.6,0,0
1370,7.6,0,0
1370.1,7.6,0,0
1370.2,7.6,0,0
1370.4,7.6,0,0
1370.5,7.6,0,0
1370.6,7.6,0,0
1370.7,7.6,0,0
1370.8,7.6,0,0
1370.9,7.6,0,0
1371,7.6,0,0
1371.1,7.6,0,0
1371.2,7.6,0,0
1371.3,7.6,0,0
1371.4,7.6,0,0
1371.5,7.6,0,0
1371.6,7.6,0,0
1371.7,7.6,0,0
1371.8,7.6,0,0
1371.9,7.6,0,0
1372,7.6,0,0
1372.2,7.6,0,0
1372.3,7.6,0,0
1372.4,7.6,0,0
1372.5,7.6,0,0
1372.6,7.6,0,0
1372.7,7.6,0,0
1372.8,7.3,0,0
1372.9,7.6,0,0
1373,7.6,0,0
1373.1,7.6,0,0
1373.2,7.6,0,0
1373.3,7.6,0,0
1373.4,7.6,0,0
1373.5,7.6,0,0
1373.6,7.6,0,0
1373.7,7.6,0,0
1373.9,7.6,0,0
1374,7.6,0,0
1374.1,7.6,0,0
1374.2,7.6,0,0
1374.3,7.6,0,0
1374.4,7.6,0,0
1374.6,7.6,0,0
1374.7,7.6,0,0
1374.8,7.6,0,0
1374.9,7.6,0,0
1375,7.6,0,0
1375.1,7.6,0,0
1375.3,7.6,0,0
1375.4,7.6,0,0
1375.5,7.6,0,0
1375.6,7.6,0,0
1375.7,7.6,0,0
1375.8,7.6,0,0
1376,7.6,0,0
1376.1,7.6,0,0
1376.2,7.6,0,0
1376.3,7.6,0,0
1376.4,7.6,0,0
1376.5,7.6,0,0
1376.7,7.6,0,0
1376.8,7.6,0,0
1376.9,7.6,0,0
1377,7.6,0,0
1377.1,7.6,0,0
1377.2,7.6,0,0
1377.3,7.6,0,0
1377.5,7.6,0,0
1377.6,7.6,0,0
1377.7,7.6,0,0
1377.8,7.6,0,0
1377.9,7.6,0,0
1378,7.6,0,0
1378.2,7.6,0,0
1378.3,7.6,0,0
1378.4,7.6,0,0
1378.5,7.6,0,0
1378.6,7.6,0,0
1378.7,7.6,0,0
1378.8,7.6,0,0
1379,7.6,0,0
1379.1,7.6,0,0
1379.2,7.6,0,0
1379.3,7.6,0,0
1379.4,7.6,0,0
1379.5,7.6,0,0
1379.6,7.6,0,0
1379.7,7.6,0,0
1379.8,7.6,0,0
1379.9,7.6,0,0
1380,7.6,0,0
1380.1,7.6,0,0
1380.2,7.6,0,0
1380.3,7.6,0,0
1380.4,7.6,0,0
1380.5,7.6,0,0
1380.7,7.6,0,0
1380.8,7.6,0,0
1380.9,7.6,0,0
1381,7.6,0,0
1381.1,7.6,0,0
1381.2,7.6,0,0
1381.3,7.6,0,0
1381.4,7.6,0,0
1381.5,7.6,0,0
1381.6,7.6,0,0
1381.7,7.6,0,0
1381.8,7.6,0,0
1381.9,7.6,0,0
1382,7.6,0,0
1382.1,7.6,0,0
1382.2,7.6,0,0
1382.4,7.6,0,0
1382.5,7.6,0,0
1382.6,7.6,0,0
1382.7,7.6,0,0
1382.8,7.6,0,0
1382.9,7.6,0,0
1383,7.6,0,0
1383.1,7.6,0,0
1383.2,7.6,0,0
1383.3,7.6,0,0
1383.4,7.6,0,0
1383.5,7.6,0,0
1383.6,7.6,0,0
1383.7,7.6,0,0
1383.8,7.6,0,0
1383.9,7.6,0,0
1384.1,7.6,0,0
1384.2,7.6,0,0
1384.3,7.6,0,0
1384.4,7.6,0,0
1384.5,7.6,0,0
1384.6,7.6,0,0
1384.7,7.6,0,0
1384.8,7.6,0,0
1384.9,7.6,0,0
1385,7.6,0,0
1385.1,7.6,0,0
1385.2,7.6,0,0
1385.3,7.6,0,0
1385.4,7.6,0,0
1385.5,7.6,0,0
1385.6,7.6,0,0
1385.8,7.6,0,0
1385.9,7.6,0,0
1386,7.6,0,0
1386.1,7.6,0,0
1386.2,7.6,0,0
1386.3,7.6,0,0
1386.4,7.6,0,0
1386.5,7.6,0,0
1386.6,7.6,0,0
1386.7,7.6,0,0
1386.8,7.6,0,0
1386.9,7.3,0,0
1387,7.6,0,0
1387.1,7.6,0,0
1387.2,7.6,0,0
1387.3,7.6,0,0
1387.4,7.6,0,0
1387.6,7.6,0,0
1387.7,7.6,0,0
1387.8,7.6,0,0
1387.9,7.6,0,0
1388,7.6,0,0
1388.1,7.6,0,0
1388.2,7.6,0,0
1388.3,7.6,0,0
1388.4,7.6,0,0
1388.5,7.6,0,0
1388.6,7.6,0,0
1388.7,7.6,0,0
1388.8,7.6,0,0
1388.9,7.3,0,0
1389,7.6,0,0
1389.1,7.6,0,0
1389.3,7.6,0,0
1389.4,7.6,0,0
1389.5,7.6,0,0
1389.6,7.6,0,0
1389.7,7.6,0,0
1389.8,7.6,0,0
1389.9,7.6,0,0
1390,7.6,0,0
1390.1,7.6,0,0
1390.2,7.6,0,0
1390.3,7.6,0,0
1390.4,7.6,0,0
1390.5,7.6,0,0
1390.6,7.6,0,0
1390.7,7.6,0,0
1390.8,7.6,0,0
1391,7.6,0,0
1391.1,7.6,0,0
1391.2,7.6,0,0
1391.3,7.6,0,0
1391.4,7.6,0,0
1391.5,7.3,0,0
1391.6,7.6,0,0
1391.7,7.6,0,0
1391.8,7.6,0,0
1391.9,7.6,0,0
1392,7.6,0,0
1392.1,7.6,0,0
1392.2,7.6,0,0
1392.3,7.6,0,0
1392.4,7.6,0,0
1392.5,7.6,0,0
1392.7,7.6,0,0
1392.8,7.6,0,0
1392.9,7.6,0,0
1393,7.6,0,0
1393.1,7.6,0,0
1393.2,7.6,0,0
1393.3,7.6,0,0
1393.4,7.6,0,0
1393.5,7.6,0,0
1393.6,7.6,0,0
1393.7,7.6,0,0
1393.8,7.6,0,0
1393.9,7.6,0,0
1394,7.6,0,0
1394.1,7.6,0,0
1394.2,7.6,0,0
1394.3,7.6,0,0
1394.5,7.6,0,0
1394.6,7.6,0,0
1394.7,7.6,0,0
1394.8,7.6,0,0
1394.9,7.6,0,0
1395,7.6,0,0
1395.1,7.6,0,0
1395.2,7.6,0,0
1395.3,7.6,0,0
1395.4,7.6,0,0
1395.5,7.6,0,0
1395.6,7.6,0,0
1395.7,7.6,0,0
1395.8,7.6,0,0
1395.9,7.6,0,0
1396,7.6,0,0
1396.2,7.6,0,0
1396.3,7.6,0,0
1396.4,7.6,0,0
1396.5,7.6,0,0
1396.6,7.6,0,0
1396.7,7.6,0,0
1396.8,7.6,0,0
1396.9,7.6,0,0
1397,7.6,0,0
1397.1,7.6,0,0
1397.2,7.6,0,0
1397.3,7.6,0,0
1397.4,7.6,0,0
1397.5,7.6,0,0
1397.6,7.6,0,0
1397.7,7.6,0,0
1397.8,7.6,0,0
1398,7.6,0,0
1398.1,7.6,0,0
1398.2,7.6,0,0
1398.3,7.6,0,0
1398.4,7.6,0,0
1398.5,7.6,0,0
1398.6,7.6,0,0
1398.7,7.6,0,0
1398.8,7.6,0,0
1398.9,7.6,0,0
1399,7.6,0,0
1399.1,7.6,0,0
1399.2,7.6,0,0
1399.3,7.6,0,0
1399.4,7.6,0,0
1399.6,7.6,0,0
1399.7,7.6,0,0
1399.8,7.6,0,0
1399.9,7.6,0,0
1400,7.6,0,0
1400.1,7.6,0,0
1400.2,7.6,0,0
1400.3,7.6,0,0
1400.4,7.6,0,0
1400.5,7.6,0,0
1400.6,7.6,0,0
1400.7,7.6,0,0
1400.8,7.6,0,0
1400.9,7.6,0,0
1401,7.6,0,0
1401.1,7.6,0,0
1401.2,7.6,0,0
1401.4,7.6,0,0
1401.5,7.6,0,0
1401.6,7.6,0,0
1401.7,7.6,0,0
1401.8,7.6,0,0
1401.9,7.6,0,0
1402,7.6,0,0
1402.1,7.6,0,0
1402.2,7.6,0,0
1402.3,7.6,0,0
1402.4,7.6,0,0
1402.5,7.6,0,0
1402.6,7.6,0,0
1402.7,7.6,0,0
1402.8,7.6,0,0
1402.9,7.6,0,0
1403.1,7.6,0,0
1403.2,7.6,0,0
1403.3,7.3,0,0
1403.4,7.6,0,0
1403.5,7.6,0,0
1403.6,7.6,0,0
1403.7,7.6,0,0
1403.8,7.6,0,0
1403.9,7.6,0,0
1404,7.6,0,0
1404.1,7.6,0,0
1404.2,7.6,0,0
1404.3,7.6,0,0
1404.4,7.6,0,0
1404.5,7.6,0,0
1404.6,7.6,0,0
1404.7,7.6,0,0
1404.9,7.6,0,0
1405,7.6,0,0
1405.1,7.6,0,0
1405.2,7.6,0,0
1405.3,7.6,0,0
1405.4,7.6,0,0
1405.5,7.6,0,0
1405.6,7.6,0,0
1405.7,7.6,0,0
1405.8,7.6,0,0
1405.9,7.6,0,0
1406,7.6,0,0
1406.1,7.6,0,0
1406.2,7.6,0,0
1406.3,7.6,0,0
1406.4,7.6,0,0
1406.6,7.6,0,0
1406.7,7.6,0,0
1406.8,7.6,0,0
1406.9,7.6,0,0
1407,7.6,0,0
1407.1,7.6,0,0
1407.2,7.6,0,0
1407.3,7.6,0,0
1407.4,7.3,0,0
1407.5,7.6,0,0
1407.6,7.6,0,0
1407.7,7.6,0,0
1407.8,7.6,0,0
1407.9,7.6,0,0
1408,7.6,0,0
1408.1,7.6,0,0
1408.2,7.6,0,0
1408.4,7.6,0,0
1408.5,7.6,0,0
1408.6,7.6,0,0
1408.7,7.6,0,0
1408.8,7.6,0,0
1408.9,7.6,0,0
1409,7.6,0,0
1409.1,7.6,0,0
1409.2,7.6,0,0
1409.3,7.6,0,0
1409.4,7.6,0,0
1409.5,7.6,0,0
1409.6,7.6,0,0
1409.7,7.6,0,0
1409.8,7.6,0,0
1409.9,7.6,0,0
1410.1,7.6,0,0
1410.2,7.6,0,0
1410.3,7.6,0,0
1410.4,7.6,0,0
1410.5,7.6,0,0
1410.6,7.6,0,0
1410.7,7.6,0,0
1410.8,7.6,0,0
1410.9,7.6,0,0
1411,7.6,0,0
1411.1,7.6,0,0
1411.2,7.6,0,0
1411.3,7.6,0,0
1411.4,7.6,0,0
1411.5,7.6,0,0
1411.6,7.6,0,0
1411.8,7.6,0,0
1411.9,7.6,0,0
1412,7.6,0,0
1412.1,7.6,0,0
1412.2,7.6,0,0
1412.3,7.6,0,0
1412.4,7.6,0,0
1412.5,7.6,0,0
1412.6,7.6,0,0
1412.7,7.6,0,0
1412.8,7.6,0,0
1412.9,7.6,0,0
1413,7.6,0,0
1413.1,7.6,0,0
1413.2,7.6,0,0
1413.4,7.6,0,0
1413.5,7.6,0,0
1413.6,7.6,0,0
1413.7,7.6,0,0
1413.8,7.6,0,0
1413.9,7.6,0,0
1414,7.6,0,0
1414.1,7.6,0,0
1414.2,7.6,0,0
1414.3,7.6,0,0
1414.4,7.6,0,0
1414.5,7.6,0,0
1414.6,7.6,0,0
1414.7,7.6,0,0
1414.8,7.6,0,0
1414.9,7.6,0,0
1415,7.6,0,0
1415.2,7.6,0,0
1415.3,7.6,0,0
1415.4,7.6,0,0
1415.5,7.6,0,0
1415.6,7.6,0,0
1415.7,7.6,0,0
1415.8,7.6,0,0
1415.9,7.6,0,0
1416,7.6,0,0
1416.1,7.6,0,0
1416.2,7.6,0,0
1416.3,7.6,0,0
1416.4,7.6,0,0
1416.5,7.6,0,0
1416.6,7.6,0,0
1416.7,7.6,0,0
1416.9,7.6,0,0
1417,7.6,0,0
1417.1,7.6,0,0
1417.2,7.6,0,0
1417.3,7.6,0,0
1417.4,7.6,0,0
1417.5,7.6,0,0
1417.6,7.6,0,0
1417.7,7.6,0,0
1417.8,7.6,0,0
1417.9,7.6,0,0
1418,7.6,0,0
1418.1,7.6,0,0
1418.2,7.6,0,0
1418.3,7.6,0,0
1418.4,7.6,0,0
1418.5,7.6,0,0
1418.7,7.3,0,0
1418.8,7.6,0,0
1418.9,7.6,0,0
1419,7.6,0,0
1419.1,7.6,0,0
1419.2,7.6,0,0
1419.3,7.6,0,0
1419.4,7.6,0,0
1419.5,7.6,0,0
1419.6,7.6,0,0
1419.7,7.6,0,0
1419.8,7.6,0,0
1419.9,7.6,0,0
1420,7.6,0,0
1420.1,7.6,0,0
1420.2,7.6,0,0
1420.4,7.6,0,0
1420.5,7.6,0,0
1420.6,7.6,0,0
1420.7,7.6,0,0
1420.8,7.6,0,0
1420.9,7.6,0,0
1421,7.6,0,0
1421.1,7.6,0,0
1421.2,7.6,0,0
1421.3,7.6,0,0
1421.4,7.6,0,0
1421.5,7.6,0,0
1421.6,7.6,0,0
1421.7,7.6,0,0
1421.8,7.6,0,0
1421.9,7.6,0,0
1422,7.6,0,0
1422.2,7.6,0,0
1422.3,7.6,0,0
1422.4,7.6,0,0
1422.5,7.6,0,0
1422.6,7.6,0,0
1422.7,7.6,0,0
1422.8,7.6,0,0
1422.9,7.6,0,0
1423,7.6,0,0
1423.1,7.6,0,0
1423.2,7.6,0,0
1423.3,7.6,0,0
1423.4,7.6,0,0
1423.5,7.6,0,0
1423.6,7.6,0,0
1423.8,7.6,0,0
1423.9,7.6,0,0
1424,7.6,0,0
1424.1,7.6,0,0
1424.2,7.6,0,0
1424.3,7.6,0,0
1424.4,7.6,0,0
1424.5,7.6,0,0
1424.6,7.6,0,0
1424.7,7.6,0,0
1424.8,7.6,0,0
1424.9,7.6,0,0
1425,7.6,0,0
1425.1,7.6,0,0
1425.2,7.6,0,0
1425.3,7.6,0,0
1425.5,7.6,0,0
1425.6,7.6,0,0
1425.7,7.6,0,0
1425.8,7.6,0,0
1425.9,7.6,0,0
1426,7.6,0,0
1426.1,7.6,0,0
1426.2,7.6,0,0
1426.3,7.6,0,0
1426.4,7.6,0,0
1426.5,7.6,0,0
1426.6,7.6,0,0
1426.7,7.6,0,0
1426.8,7.6,0,0
1426.9,7.6,0,0
1427.1,7.6,0,0
1427.2,7.6,0,0
1427.3,7.6,0,0
1427.4,7.6,0,0
1427.5,7.6,0,0
1427.6,7.6,0,0
1427.7,7.6,0,0
1427.8,7.6,0,0
1427.9,7.6,0,0
1428,7.6,0,0
1428.1,7.3,0,0
1428.2,7.6,0,0
1428.3,7.6,0,0
1428.4,7.6,0,0
1428.5,7.6,0,0
1428.6,7.6,0,0
1428.8,7.6,0,0
1428.9,7.6,0,0
1429,7.6,0,0
1429.1,7.6,0,0
1429.2,7.6,0,0
1429.3,7.6,0,0
1429.4,7.6,0,0
1429.5,7.6,0,0
1429.6,7.6,0,0
1429.7,7.6,0,0
1429.8,7.6,0,0
1429.9,7.6,0,0
1430,7.6,0,0
1430.1,7.6,0,0
1430.2,7.6,0,0
1430.3,7.6,0,0
1430.5,7.6,0,0
1430.6,7.6,0,0
1430.7,7.6,0,0
1430.8,7.6,0,0
1430.9,7.6,0,0
1431,7.6,0,0
1431.1,7.6,0,0
1431.2,7.6,0,0
1431.3,7.6,0,0
1431.4,7.6,0,0
1431.5,7.6,0,0
1431.6,7.6,0,0
1431.7,7.6,0,0
1431.8,7.6,0,0
1431.9,7.6,0,0
1432,7.6,0,0
1432.2,7.6,0,0
1432.3,7.6,0,0
1432.4,7.6,0,0
1432.5,7.6,0,0
1432.6,7.6,0,0
1432.7,7.6,0,0
1432.8,7.6,0,0
1432.9,7.6,0,0
1433,7.6,0,0
1433.1,7.6,0,0
1433.2,7.6,0,0
1433.3,7.6,0,0
1433.4,7.6,0,0
1433.5,7.6,0,0
1433.6,7.6,0,0
1433.7,7.6,0,0
1433.9,7.6,0,0
1434,7.6,0,0
1434.1,7.6,0,0
1434.2,7.6,0,0
1434.3,7.6,0,0
1434.4,7.6,0,0
1434.5,7.6,0,0
1434.6,7.6,0,0
1434.7,7.6,0,0
1434.8,7.6,0,0
1434.9,7.6,0,0
1435,7.6,0,0
1435.1,7.6,0,0
1435.2,7.6,0,0
1435.3,7.6,0,0
1435.4,7.6,0,0
1435.6,7.6,0,0
1435.7,7.6,0,0
1435.8,7.6,0,0
1435.9,7.6,0,0
1436,7.6,0,0
1436.1,7.6,0,0
1436.2,7.3,0,0
1436.3,7.6,0,0
1436.4,7.6,0,0
1436.5,7.6,0,0
1436.6,7.6,0,0
1436.7,7.6,0,0
1436.8,7.6,0,0
1436.9,7.6,0,0
1437,7.6,0,0
1437.1,7.6,0,0
1437.3,7.6,0,0
1437.4,7.6,0,0
1437.5,7.6,0,0
1437.6,7.6,0,0
1437.7,7.6,0,0
1437.8,7.6,0,0
1437.9,7.6,0,0
1438,7.6,0,0
1438.1,7.6,0,0
1438.2,7.6,0,0
1438.3,7.6,0,0
1438.4,7.6,0,0
1438.5,7.6,0,0
1438.6,7.6,0,0
1438.7,7.3,0,0
1438.8,7.6,0,0
1439,7.6,0,0
1439.1,7.6,0,0
1439.2,7.6,0,0
1439.3,7.6,0,0
1439.4,7.6,0,0
1439.5,7.6,0,0
1439.6,7.6,0,0
1439.7,7.6,0,0
1439.8,7.6,0,0
1439.9,7.6,0,0
1440,7.6,0,0
1440.1,7.6,0,0
1440.2,7.6,0,0
1440.3,7.6,0,0
1440.4,7.6,0,0
1440.5,7.3,0,0
1440.7,7.6,0,0
1440.8,7.6,0,0
1440.9,7.6,0,0
1441,7.6,0,0
1441.1,7.6,0,0
1441.2,7.6,0,0
1441.3,7.6,0,0
1441.4,7.6,0,0
1441.5,7.6,0,0
1441.6,7.6,0,0
1441.7,7.6,0,0
1441.8,7.6,0,0
1441.9,7.6,0,0
1442,7.6,0,0
1442.1,7.6,0,0
1442.3,7.6,0,0
1442.4,7.6,0,0
1442.5,7.6,0,0
1442.6,7.6,0,0
1442.7,7.6,0,0
1442.8,7.6,0,0
1442.9,7.6,0,0
1443,7.6,0,0
1443.1,7.6,0,0
1443.2,7.6,0,0
1443.3,7.6,0,0
1443.4,7.6,0,0
1443.5,7.6,0,0
1443.6,7.6,0,0
1443.7,7.6,0,0
1443.8,7.6,0,0
1444,7.6,0,0
1444.1,7.6,0,0
1444.2,7.6,0,0
1444.3,7.6,0,0
1444.4,7.6,0,0
1444.5,7.6,0,0
1444.6,7.6,0,0
1444.7,7.6,0,0
1444.8,7.6,0,0
1444.9,7.6,0,0
1445,7.6,0,0
1445.1,7.6,0,0
1445.2,7.6,0,0
1445.3,7.6,0,0
1445.4,7.6,0,0
1445.5,7.6,0,0
1445.6,7.6,0,0
1445.8,7.6,0,0
1445.9,7.6,0,0
1446,7.6,0,0
1446.1,7.6,0,0
1446.2,7.6,0,0
1446.3,7.6,0,0
1446.4,7.6,0,0
1446.5,7.6,0,0
1446.6,7.6,0,0
1446.7,7.6,0,0
1446.8,7.6,0,0
1446.9,7.6,0,0
1447,7.6,0,0
1447.1,7.6,0,0
1447.2,7.6,0,0
1447.3,7.6,0,0
1447.5,7.3,0,0
1447.6,7.6,0,0
1447.7,7.6,0,0
1447.8,7.3,0,0
1447.9,7.6,0,0
1448,7.6,0,0
1448.1,7.6,0,0
1448.2,7.6,0,0
1448.3,7.6,0,0
1448.4,7.6,0,0
1448.5,7.6,0,0
1448.6,7.6,0,0
1448.7,7.6,0,0
1448.8,7.6,0,0
1448.9,7.6,0,0
1449,7.6,0,0
1449.1,7.6,0,0
1449.3,7.3,0,0
1449.4,7.6,0,0
1449.5,7.3,0,0
1449.6,7.6,0,0
1449.7,7.6,0,0
1449.8,7.6,0,0
1449.9,7.6,0,0
1450,7.6,0,0
1450.1,7.6,0,0
1450.2,7.6,0,0
1450.3,7.6,0,0
1450.4,7.6,0,0
1450.5,7.6,0,0
1450.6,7.6,0,0
1450.7,7.6,0,0
1450.8,7.6,0,0
1451,7.6,0,0
1451.1,7.6,0,0
1451.2,7.6,0,0
1451.3,7.6,0,0
1451.4,7.6,0,0
1451.5,7.6,0,0
1451.6,7.6,0,0
1451.7,7.6,0,0
1451.8,7.6,0,0
1451.9,7.6,0,0
1452,7.6,0,0
1452.1,7.6,0,0
1452.2,7.3,0,0
1452.3,7.3,0,0
1452.4,7.6,0,0
1452.5,7.3,0,0
1452.7,7.3,0,0
1452.8,7.6,0,0
1452.9,7.6,0,0
1453,7.6,0,0
1453.1,7.3,0,0
1453.2,7.6,0,0
1453.3,7.6,0,0
1453.4,7.6,0,0
1453.5,7.6,0,0
1453.6,7.6,0,0
1453.7,7.6,0,0
1453.8,7.6,0,0
1453.9,7.6,0,0
1454,7.6,0,0
1454.1,7.6,0,0
1454.3,7.3,0,0
1454.4,7.6,0,0
1454.5,7.6,0,0
1454.6,7.6,0,0
1454.7,7.6,0,0
1454.8,7.6,0,0
1454.9,7.3,0,0
1455,7.6,0,0
1455.1,7.6,0,0
1455.2,7.6,0,0
1455.3,7.6,0,0
1455.4,7.6,0,0
1455.5,7.3,0,0
1455.6,7.6,0,0
1455.7,7.3,0,0
1455.8,7.3,0,0
1456,7.3,0,0
1456.1,7.3,0,0
1456.2,7.3,0,0
1456.3,7.3,0,0
1456.4,7.3,0,0
1456.5,7.6,0,0
1456.6,7.3,0,0
1456.7,7.3,0,0
1456.8,7.3,0,0
1456.9,7.3,0,0
1457,7.3,0,0
1457.1,7.3,0,0
1457.2,7.3,0,0
1457.3,7.3,0,0
1457.4,7.3,0,0
1457.5,7.3,0,0
1457.7,7.3,0,0
1457.8,7.3,0,0
1457.9,7.3,0,0
1458,7.3,0,0
1458.1,7.3,0,0
1458.2,7.1,0,0
1458.3,7.3,0,0
1458.4,7.3,0,0
1458.5,7.3,0,0
1458.6,7.3,0,0
1458.7,7.3,0,0
1458.8,7.3,0,0
1458.9,7.3,0,0
1459,7.3,0,0
1459.1,7.3,0,0
1459.2,7.6,0,0
1459.4,7.3,0,0
1459.5,7.3,0,0
1459.6,7.3,0,0
1459.7,7.3,0,0
1459.8,7.3,0,0
1459.9,7.3,0,0
1460,7.3,0,0
1460.1,7.3,0,0
1460.2,7.3,0,0
1460.3,7.3,0,0
1460.4,7.3,0,0
1460.5,7.3,0,0
1460.6,7.3,0,0
1460.7,7.3,0,0
1460.8,7.3,0,0
1460.9,7.3,0,0
1461.1,7.3,0,0
1461.2,7.3,0,0
1461.3,7.1,0,0
1461.4,7.3,0,0
1461.5,7.3,0,0
1461.6,7.3,0,0
1461.7,7.3,0,0
1461.8,7.3,0,0
1461.9,7.3,0,0
1462,7.6,0,0
1462.1,7.3,0,0
1462.2,7.3,0,0
1462.3,7.3,0,0
1462.4,7.3,0,0
1462.5,7.3,0,0
1462.6,7.3,0,0
1462.7,7.3,0,0
1462.9,7.3,0,0
1463,7.3,0,0
1463.1,7.3,0,0
1463.2,7.3,0,0
1463.3,7.3,0,0
1463.4,7.3,0,0
1463.5,7.3,0,0
1463.6,7.3,0,0
1463.7,7.3,0,0
1463.8,7.3,0,0
1463.9,7.3,0,0
1464,7.3,0,0
1464.1,7.3,0,0
1464.2,7.3,0,0
1464.3,7.3,0,0
1464.4,7.3,0,0
1464.6,7.3,0,0
1464.7,7.3,0,0
1464.8,7.6,0,0
1464.9,7.3,0,0
1465,7.3,0,0
1465.1,7.3,0,0
1465.2,7.3,0,0
1465.3,7.3,0,0
1465.4,7.3,0,0
1465.5,7.3,0,0
1465.6,7.3,0,0
1465.7,7.3,0,0
1465.8,7.3,0,0
1465.9,7.1,0,0
1466,7.3,0,0
1466.1,7.3,0,0
1466.2,7.3,0,0
1466.4,7.3,0,0
1466.5,7.3,0,0
1466.6,7.3,0,0
1466.7,7.3,0,0
1466.8,7.3,0,0
1466.9,7.1,0,0
1467,7.3,0,0
1467.1,7.3,0,0
1467.2,7.1,0,0
1467.3,7.1,0,0
1467.4,7.3,0,0
1467.5,7.6,0,0
1467.6,7.3,0,0
1467.7,7.3,0,0
1467.8,7.3,0,0
1467.9,7.3,0,0
1468.1,7.1,0,0
1468.2,7.3,0,0
1468.3,7.3,0,0
1468.4,7.3,0,0
1468.5,7.3,0,0
1468.6,7.1,0,0
1468.7,7.1,0,0
1468.8,7.3,0,0
1468.9,7.1,0,0
1469,7.1,0,0
1469.1,7.3,0,0
1469.2,7.1,0,0
1469.3,7.1,0,0
1469.4,7.1,0,0
1469.5,7.1,0,0
1469.6,7.1,0,0
1469.7,7.1,0,0
1469.9,7.1,0,0
1470,7.1,0,0
1470.1,7.1,0,0
1470.2,7.1,0,0
1470.3,7.1,0,0
1470.4,7.1,0,0
1470.5,7.1,0,0
1470.6,7.1,0,0
1470.7,7.1,0,0
1470.8,7.1,0,0
1470.9,7.1,0,0
1471,7.1,0,0
1471.1,7.3,0,0
1471.2,7.3,0,0
1471.3,7.3,0,0
1471.4,7.3,0,0
1471.5,7.3,0,0
1471.7,7.3,0,0
1471.8,7.3,0,0
1471.9,7.3,0,0
1472,7.1,0,0
1472.1,7.1,0,0
1472.2,7.1,0,0
1472.3,7.1,0,0
1472.4,7.1,0,0
1472.5,7.1,0,0
1472.6,7.1,0,0
1472.7,7.1,0,0
1472.8,7.1,0,0
1472.9,7.3,0,0
1473,7.3,0,0
1473.1,7.1,0,0
1473.2,7.3,0,0
1473.4,7.1,0,0
1473.5,7.3,0,0
1473.6,7.3,0,0
1473.7,7.3,0,0
1473.8,7.1,0,0
1473.9,7.1,0,0
1474,7.3,0,0
1474.1,7.1,0,0
1474.2,7.1,0,0
1474.3,7.3,0,0
1474.4,7.1,0,0
1474.5,7.1,0,0
1474.6,7.1,0,0
1474.7,7.1,0,0
1474.8,7.1,0,0
1474.9,7.1,0,0
1475.1,7.1,0,0
1475.2,7.1,0,0
1475.3,7.1,0,0
1475.4,7.1,0,0
1475.5,7.3,0,0
1475.6,7.3,0,0
1475.7,7.3,0,0
1475.8,7.3,0,0
1475.9,7.3,0,0
1476,7.1,0,0
1476.1,7.1,0,0
1476.2,7.3,0,0
1476.3,7.1,0,0
1476.4,7.1,0,0
1476.5,7.1,0,0
1476.6,7.1,0,0
1476.8,7.1,0,0
1476.9,7.1,0,0
1477,7.1,0,0
1477.1,7.1,0,0
1477.2,7.3,0,0
1477.3,7.1,0,0
1477.4,7.1,0,0
1477.5,7.1,0,0
1477.6,7.1,0,0
1477.7,7.1,0,0
1477.8,7.1,0,0
1477.9,7.1,0,0
1478,7.1,0,0
1478.1,7.1,0,0
1478.2,7.1,0,0
1478.3,7.1,0,0
1478.5,7.1,0,0
1478.6,7.1,0,0
1478.7,7.6,0,0
1478.8,7.1,0,0
1478.9,7.1,0,0
1479,7.1,0,0
1479.1,7.1,0,0
1479.2,7.1,0,0
1479.3,7.1,0,0
1479.4,7.1,0,0
1479.5,7.1,0,0
1479.6,7.1,0,0
1479.7,7.1,0,0
1479.8,7.1,0,0
1479.9,7.1,0,0
1480,7.1,0,0
1480.2,7.1,0,0
1480.3,7.1,0,0
1480.4,7.1,0,0
1480.5,7.3,0,0
1480.6,7.1,0,0
1480.7,7.1,0,0
1480.8,7.1,0,0
1480.9,7.1,0,0
1481,7.1,0,0
1481.1,7.3,0,0
1481.2,7.1,0,0
1481.3,7.1,0,0
1481.4,7.3,0,0
1481.5,7.1,0,0
1481.6,7.1,0,0
1481.7,7.1,0,0
1481.9,7.1,0,0
1482,7.1,0,0
1482.1,7.1,0,0
1482.2,7.1,0,0
1482.3,7.1,0,0
1482.4,7.1,0,0
1482.5,7.1,0,0
1482.6,7.3,0,0
1482.7,7.1,0,0
1482.8,7.1,0,0
1482.9,7.1,0,0
1483,7.1,0,0
1483.1,7.1,0,0
1483.2,7.1,0,0
1483.3,7.1,0,0
1483.4,7.1,0,0
1483.6,7.1,0,0
1483.7,7.1,0,0
1483.8,7.1,0,0
1483.9,7.1,0,0
1484,7.1,0,0
1484.1,7.1,0,0
1484.2,7.6,0,0
1484.3,7.1,0,0
1484.4,7.3,0,0
1484.5,7.1,0,0
1484.6,7.1,0,0
1484.7,7.1,0,0
1484.8,7.1,0,0
1484.9,7.1,0,0
1485,7.1,0,0
1485.1,7.1,0,0
1485.3,7.1,0,0
1485.4,7.1,0,0
1485.5,7.1,0,0
1485.6,7.1,0,0
1485.7,7.1,0,0
1485.8,7.1,0,0
1485.9,7.1,0,0
1486,7.3,0,0
1486.1,7.1,0,0
1486.2,7.1,0,0
1486.3,7.1,0,0
1486.4,7.1,0,0
1486.5,7.1,0,0
1486.6,7.1,0,0
1486.7,7.1,0,0
1486.8,7.1,0,0
1487,7.3,0,0
1487.1,7.1,0,0
1487.2,7.1,0,0
1487.3,7.1,0,0
1487.4,7.1,0,0
1487.5,7.1,0,0
1487.6,7.1,0,0
1487.7,7.1,0,0
1487.8,7.1,0,0
1487.9,7.1,0,0
1488,7.1,0,0
1488.1,7.1,0,0
1488.2,7.1,0,0
1488.3,7.1,0,0
1488.4,7.1,0,0
1488.5,7.1,0,0
1488.7,7.1,0,0
1488.8,7.1,0,0
1488.9,7.1,0,0
1489,7.1,0,0
1489.1,7.1,0,0
1489.2,7.1,0,0
1489.3,7.1,0,0
1489.4,7.1,0,0
1489.5,7.1,0,0
1489.6,7.1,0,0
1489.7,7.3,0,0
1489.8,7.1,0,0
1489.9,7.1,0,0
1490,7.1,0,0
1490.1,7.1,0,0
1490.2,7.1,0,0
1490.4,7.1,0,0
1490.5,7.1,0,0
1490.6,7.1,0,0
1490.7,7.1,0,0
1490.8,7.1,0,0
1490.9,7.1,0,0
1491,7.1,0,0
1491.1,7.1,0,0
1491.2,7.1,0,0
1491.3,7.1,0,0
1491.4,7.1,0,0
1491.5,7.1,0,0
1491.6,7.1,0,0
1491.7,7.1,0,0
1491.8,7.1,0,0
1491.9,7.1,0,0
1492.1,7.1,0,0
1492.2,7.1,0,0
1492.3,7.1,0,0
1492.4,7.1,0,0
1492.5,7.3,0,0
1492.6,7.1,0,0
1492.7,7.1,0,0
1492.8,7.1,0,0
1492.9,7.1,0,0
1493,7.1,0,0
1493.1,7.1,0,0
1493.2,7.1,0,0
1493.3,7.1,0,0
1493.4,7.1,0,0
1493.5,7.1,0,0
1493.6,7.1,0,0
1493.8,7.1,0,0
1493.9,7.1,0,0
1494,7.1,0,0
1494.1,7.1,0,0
1494.2,7.1,0,0
1494.3,7.1,0,0
1494.4,7.1,0,0
1494.5,7.1,0,0
1494.6,7.1,0,0
1494.7,7.1,0,0
1494.8,7.1,0,0
1494.9,7.1,0,0
1495,7.1,0,0
1495.1,7.1,0,0
1495.2,7.3,0,0
1495.3,7.1,0,0
1495.5,7.1,0,0
1495.6,7.1,0,0
1495.7,7.1,0,0
1495.8,7.1,0,0
1495.9,7.1,0,0
1496,7.1,0,0
1496.1,7.1,0,0
1496.2,7.1,0,0
1496.3,7.1,0,0
1496.4,7.1,0,0
1496.5,7.1,0,0
1496.6,7.1,0,0
1496.7,7.1,0,0
1496.8,7.1,0,0
1496.9,7.1,0,0
1497,7.1,0,0
1497.1,7.1,0,0
1497.3,7.1,0,0
1497.4,7.1,0,0
1497.5,7.1,0,0
1497.6,7.1,0,0
1497.7,7.1,0,0
1497.8,7.1,0,0
1497.9,7.1,0,0
1498,7.3,0,0
1498.1,7.1,0,0
1498.2,7.1,0,0
1498.3,7.1,0,0
1498.4,7.1,0,0
1498.5,7.1,0,0
1498.6,7.1,0,0
1498.7,7.1,0,0
1498.8,7.1,0,0
1499,7.1,0,0
1499.1,7.1,0,0
1499.2,7.1,0,0
1499.3,7.1,0,0
1499.4,7.1,0,0
1499.5,7.1,0,0
1499.6,7.1,0,0
1499.7,7.1,0,0
1499.8,7.1,0,0
1499.9,7.1,0,0
1500,7.1,0,0
1500.1,7.1,0,0
1500.2,7.1,0,0
1500.3,7.1,0,0
1500.4,7.1,0,0
1500.5,7.1,0,0
1500.7,7.1,0,0
1500.8,7.3,0,0
1500.9,7.1,0,0
1501,7.1,0,0
1501.1,7.1,0,0
1501.2,7.1,0,0
1501.3,7.1,0,0
1501.4,7.1,0,0
1501.5,7.1,0,0
1501.6,7.1,0,0
1501.7,7.1,0,0
1501.8,7.1,0,0
1501.9,7.1,0,0
1502,7.1,0,0
1502.1,7.1,0,0
1502.2,7.1,0,0
1502.4,7.1,0,0
1502.5,7.1,0,0
1502.6,7.1,0,0
1502.7,7.1,0,0
1502.8,7.1,0,0
1502.9,7.1,0,0
1503,7.1,0,0
1503.1,7.1,0,0
1503.2,7.1,0,0
1503.3,7.1,0,0
1503.4,7.1,0,0
1503.5,7.3,0,0
1503.6,7.1,0,0
1503.7,7.1,0,0
1503.8,7.1,0,0
1503.9,7.1,0,0
1504.1,7.1,0,0
1504.2,7.1,0,0
1504.3,7.1,0,0
1504.4,7.1,0,0
1504.5,7.1,0,0
1504.6,7.1,0,0
1504.7,7.1,0,0
1504.8,7.1,0,0
1504.9,7.1,0,0
1505,7.1,0,0
1505.1,7.1,0,0
1505.2,7.1,0,0
1505.3,7.1,0,0
1505.4,7.1,0,0
1505.5,7.1,0,0
1505.6,7.1,0,0
1505.8,7.1,0,0
1505.9,7.1,0,0
1506,7.1,0,0
1506.1,7.1,0,0
1506.2,7.1,0,0
1506.3,7.3,0,0
1506.4,7.1,0,0
1506.5,7.1,0,0
1506.6,7.1,0,0
1506.7,7.1,0,0
1506.8,7.1,0,0
1506.9,7.1,0,0
1507,7.1,0,0
1507.1,7.1,0,0
1507.2,7.1,0,0
1507.3,7.1,0,0
1507.4,7.1,0,0
1507.6,7.1,0,0
1507.7,7.1,0,0
1507.8,7.1,0,0
1507.9,7.1,0,0
1508,7.1,0,0
1508.1,7.1,0,0
1508.2,7.1,0,0
1508.3,7.1,0,0
1508.4,7.1,0,0
1508.5,7.1,0,0
1508.6,7.1,0,0
1508.7,7.1,0,0
1508.8,7.1,0,0
1508.9,7.1,0,0
1509,7.1,0,0
1509.1,7.1,0,0
1509.3,7.1,0,0
1509.4,7.1,0,0
1509.5,7.1,0,0
1509.6,7.1,0,0
1509.7,7.1,0,0
1509.8,7.1,0,0
1509.9,7.1,0,0
1510,7.1,0,0
1510.1,7.1,0,0
1510.2,7.1,0,0
1510.3,7.1,0,0
1510.4,7.1,0,0
1510.5,7.1,0,0
1510.6,7.1,0,0
1510.7,7.1,0,0
1510.8,7.1,0,0
1511,7.1,0,0
1511.1,7.1,0,0
1511.2,7.1,0,0
1511.3,7.1,0,0
1511.4,7.1,0,0
1511.5,7.1,0,0
1511.6,7.1,0,0
1511.7,7.1,0,0
1511.8,7.1,0,0
1511.9,7.1,0,0
1512,7.1,0,0
1512.1,7.1,0,0
1512.2,7.1,0,0
1512.3,7.1,0,0
1512.4,7.1,0,0
1512.5,7.1,0,0
1512.7,7.1,0,0
1512.8,7.1,0,0
1512.9,7.1,0,0
1513,7.1,0,0
1513.1,7.1,0,0
1513.2,7.1,0,0
1513.3,7.1,0,0
1513.4,7.1,0,0
1513.5,7.1,0,0
1513.6,7.1,0,0
1513.7,7.1,0,0
1513.8,7.1,0,0
1513.9,7.1,0,0
1514,7.1,0,0
1514.1,7.1,0,0
1514.3,7.1,0,0
1514.4,7.1,0,0
1514.5,7.1,0,0
1514.6,7.1,0,0
1514.7,7.1,0,0
1514.8,7.1,0,0
1514.9,7.1,0,0
1515,7.1,0,0
1515.1,7.1,0,0
1515.2,7.1,0,0
1515.3,7.1,0,0
1515.4,7.1,0,0
1515.5,7.1,0,0
1515.6,7.1,0,0
1515.7,7.1,0,0
1515.8,7.1,0,0
1516,7.1,0,0
1516.1,7.1,0,0
1516.2,7.1,0,0
1516.3,7.1,0,0
1516.4,7.1,0,0
1516.5,7.1,0,0
1516.6,7.1,0,0
1516.7,7.1,0,0
1516.8,7.1,0,0
1516.9,7.1,0,0
1517,7.1,0,0
1517.1,7.1,0,0
1517.2,7.1,0,0
1517.3,7.1,0,0
1517.4,7.1,0,0
1517.5,7.1,0,0
1517.6,7.1,0,0
1517.8,7.1,0,0
1517.9,7.1,0,0
1518,7.1,0,0
1518.1,7.1,0,0
1518.2,7.1,0,0
1518.3,7.1,0,0
1518.4,7.1,0,0
1518.5,7.1,0,0
1518.6,7.1,0,0
1518.7,7.1,0,0
1518.8,7.1,0,0
1518.9,7.1,0,0
1519,7.1,0,0
1519.1,7.1,0,0
1519.2,7.1,0,0
1519.3,7.1,0,0
1519.4,7.1,0,0
1519.6,7.1,0,0
1519.7,7.1,0,0
1519.8,7.1,0,0
1519.9,7.1,0,0
1520,7.1,0,0
1520.1,7.1,0,0
1520.2,7.3,0,0
1520.3,7.1,0,0
1520.4,7.1,0,0
1520.5,7.1,0,0
1520.6,7.1,0,0
1520.7,7.1,0,0
1520.8,7.1,0,0
1520.9,7.1,0,0
1521,7.1,0,0
1521.1,7.1,0,0
1521.3,7.1,0,0
1521.4,7.1,0,0
1521.5,7.1,0,0
1521.6,7.1,0,0
1521.7,7.1,0,0
1521.8,7.1,0,0
1521.9,7.1,0,0
1522,7.1,0,0
1522.1,7.1,0,0
1522.2,7.1,0,0
1522.3,7.1,0,0
1522.4,7.1,0,0
1522.5,7.1,0,0
1522.6,7.1,0,0
1522.7,7.1,0,0
1522.8,7.1,0,0
1523,7.1,0,0
1523.1,7.1,0,0
1523.2,7.1,0,0
1523.3,7.1,0,0
1523.4,7.1,0,0
1523.5,7.1,0,0
1523.6,7.1,0,0
1523.7,7.1,0,0
1523.8,7.1,0,0
1523.9,7.1,0,0
1524,7.1,0,0
1524.1,7.1,0,0
1524.2,7.1,0,0
1524.3,7.1,0,0
1524.4,7.1,0,0
1524.5,7.1,0,0
1524.7,7.1,0,0
1524.8,7.1,0,0
1524.9,7.1,0,0
1525,7.1,0,0
1525.1,7.1,0,0
1525.2,7.1,0,0
1525.3,7.1,0,0
1525.4,7.1,0,0
1525.5,7.1,0,0
1525.6,7.1,0,0
1525.7,7.3,0,0
1525.8,7.1,0,0
1525.9,7.1,0,0
1526,7.1,0,0
1526.1,7.1,0,0
1526.2,7.1,0,0
1526.3,7.1,0,0
1526.5,7.1,0,0
1526.6,7.1,0,0
1526.7,7.1,0,0
1526.8,7.1,0,0
1526.9,7.1,0,0
1527,7.1,0,0
1527.1,7.1,0,0
1527.2,7.1,0,0
1527.3,7.1,0,0
1527.4,7.1,0,0
1527.5,7.1,0,0
1527.6,7.1,0,0
1527.7,7.1,0,0
1527.8,7.1,0,0
1527.9,7.1,0,0
1528,7.1,0,0
1528.2,7.1,0,0
1528.3,7.1,0,0
1528.4,7.1,0,0
1528.5,7.3,0,0
1528.6,7.1,0,0
1528.7,7.1,0,0
1528.8,7.1,0,0
1528.9,7.1,0,0
1529,7.1,0,0
1529.1,7.1,0,0
1529.2,7.1,0,0
1529.3,7.1,0,0
1529.4,7.1,0,0
1529.5,7.1,0,0
1529.6,7.1,0,0
1529.8,7.1,0,0
1529.9,7.1,0,0
1530,7.1,0,0
1530.1,7.1,0,0
1530.2,7.1,0,0
1530.3,7.1,0,0
1530.4,7.1,0,0
1530.5,7.1,0,0
1530.6,7.1,0,0
1530.7,7.1,0,0
1530.8,7.1,0,0
1530.9,7.1,0,0
1531,7.1,0,0
1531.1,7.1,0,0
1531.2,7.3,0,0
1531.3,7.1,0,0
1531.4,7.1,0,0
1531.6,7.1,0,0
1531.7,7.1,0,0
1531.8,7.1,0,0
1531.9,7.1,0,0
1532,7.1,0,0
1532.1,7.1,0,0
1532.2,7.1,0,0
1532.3,7.1,0,0
1532.4,7.1,0,0
1532.5,7.1,0,0
1532.6,7.1,0,0
1532.7,7.1,0,0
1532.8,7.1,0,0
1532.9,7.1,0,0
1533,7.1,0,0
1533.2,7.1,0,0
1533.3,7.1,0,0
1533.4,7.1,0,0
1533.5,7.1,0,0
1533.6,7.1,0,0
1533.7,7.1,0,0
1533.8,7.1,0,0
1533.9,7.1,0,0
1534,7.3,0,0
1534.1,7.1,0,0
1534.2,7.1,0,0
1534.3,7.1,0,0
1534.4,7.1,0,0
1534.5,7.1,0,0
1534.6,7.1,0,0
1534.7,7.1,0,0
1534.8,7.1,0,0
1535,7.1,0,0
1535.1,7.1,0,0
1535.2,7.1,0,0
1535.3,7.1,0,0
1535.4,7.1,0,0
1535.5,7.1,0,0
1535.6,7.1,0,0
1535.7,7.1,0,0
1535.8,7.1,0,0
1535.9,7.1,0,0
1536,7.1,0,0
1536.1,7.1,0,0
1536.2,7.1,0,0
1536.3,7.1,0,0
1536.4,7.1,0,0
1536.5,7.1,0,0
1536.6,7.1,0,0
1536.8,7.3,0,0
1536.9,7.1,0,0
1537,7.1,0,0
1537.1,7.1,0,0
1537.2,7.1,0,0
1537.3,7.1,0,0
1537.4,7.1,0,0
1537.5,7.1,0,0
1537.6,7.1,0,0
1537.7,7.1,0,0
1537.8,7.1,0,0
1537.9,7.1,0,0
1538,7.1,0,0
1538.1,7.1,0,0
1538.2,7.1,0,0
1538.3,7.1,0,0
1538.4,7.1,0,0
1538.6,7.1,0,0
1538.7,7.1,0,0
1538.8,7.1,0,0
1538.9,7.1,0,0
1539,7.1,0,0
1539.1,7.1,0,0
1539.2,7.1,0,0
1539.3,7.1,0,0
1539.4,7.1,0,0
1539.5,7.3,0,0
1539.6,7.1,0,0
1539.7,7.1,0,0
1539.8,7.1,0,0
1539.9,7.1,0,0
1540,7.1,0,0
1540.1,7.1,0,0
1540.3,7.1,0,0
1540.4,7.1,0,0
1540.5,7.1,0,0
1540.6,7.1,0,0
1540.7,7.1,0,0
1540.8,7.1,0,0
1540.9,7.1,0,0
1541,7.1,0,0
1541.1,7.1,0,0
1541.2,7.1,0,0
1541.3,7.1,0,0
1541.4,7.1,0,0
1541.5,7.1,0,0
1541.6,7.1,0,0
1541.7,7.1,0,0
1541.9,7.1,0,0
1542,7.1,0,0
1542.1,7.1,0,0
1542.2,7.1,0,0
1542.3,7.3,0,0
1542.4,7.1,0,0
1542.5,7.1,0,0
1542.6,7.1,0,0
1542.7,7.1,0,0
1542.8,7.1,0,0
1542.9,7.1,0,0
1543,7.1,0,0
1543.1,7.1,0,0
1543.2,7.1,0,0
1543.3,7.1,0,0
1543.4,7.1,0,0
1543.6,7.1,0,0
1543.7,7.1,0,0
1543.8,7.1,0,0
1543.9,7.1,0,0
1544,7.1,0,0
1544.1,7.1,0,0
1544.2,7.1,0,0
1544.3,7.1,0,0
1544.4,7.1,0,0
1544.5,7.1,0,0
1544.6,7.1,0,0
1544.7,7.1,0,0
1544.8,7.1,0,0
1544.9,7.1,0,0
1545,7.3,0,0
1545.1,7.1,0,0
1545.2,7.1,0,0
1545.4,7.1,0,0
1545.5,7.1,0,0
1545.6,7.1,0,0
1545.7,7.1,0,0
1545.8,7.1,0,0
1545.9,7.1,0,0
1546,7.1,0,0
1546.1,7.1,0,0
1546.2,7.1,0,0
1546.3,7.1,0,0
1546.4,7.1,0,0
1546.5,7.1,0,0
1546.6,7.1,0,0
1546.7,7.1,0,0
1546.8,7.1,0,0
1546.9,7.1,0,0
1547.1,7.1,0,0
1547.2,7.1,0,0
1547.3,7.1,0,0
1547.4,7.1,0,0
1547.5,7.1,0,0
1547.6,7.1,0,0
1547.7,7.1,0,0
1547.8,7.3,0,0
1547.9,7.1,0,0
1548,7.1,0,0
1548.1,7.1,0,0
1548.2,7.1,0,0
1548.3,7.1,0,0
1548.4,7.1,0,0
1548.5,7.1,0,0
1548.6,7.1,0,0
1548.8,7.1,0,0
1548.9,7.1,0,0
1549,7.1,0,0
1549.1,7.1,0,0
1549.2,7.1,0,0
1549.3,7.1,0,0
1549.4,7.1,0,0
1549.5,7.1,0,0
1549.6,7.1,0,0
1549.7,7.1,0,0
1549.8,7.1,0,0
1549.9,7.1,0,0
1550,7.1,0,0
1550.1,7.1,0,0
1550.2,7.1,0,0
1550.3,7.1,0,0
1550.4,7.1,0,0
1550.6,7.1,0,0
1550.7,7.1,0,0
1550.8,7.1,0,0
1550.9,7.1,0,0
1551,7.1,0,0
1551.1,7.1,0,0
1551.2,7.1,0,0
1551.3,7.1,0,0
1551.4,7.1,0,0
1551.5,7.1,0,0
1551.6,7.1,0,0
1551.7,7.1,0,0
1551.8,7.1,0,0
1551.9,7.1,0,0
1552,7.1,0,0
1552.1,7.1,0,0
1552.3,7.1,0,0
1552.4,7.1,0,0
1552.5,7.1,0,0
1552.6,7.1,0,0
1552.7,7.1,0,0
1552.8,7.1,0,0
1552.9,7.1,0,0
1553,7.1,0,0
1553.1,7.1,0,0
1553.2,7.1,0,0
1553.3,7.1,0,0
1553.4,7.1,0,0
1553.5,7.1,0,0
1553.6,7.1,0,0
1553.7,7.1,0,0
1553.8,7.3,0,0
1554,7.1,0,0
1554.1,7.1,0,0
1554.2,7.1,0,0
1554.3,7.1,0,0
1554.4,7.1,0,0
1554.5,7.1,0,0
1554.6,7.1,0,0
1554.7,7.1,0,0
1554.8,7.1,0,0
1554.9,7.1,0,0
1555,7.1,0,0
1555.1,7.1,0,0
1555.2,7.1,0,0
1555.3,7.1,0,0
1555.4,7.1,0,0
1555.5,7.1,0,0
1555.6,7.1,0,0
1555.8,7.1,0,0
1555.9,7.1,0,0
1556,7.1,0,0
1556.1,7.1,0,0
1556.2,7.3,0,0
1556.3,7.1,0,0
1556.4,7.1,0,0
1556.5,7.1,0,0
1556.6,7.3,0,0
1556.7,7.1,0,0
1556.8,7.1,0,0
1556.9,7.1,0,0
1557,7.1,0,0
1557.1,7.1,0,0
1557.2,7.1,0,0
1557.3,7.1,0,0
1557.5,7.1,0,0
1557.6,7.1,0,0
1557.7,7.1,0,0
1557.8,7.1,0,0
1557.9,7.1,0,0
1558,7.1,0,0
1558.1,7.1,0,0
1558.2,7.1,0,0
1558.3,7.1,0,0
1558.4,7.1,0,0
1558.5,7.1,0,0
1558.6,7.1,0,0
1558.7,7.1,0,0
1558.8,7.1,0,0
1558.9,7.3,0,0
1559,7.1,0,0
1559.2,7.1,0,0
1559.3,7.1,0,0
1559.4,7.1,0,0
1559.5,7.1,0,0
1559.6,7.1,0,0
1559.7,7.1,0,0
1559.8,7.1,0,0
1559.9,7.1,0,0
1560,7.1,0,0
1560.1,7.1,0,0
1560.2,7.1,0,0
1560.3,7.1,0,0
1560.4,7.1,0,0
1560.5,7.1,0,0
1560.6,7.1,0,0
1560.7,7.1,0,0
1560.9,7.1,0,0
1561,7.1,0,0
1561.1,7.1,0,0
1561.2,7.1,0,0
1561.3,7.1,0,0
1561.4,7.1,0,0
1561.5,7.1,0,0
1561.6,7.1,0,0
1561.7,7.3,0,0
1561.8,7.1,0,0
1561.9,7.1,0,0
1562,7.1,0,0
1562.1,7.1,0,0
1562.2,7.1,0,0
1562.3,7.1,0,0
1562.4,7.1,0,0
1562.6,7.1,0,0
1562.7,7.1,0,0
1562.8,7.1,0,0
1562.9,7.1,0,0
1563,7.1,0,0
1563.1,7.1,0,0
1563.2,7.1,0,0
1563.3,7.1,0,0
1563.4,7.1,0,0
1563.5,7.1,0,0
1563.6,7.1,0,0
1563.7,7.1,0,0
1563.8,7.1,0,0
1563.9,7.1,0,0
1564,7.1,0,0
1564.2,7.1,0,0
1564.3,7.1,0,0
1564.4,7.1,0,0
1564.5,7.1,0,0
1564.6,7.1,0,0
1564.7,7.1,0,0
1564.8,7.1,0,0
1564.9,7.1,0,0
1565,7.1,0,0
1565.1,7.1,0,0
1565.2,7.1,0,0
1565.3,7.1,0,0
1565.4,7.1,0,0
1565.5,7.1,0,0
1565.6,7.1,0,0
1565.7,7.1,0,0
1565.9,7.1,0,0
1566,7.1,0,0
1566.1,7.1,0,0
1566.2,7.1,0,0
1566.3,7.1,0,0
1566.4,7.1,0,0
1566.5,7.1,0,0
1566.6,7.1,0,0
1566.7,7.1,0,0
1566.8,7.1,0,0
1566.9,7.1,0,0
1567,7.1,0,0
1567.1,7.1,0,0
1567.2,7.3,0,0
1567.3,7.1,0,0
1567.4,7.1,0,0
1567.6,7.1,0,0
1567.7,7.1,0,0
1567.8,7.1,0,0
1567.9,7.1,0,0
1568,7.1,0,0
1568.1,7.1,0,0
1568.2,7.1,0,0
1568.3,7.1,0,0
1568.4,7.1,0,0
1568.5,7.1,0,0
1568.6,7.1,0,0
1568.7,7.1,0,0
1568.8,7.1,0,0
1568.9,7.1,0,0
1569,7.1,0,0
1569.1,7.1,0,0
1569.3,7.1,0,0
1569.4,7.1,0,0
1569.5,7.1,0,0
1569.6,7.1,0,0
1569.7,7.1,0,0
1569.8,7.1,0,0
1569.9,7.1,0,0
1570,7.3,0,0
1570.1,7.1,0,0
1570.2,7.1,0,0
1570.3,7.1,0,0
1570.4,7.1,0,0
1570.5,7.1,0,0
1570.6,7.1,0,0
1570.7,7.1,0,0
1570.8,7.1,0,0
1570.9,7.1,0,0
1571.1,7.1,0,0
1571.2,7.1,0,0
1571.3,7.1,0,0
1571.4,7.1,0,0
1571.5,7.1,0,0
1571.6,7.1,0,0
1571.7,7.1,0,0
1571.8,7.1,0,0
1571.9,7.1,0,0
1572,7.1,0,0
1572.1,7.1,0,0
1572.2,7.1,0,0
1572.3,7.1,0,0
1572.4,7.1,0,0
1572.5,7.1,0,0
1572.6,7.1,0,0
1572.8,7.3,0,0
1572.9,7.1,0,0
1573,7.1,0,0
1573.1,7.1,0,0
1573.2,7.1,0,0
1573.3,7.1,0,0
1573.4,7.1,0,0
1573.5,7.1,0,0
1573.6,7.1,0,0
1573.7,7.1,0,0
1573.8,7.1,0,0
1573.9,7.1,0,0
1574,7.1,0,0
1574.1,7.1,0,0
1574.2,7.1,0,0
1574.3,7.1,0,0
1574.5,7.1,0,0
1574.6,7.1,0,0
1574.7,7.1,0,0
1574.8,7.1,0,0
1574.9,7.1,0,0
1575,7.1,0,0
1575.1,7.1,0,0
1575.2,7.1,0,0
1575.3,7.1,0,0
1575.4,7.1,0,0
1575.5,7.3,0,0
1575.6,7.1,0,0
1575.7,7.1,0,0
1575.8,7.1,0,0
1575.9,7.1,0,0
1576,7.1,0,0
1576.2,7.1,0,0
1576.3,7.1,0,0
1576.4,7.1,0,0
1576.5,7.1,0,0
1576.6,7.1,0,0
1576.7,7.1,0,0
1576.8,7.1,0,0
1576.9,7.1,0,0
1577,7.1,0,0
1577.1,7.1,0,0
1577.2,7.1,0,0
1577.3,7.1,0,0
1577.4,7.1,0,0
1577.5,7.1,0,0
1577.6,7.1,0,0
1577.7,7.1,0,0
1577.9,7.1,0,0
1578,7.1,0,0
1578.1,7.1,0,0
1578.2,7.1,0,0
1578.3,7.3,0,0
1578.4,7.1,0,0
1578.5,7.1,0,0
1578.6,7.1,0,0
1578.7,7.1,0,0
1578.8,7.1,0,0
1578.9,7.1,0,0
1579,7.1,0,0
1579.1,7.1,0,0
1579.2,7.1,0,0
1579.3,7.1,0,0
1579.4,7.1,0,0
1579.6,7.1,0,0
1579.7,7.1,0,0
1579.8,7.1,0,0
1579.9,7.1,0,0
1580,7.1,0,0
1580.1,7.1,0,0
1580.2,7.1,0,0
1580.3,7.1,0,0
1580.4,7.1,0,0
1580.5,7.1,0,0
1580.6,7.1,0,0
1580.7,7.1,0,0
1580.8,7.1,0,0
1580.9,7.1,0,0
1581,7.1,0,0
1581.1,7.1,0,0
1581.3,7.1,0,0
1581.4,7.1,0,0
1581.5,7.1,0,0
1581.6,7.1,0,0
1581.7,7.1,0,0
1581.8,7.1,0,0
1581.9,7.1,0,0
1582,7.1,0,0
1582.1,7.1,0,0
1582.2,7.1,0,0
1582.3,7.1,0,0
1582.4,7.1,0,0
1582.5,7.1,0,0
1582.6,7.1,0,0
1582.7,7.1,0,0
1582.8,7.1,0,0
1583,7.1,0,0
1583.1,7.1,0,0
1583.2,7.1,0,0
1583.3,7.1,0,0
1583.4,7.1,0,0
1583.5,7.1,0,0
1583.6,7.1,0,0
1583.7,7.1,0,0
1583.8,7.1,0,0
1583.9,7.1,0,0
1584,7.1,0,0
1584.1,7.1,0,0
1584.2,7.1,0,0
1584.3,7.1,0,0
1584.4,7.1,0,0
1584.5,7.1,0,0
1584.7,7.1,0,0
1584.8,7.1,0,0
1584.9,7.1,0,0
1585,7.1,0,0
1585.1,7.1,0,0
1585.2,7.1,0,0
1585.3,7.1,0,0
1585.4,7.1,0,0
1585.5,7.1,0,0
1585.6,7.1,0,0
1585.7,7.1,0,0
1585.8,7.1,0,0
1585.9,7.1,0,0
1586,7.1,0,0
1586.1,7.1,0,0
1586.2,7.1,0,0
1586.4,7.1,0,0
1586.5,7.1,0,0
1586.6,7.3,0,0
1586.7,7.1,0,0
1586.8,7.1,0,0
1586.9,7.1,0,0
1587,7.1,0,0
1587.1,7.1,0,0
1587.2,7.1,0,0
1587.3,7.1,0,0
1587.4,7.1,0,0
1587.5,7.1,0,0
1587.6,7.1,0,0
1587.7,7.1,0,0
1587.8,7.1,0,0
1587.9,7.1,0,0
1588,7.1,0,0
1588.2,7.1,0,0
1588.3,7.1,0,0
1588.4,7.1,0,0
1588.5,7.1,0,0
1588.6,7.1,0,0
1588.7,7.1,0,0
1588.8,7.1,0,0
1588.9,7.1,0,0
1589,7.1,0,0
1589.1,7.1,0,0
1589.2,7.1,0,0
1589.3,7.1,0,0
1589.4,7.1,0,0
1589.5,7.1,0,0
1589.6,7.1,0,0
1589.7,7.1,0,0
1589.9,7.1,0,0
1590,7.1,0,0
1590.1,7.1,0,0
1590.2,7.1,0,0
1590.3,7.1,0,0
1590.4,7.1,0,0
1590.5,7.1,0,0
1590.6,7.1,0,0
1590.7,7.1,0,0
1590.8,7.1,0,0
1590.9,7.1,0,0
1591,7.1,0,0
1591.1,7.1,0,0
1591.2,7.1,0,0
1591.3,7.1,0,0
1591.4,7.1,0,0
1591.6,7.1,0,0
1591.7,7.1,0,0
1591.8,7.1,0,0
1591.9,7.1,0,0
1592,7.1,0,0
1592.1,7.1,0,0
1592.2,7.1,0,0
1592.3,7.1,0,0
1592.4,7.1,0,0
1592.5,7.1,0,0
1592.6,7.1,0,0
1592.7,7.1,0,0
1592.8,7.1,0,0
1592.9,7.1,0,0
1593,7.1,0,0
1593.1,7.1,0,0
1593.2,7.1,0,0
1593.4,7.1,0,0
1593.5,7.1,0,0
1593.6,7.1,0,0
1593.7,7.1,0,0
1593.8,7.1,0,0
1593.9,7.1,0,0
1594,7.1,0,0
1594.1,7.1,0,0
1594.2,7.1,0,0
1594.3,7.1,0,0
1594.4,7.1,0,0
1594.5,7.1,0,0
1594.6,7.1,0,0
1594.7,7.1,0,0
1594.8,7.1,0,0
1594.9,7.1,0,0
1595.1,7.1,0,0
1595.2,7.1,0,0
1595.3,7.1,0,0
1595.4,7.1,0,0
1595.5,7.1,0,0
1595.6,7.1,0,0
1595.7,7.1,0,0
1595.8,7.1,0,0
1595.9,7.1,0,0
1596,7.1,0,0
1596.1,7.1,0,0
1596.2,7.1,0,0
1596.3,7.1,0,0
1596.4,7.1,0,0
1596.5,7.1,0,0
1596.6,7.1,0,0
1596.8,7.1,0,0
1596.9,7.1,0,0
1597,7.1,0,0
1597.1,7.1,0,0
1597.2,7.1,0,0
1597.3,7.1,0,0
1597.4,7.1,0,0
1597.5,7.1,0,0
1597.6,7.1,0,0
1597.7,7.3,0,0
1597.8,7.1,0,0
1597.9,7.1,0,0
1598,7.1,0,0
1598.1,7.1,0,0
1598.2,7.1,0,0
1598.3,7.1,0,0
1598.4,7.1,0,0
1598.6,7.1,0,0
1598.7,7.1,0,0
1598.8,7.1,0,0
1598.9,7.1,0,0
1599,7.1,0,0
1599.1,7.1,0,0
1599.2,7.1,0,0
1599.3,7.1,0,0
1599.4,7.1,0,0
1599.5,7.1,0,0
1599.6,7.1,0,0
1599.7,7.1,0,0
1599.8,7.1,0,0
1599.9,7.1,0,0
1600,7.1,0,0
1600.2,7.1,0,0
1600.3,7.1,0,0
1600.4,7.1,0,0
1600.5,7.3,0,0
1600.6,7.1,0,0
1600.7,7.1,0,0
1600.8,7.1,0,0
1600.9,7.1,0,0
1601,7.1,0,0
1601.1,7.1,0,0
1601.2,7.1,0,0
1601.3,7.1,0,0
1601.4,7.1,0,0
1601.5,7.1,0,0
1601.6,7.1,0,0
1601.7,7.1,0,0
1601.8,7.1,0,0
1602,7.1,0,0
1602.1,7.1,0,0
1602.2,7.1,0,0
1602.3,7.1,0,0
1602.4,7.1,0,0
1602.5,7.1,0,0
1602.6,7.1,0,0
1602.7,7.1,0,0
1602.8,7.1,0,0
1602.9,7.1,0,0
1603,7.1,0,0
1603.1,7.1,0,0
1603.2,7.3,0,0
1603.3,7.1,0,0
1603.4,7.1,0,0
1603.5,7.1,0,0
1603.7,7.1,0,0
1603.8,7.1,0,0
1603.9,7.1,0,0
1604,7.1,0,0
1604.1,7.1,0,0
1604.2,7.1,0,0
1604.3,7.1,0,0
1604.4,7.1,0,0
1604.5,7.1,0,0
1604.6,7.1,0,0
1604.7,7.1,0,0
1604.8,7.1,0,0
1604.9,7.1,0,0
1605,7.1,0,0
1605.1,7.1,0,0
1605.2,7.1,0,0
1605.4,7.1,0,0
1605.5,7.1,0,0
1605.6,7.1,0,0
1605.7,7.1,0,0
1605.8,7.1,0,0
1605.9,7.1,0,0
1606,7.3,0,0
1606.1,7.1,0,0
1606.2,7.1,0,0
1606.3,7.1,0,0
1606.4,7.1,0,0
1606.5,7.1,0,0
1606.6,7.1,0,0
1606.7,7.1,0,0
1606.8,7.1,0,0
1606.9,7.1,0,0
1607.1,7.1,0,0
1607.2,7.1,0,0
1607.3,7.1,0,0
1607.4,7.1,0,0
1607.5,7.1,0,0
1607.6,7.1,0,0
1607.7,7.1,0,0
1607.8,7.1,0,0
1607.9,7.1,0,0
1608,7.1,0,0
1608.1,7.1,0,0
1608.2,7.1,0,0
1608.3,7.1,0,0
1608.4,7.1,0,0
1608.5,7.1,0,0
1608.6,7.1,0,0
1608.8,7.3,0,0
1608.9,7.1,0,0
1609,7.1,0,0
1609.1,7.1,0,0
1609.2,7.1,0,0
1609.3,7.1,0,0
1609.4,7.1,0,0
1609.5,7.1,0,0
1609.6,7.1,0,0
1609.7,7.1,0,0
1609.8,7.1,0,0
1609.9,7.1,0,0
1610,7.1,0,0
1610.1,7.1,0,0
1610.2,7.1,0,0
1610.3,7.1,0,0
1610.4,7.1,0,0
1610.6,7.1,0,0
1610.7,7.1,0,0
1610.8,7.1,0,0
1610.9,7.1,0,0
1611,7.1,0,0
1611.1,7.1,0,0
1611.2,7.1,0,0
1611.3,7.1,0,0
1611.4,7.1,0,0
1611.5,7.3,0,0
1611.6,7.1,0,0
1611.7,7.1,0,0
1611.8,7.1,0,0
1611.9,7.1,0,0
1612,7.1,0,0
1612.1,7.1,0,0
1612.3,7.1,0,0
1612.4,7.1,0,0
1612.5,7.1,0,0
1612.6,7.1,0,0
1612.7,7.1,0,0
1612.8,7.1,0,0
1612.9,7.1,0,0
1613,7.1,0,0
1613.1,7.1,0,0
1613.2,7.1,0,0
1613.3,7.1,0,0
1613.4,7.1,0,0
1613.5,7.1,0,0
1613.6,7.1,0,0
1613.7,7.1,0,0
1613.8,7.1,0,0
1613.9,7.1,0,0
1614.1,7.1,0,0
1614.2,7.1,0,0
1614.3,7.1,0,0
1614.4,7.1,0,0
1614.5,7.1,0,0
1614.6,7.1,0,0
1614.7,7.1,0,0
1614.8,7.1,0,0
1614.9,7.1,0,0
1615,7.1,0,0
1615.1,7.1,0,0
1615.2,7.1,0,0
1615.3,7.1,0,0
1615.4,7.1,0,0
1615.5,7.1,0,0
1615.7,7.1,0,0
1615.8,7.1,0,0
1615.9,7.1,0,0
1616,7.1,0,0
1616.1,7.1,0,0
1616.2,7.1,0,0
1616.3,7.1,0,0
1616.4,7.1,0,0
1616.5,7.1,0,0
1616.6,7.1,0,0
1616.7,7.1,0,0
1616.8,7.1,0,0
1616.9,7.1,0,0
1617,7.3,0,0
1617.1,7.1,0,0
1617.2,7.1,0,0
1617.3,7.1,0,0
1617.5,7.1,0,0
1617.6,7.1,0,0
1617.7,7.1,0,0
1617.8,7.1,0,0
1617.9,7.1,0,0
1618,7.1,0,0
1618.1,7.1,0,0
1618.2,7.1,0,0
1618.3,7.1,0,0
1618.4,7.1,0,0
1618.5,7.1,0,0
1618.6,7.1,0,0
1618.7,7.1,0,0
1618.8,7.1,0,0
1618.9,7.1,0,0
1619,7.1,0,0
1619.1,7.1,0,0
1619.3,7.1,0,0
1619.4,7.1,0,0
1619.5,7.1,0,0
1619.6,7.1,0,0
1619.7,7.1,0,0
1619.8,7.3,0,0
1619.9,7.1,0,0
1620,7.1,0,0
1620.1,7.1,0,0
1620.2,7.1,0,0
1620.3,7.1,0,0
1620.4,7.1,0,0
1620.5,7.1,0,0
1620.6,7.1,0,0
1620.7,7.1,0,0
1620.8,7.1,0,0
1621,7.1,0,0
1621.1,7.1,0,0
1621.2,7.1,0,0
1621.3,7.1,0,0
1621.4,7.1,0,0
1621.5,7.1,0,0
1621.6,7.1,0,0
1621.7,7.1,0,0
1621.8,7.1,0,0
1621.9,7.1,0,0
1622,7.1,0,0
1622.1,7.1,0,0
1622.2,7.1,0,0
1622.3,7.1,0,0
1622.4,7.1,0,0
1622.6,7.3,0,0
1622.7,7.1,0,0
1622.8,7.1,0,0
1622.9,7.1,0,0
1623,7.1,0,0
1623.1,7.1,0,0
1623.2,7.1,0,0
1623.3,7.1,0,0
1623.4,7.1,0,0
1623.5,7.1,0,0
1623.6,7.1,0,0
1623.7,7.1,0,0
1623.8,7.1,0,0
1623.9,7.1,0,0
1624,7.1,0,0
1624.2,7.1,0,0
1624.3,7.1,0,0
1624.4,7.1,0,0
1624.5,7.1,0,0
1624.6,7.1,0,0
1624.7,7.1,0,0
1624.8,7.1,0,0
1624.9,7.1,0,0
1625,7.1,0,0
1625.1,7.1,0,0
1625.2,7.1,0,0
1625.3,7.3,0,0
1625.4,7.1,0,0
1625.5,7.1,0,0
1625.6,7.1,0,0
1625.7,7.1,0,0
1625.8,7.1,0,0
1626,7.1,0,0
1626.1,7.1,0,0
1626.2,7.1,0,0
1626.3,7.1,0,0
1626.4,7.1,0,0
1626.5,7.1,0,0
1626.6,7.1,0,0
1626.7,7.1,0,0
1626.8,7.1,0,0
1626.9,7.1,0,0
1627,7.1,0,0
1627.1,7.1,0,0
1627.2,7.1,0,0
1627.3,7.1,0,0
1627.4,7.1,0,0
1627.5,7.1,0,0
1627.7,7.1,0,0
1627.8,7.1,0,0
1627.9,7.1,0,0
1628,7.1,0,0
1628.1,7.3,0,0
1628.2,7.1,0,0
1628.3,7.1,0,0
1628.4,7.1,0,0
1628.5,7.1,0,0
1628.6,7.1,0,0
1628.7,7.1,0,0
1628.8,7.1,0,0
1628.9,7.1,0,0
1629,7.1,0,0
1629.1,7.1,0,0
1629.2,7.1,0,0
1629.4,7.1,0,0
1629.5,7.1,0,0
1629.6,7.1,0,0
1629.7,7.1,0,0
1629.8,7.1,0,0
1629.9,7.1,0,0
1630,7.1,0,0
1630.1,7.1,0,0
1630.2,7.1,0,0
1630.3,7.1,0,0
1630.4,7.1,0,0
1630.5,7.1,0,0
1630.6,7.1,0,0
1630.7,7.1,0,0
1630.8,7.1,0,0
1630.9,7.1,0,0
1631.1,7.1,0,0
1631.2,7.1,0,0
1631.3,7.1,0,0
1631.4,7.1,0,0
1631.5,7.1,0,0
1631.6,7.1,0,0
1631.7,7.1,0,0
1631.8,7.1,0,0
1631.9,7.1,0,0
1632,7.1,0,0
1632.1,7.1,0,0
1632.2,7.1,0,0
1632.3,7.1,0,0
1632.4,7.1,0,0
1632.5,7.1,0,0
1632.6,7.1,0,0
1632.8,7.1,0,0
1632.9,7.1,0,0
1633,7.1,0,0
1633.1,7.1,0,0
1633.2,7.1,0,0
1633.3,7.1,0,0
1633.4,7.1,0,0
1633.5,7.1,0,0
1633.6,7.1,0,0
1633.7,7.1,0,0
1633.8,7.1,0,0
1633.9,7.1,0,0
1634,7.1,0,0
1634.1,7.1,0,0
1634.2,7.1,0,0
1634.3,7.1,0,0
1634.4,7.1,0,0
1634.6,7.1,0,0
1634.7,7.1,0,0
1634.8,7.1,0,0
1634.9,7.1,0,0
1635,7.1,0,0
1635.1,7.1,0,0
1635.2,7.1,0,0
1635.3,7.1,0,0
1635.4,7.1,0,0
1635.5,7.1,0,0
1635.6,7.1,0,0
1635.7,7.1,0,0
1635.8,7.1,0,0
1635.9,7.1,0,0
1636,7.1,0,0
1636.1,7.1,0,0
1636.3,7.1,0,0
1636.4,7.1,0,0
1636.5,7.1,0,0
1636.6,7.1,0,0
1636.7,7.1,0,0
1636.8,7.1,0,0
1636.9,7.1,0,0
1637,7.1,0,0
1637.1,7.1,0,0
1637.2,7.1,0,0
1637.3,7.1,0,0
1637.4,7.1,0,0
1637.5,7.1,0,0
1637.6,7.1,0,0
1637.7,7.1,0,0
1637.8,7.1,0,0
1637.9,7.1,0,0
1638.1,7.1,0,0
1638.2,7.1,0,0
1638.3,7.1,0,0
1638.4,7.1,0,0
1638.5,7.1,0,0
1638.6,7.1,0,0
1638.7,7.1,0,0
1638.8,7.1,0,0
1638.9,7.1,0,0
1639,7.1,0,0
1639.1,7.1,0,0
1639.2,7.3,0,0
1639.3,7.1,0,0
1639.4,7.1,0,0
1639.5,7.1,0,0
1639.7,7.1,0,0
1639.8,7.1,0,0
1639.9,7.1,0,0
1640,7.1,0,0
1640.1,7.1,0,0
1640.2,7.1,0,0
1640.3,7.1,0,0
1640.4,7.1,0,0
1640.5,7.1,0,0
1640.6,7.1,0,0
1640.7,7.1,0,0
1640.8,7.1,0,0
1640.9,7.1,0,0
1641,7.1,0,0
1641.1,7.1,0,0
1641.2,7.1,0,0
1641.4,7.1,0,0
1641.5,7.1,0,0
1641.6,7.1,0,0
1641.7,7.1,0,0
1641.8,7.1,0,0
1641.9,7.1,0,0
1642,7.3,0,0
1642.1,7.1,0,0
1642.2,7.1,0,0
1642.3,7.1,0,0
1642.4,7.1,0,0
1642.5,7.1,0,0
1642.6,7.1,0,0
1642.7,7.1,0,0
1642.8,7.1,0,0
1642.9,7.1,0,0
1643.1,7.1,0,0
1643.2,7.1,0,0
1643.3,7.1,0,0
1643.4,7.1,0,0
1643.5,7.1,0,0
1643.6,7.1,0,0
1643.7,7.1,0,0
1643.8,7.1,0,0
1643.9,7.1,0,0
1644,7.1,0,0
1644.1,7.1,0,0
1644.2,7.1,0,0
1644.3,7.1,0,0
1644.4,7.1,0,0
1644.5,7.1,0,0
1644.6,7.1,0,0
1644.8,7.3,0,0
1644.9,7.1,0,0
1645,7.1,0,0
1645.1,7.1,0,0
1645.2,7.1,0,0
1645.3,7.1,0,0
1645.4,7.1,0,0
1645.5,7.1,0,0
1645.6,7.1,0,0
1645.7,7.1,0,0
1645.8,7.1,0,0
1645.9,7.1,0,0
1646,7.1,0,0
1646.1,7.1,0,0
1646.2,7.1,0,0
1646.3,7.1,0,0
1646.5,7.1,0,0
1646.6,7.1,0,0
1646.7,7.1,0,0
1646.8,7.1,0,0
1646.9,7.1,0,0
1647,7.1,0,0
1647.1,7.1,0,0
1647.2,7.1,0,0
1647.3,7.1,0,0
1647.4,7.1,0,0
1647.5,7.3,0,0
1647.6,7.1,0,0
1647.7,7.1,0,0
1647.8,7.1,0,0
1647.9,7.1,0,0
1648,7.1,0,0
1648.2,7.1,0,0
1648.3,7.1,0,0
1648.4,7.1,0,0
1648.5,7.1,0,0
1648.6,7.1,0,0
1648.7,7.1,0,0
1648.8,7.1,0,0
1648.9,7.1,0,0
1649,7.1,0,0
1649.1,7.1,0,0
1649.2,7.1,0,0
1649.3,7.1,0,0
1649.4,7.1,0,0
1649.5,7.1,0,0
1649.6,7.1,0,0
1649.7,7.1,0,0
1649.9,7.1,0,0
1650,7.1,0,0
1650.1,7.1,0,0
1650.2,7.1,0,0
1650.3,7.3,0,0
1650.4,7.1,0,0
1650.5,7.1,0,0
1650.6,7.1,0,0
1650.7,7.1,0,0
1650.8,7.1,0,0
1650.9,7.1,0,0
1651,7.1,0,0
1651.1,7.1,0,0
1651.2,7.1,0,0
1651.3,7.1,0,0
1651.4,7.1,0,0
1651.6,7.1,0,0
1651.7,7.1,0,0
1651.8,7.1,0,0
1651.9,7.1,0,0
1652,7.1,0,0
1652.1,7.1,0,0
1652.2,7.1,0,0
1652.3,7.1,0,0
1652.4,7.1,0,0
1652.5,7.1,0,0
1652.6,7.1,0,0
1652.7,7.1,0,0
1652.8,7.1,0,0
1652.9,7.1,0,0
1653,7.3,0,0
1653.1,7.1,0,0
1653.2,7.1,0,0
1653.4,7.1,0,0
1653.5,7.1,0,0
1653.6,7.1,0,0
1653.7,7.1,0,0
1653.8,7.1,0,0
1653.9,7.1,0,0
1654,7.1,0,0
1654.1,7.1,0,0
1654.2,7.1,0,0
1654.3,7.1,0,0
1654.4,7.1,0,0
1654.5,7.1,0,0
1654.6,7.1,0,0
1654.7,7.1,0,0
1654.8,7.1,0,0
1654.9,7.1,0,0
1655.1,7.1,0,0
1655.2,7.1,0,0
1655.3,7.1,0,0
1655.4,7.1,0,0
1655.5,7.1,0,0
1655.6,7.1,0,0
1655.7,7.1,0,0
1655.8,7.1,0,0
1655.9,7.1,0,0
1656,7.1,0,0
1656.1,7.1,0,0
1656.2,7.1,0,0
1656.3,7.1,0,0
1656.4,7.1,0,0
1656.5,7.1,0,0
1656.6,7.1,0,0
1656.7,7.1,0,0
1656.9,7.1,0,0
1657,7.1,0,0
1657.1,7.1,0,0
1657.2,7.1,0,0
1657.3,7.1,0,0
1657.4,7.1,0,0
1657.5,7.1,0,0
1657.6,7.1,0,0
1657.7,7.1,0,0
1657.8,7.1,0,0
1657.9,7.1,0,0
1658,7.1,0,0
1658.1,7.1,0,0
1658.2,7.1,0,0
1658.3,7.1,0,0
1658.4,7.1,0,0
1658.6,7.3,0,0
1658.7,7.1,0,0
1658.8,7.1,0,0
1658.9,7.1,0,0
1659,7.1,0,0
1659.1,7.1,0,0
1659.2,7.1,0,0
1659.3,7.1,0,0
1659.4,7.1,0,0
1659.5,7.1,0,0
1659.6,7.1,0,0
1659.7,7.1,0,0
1659.8,7.1,0,0
1659.9,7.1,0,0
1660,7.1,0,0
1660.1,7.1,0,0
1660.3,7.1,0,0
1660.4,7.1,0,0
1660.5,7.1,0,0
1660.6,7.1,0,0
1660.7,7.1,0,0
1660.8,7.1,0,0
1660.9,7.1,0,0
1661,7.1,0,0
1661.1,7.1,0,0
1661.2,7.1,0,0
1661.3,7.1,0,0
1661.4,7.1,0,0
1661.5,7.1,0,0
1661.6,7.1,0,0
1661.7,7.1,0,0
1661.8,7.1,0,0
1661.9,7.1,0,0
1662.1,7.1,0,0
1662.2,7.1,0,0
1662.3,7.1,0,0
1662.4,7.1,0,0
1662.5,7.1,0,0
1662.6,7.1,0,0
1662.7,7.1,0,0
1662.8,7.1,0,0
1662.9,7.1,0,0
1663,7.1,0,0
1663.1,7.1,0,0
1663.2,7.1,0,0
1663.3,7.1,0,0
1663.4,7.1,0,0
1663.5,7.1,0,0
1663.6,7.1,0,0
1663.8,7.1,0,0
1663.9,7.1,0,0
1664,7.1,0,0
1664.1,7.3,0,0
1664.2,7.1,0,0
1664.3,7.1,0,0
1664.4,7.1,0,0
1664.5,7.1,0,0
1664.6,7.1,0,0
1664.7,7.1,0,0
1664.8,7.1,0,0
1664.9,7.1,0,0
1665,7.1,0,0
1665.1,7.1,0,0
1665.2,7.1,0,0
1665.3,7.1,0,0
1665.5,7.1,0,0
1665.6,7.1,0,0
1665.7,7.1,0,0
1665.8,7.1,0,0
1665.9,7.1,0,0
1666,7.1,0,0
1666.1,7.1,0,0
1666.2,7.1,0,0
1666.3,7.1,0,0
1666.4,7.1,0,0
1666.5,7.1,0,0
1666.6,7.1,0,0
1666.7,7.1,0,0
1666.8,7.1,0,0
1666.9,7.1,0,0
1667,7.1,0,0
1667.1,7.1,0,0
1667.3,7.1,0,0
1667.4,7.1,0,0
1667.5,7.1,0,0
1667.6,7.1,0,0
1667.7,7.1,0,0
1667.8,7.1,0,0
1667.9,7.1,0,0
1668,7.1,0,0
1668.1,7.1,0,0
1668.2,7.1,0,0
1668.3,7.1,0,0
1668.4,7.1,0,0
1668.5,7.1,0,0
1668.6,7.1,0,0
1668.7,7.1,0,0
1668.8,7.1,0,0
1669,7.1,0,0
1669.1,7.1,0,0
1669.2,7.1,0,0
1669.3,7.1,0,0
1669.4,7.1,0,0
1669.5,7.1,0,0
1669.6,7.1,0,0
1669.7,7.1,0,0
1669.8,7.1,0,0
1669.9,7.1,0,0
1670,7.1,0,0
1670.1,7.1,0,0
1670.2,7.1,0,0
1670.3,7.1,0,0
1670.4,7.1,0,0
1670.5,7.1,0,0
1670.7,7.1,0,0
1670.8,7.1,0,0
1670.9,7.1,0,0
1671,7.1,0,0
1671.1,7.1,0,0
1671.2,7.1,0,0
1671.3,7.1,0,0
1671.4,7.1,0,0
1671.5,7.1,0,0
1671.6,7.1,0,0
1671.7,7.1,0,0
1671.8,7.1,0,0
1671.9,7.1,0,0
1672,7.1,0,0
1672.1,7.1,0,0
1672.2,7.1,0,0
1672.4,7.1,0,0
1672.5,7.1,0,0
1672.6,7.1,0,0
1672.7,7.1,0,0
1672.8,7.1,0,0
1672.9,7.1,0,0
1673,7.1,0,0
1673.1,7.1,0,0
1673.2,7.1,0,0
1673.3,7.1,0,0
1673.4,7.1,0,0
1673.5,7.1,0,0
1673.6,7.1,0,0
1673.7,7.1,0,0
1673.8,7.1,0,0
1673.9,7.1,0,0
1674,7.1,0,0
1674.2,7.1,0,0
1674.3,7.1,0,0
1674.4,7.1,0,0
1674.5,7.1,0,0
1674.6,7.1,0,0
1674.7,7.1,0,0
1674.8,7.1,0,0
1674.9,7.1,0,0
1675,7.1,0,0
1675.1,7.1,0,0
1675.2,7.3,0,0
1675.3,7.1,0,0
1675.4,7.1,0,0
1675.5,7.1,0,0
1675.6,7.1,0,0
1675.7,7.1,0,0
1675.9,7.1,0,0
1676,7.1,0,0
1676.1,7.1,0,0
1676.2,7.1,0,0
1676.3,7.1,0,0
1676.4,7.1,0,0
1676.5,7.1,0,0
1676.6,7.1,0,0
1676.7,7.1,0,0
1676.8,7.1,0,0
1676.9,7.1,0,0
1677,7.1,0,0
1677.1,7.6,0,0
1677.2,7.6,0,0
1677.3,7.6,0,0
1677.4,7.6,0,0
1677.6,7.6,0,0
1677.7,7.3,0,0
1677.8,7.3,0,0
1677.9,7.3,0,0
1678,7.6,0,0
1678.1,7.3,0,0
1678.2,7.3,0,0
1678.3,7.3,0,0
1678.4,7.3,0,0
1678.5,7.3,0,0
1678.6,7.3,0,0
1678.7,7.3,0,0
1678.8,7.1,0,0
1678.9,7.1,0,0
1679,7.1,0,0
1679.1,7.1,0,0
1679.3,7.1,0,0
1679.4,7.1,0,0
1679.5,7.3,0,0
1679.6,7.1,0,0
1679.7,7.1,0,0
1679.8,7.1,0,0
1679.9,7.1,0,0
1680,7.1,0,0
1680.1,7.1,0,0
1680.2,7.1,0,0
1680.3,7.1,0,0
1680.4,7.1,0,0
1680.5,7.1,0,0
1680.6,7.3,0,0
1680.7,7.3,0,0
1680.8,7.1,0,0
1681,7.1,0,0
1681.1,7.1,0,0
1681.2,7.1,0,0
1681.3,7.1,0,0
1681.4,7.3,0,0
1681.5,7.1,0,0
1681.6,7.1,0,0
1681.7,7.1,0,0
1681.8,7.1,0,0
1681.9,7.1,0,0
1682,7.1,0,0
1682.1,7.1,0,0
1682.2,7.1,0,0
1682.3,7.1,0,0
1682.4,7.1,0,0
1682.6,7.3,0,0
1682.7,7.1,0,0
1682.8,7.1,0,0
1682.9,7.1,0,0
1683,7.1,0,0
1683.1,7.1,0,0
1683.2,7.1,0,0
1683.3,7.1,0,0
1683.4,7.1,0,0
1683.5,7.1,0,0
1683.6,7.1,0,0
1683.7,7.1,0,0
1683.8,7.1,0,0
1683.9,7.1,0,0
1684,7.1,0,0
1684.2,7.1,0,0
1684.3,7.1,0,0
1684.4,7.1,0,0
1684.5,7.1,0,0
1684.6,7.1,0,0
1684.7,7.1,0,0
1684.8,7.3,0,0
1684.9,7.1,0,0
1685,7.1,0,0
1685.1,7.1,0,0
1685.2,7.1,0,0
1685.3,7.1,0,0
1685.4,7.1,0,0
1685.5,7.1,0,0
1685.6,7.1,0,0
1685.7,7.1,0,0
1685.8,7.1,0,0
1686,7.1,0,0
1686.1,7.1,0,0
1686.2,7.1,0,0
1686.3,7.1,0,0
1686.4,7.1,0,0
1686.5,7.1,0,0
1686.6,7.1,0,0
1686.7,7.1,0,0
1686.8,7.1,0,0
1686.9,7.1,0,0
1687,7.1,0,0
1687.1,7.1,0,0
1687.2,7.1,0,0
1687.3,7.1,0,0
1687.4,7.1,0,0
1687.5,7.1,0,0
1687.7,7.1,0,0
1687.8,7.1,0,0
1687.9,7.1,0,0
1688,7.1,0,0
1688.1,7.1,0,0
1688.2,7.1,0,0
1688.3,7.1,0,0
1688.4,7.1,0,0
1688.5,7.1,0,0
1688.6,7.1,0,0
1688.7,7.1,0,0
1688.8,7.1,0,0
1688.9,7.1,0,0
1689,7.3,0,0
1689.1,7.1,0,0
1689.2,7.1,0,0
1689.4,7.1,0,0
1689.5,7.1,0,0
1689.6,7.1,0,0
1689.7,7.1,0,0
1689.8,7.1,0,0
1689.9,7.1,0,0
1690,7.1,0,0
1690.1,7.1,0,0
1690.2,7.1,0,0
1690.3,7.1,0,0
1690.4,7.1,0,0
1690.5,7.1,0,0
1690.6,7.1,0,0
1690.7,7.1,0,0
1690.8,7.1,0,0
1690.9,7.1,0,0
1691.1,7.1,0,0
1691.2,7.1,0,0
1691.3,7.1,0,0
1691.4,7.1,0,0
1691.5,7.1,0,0
1691.6,7.1,0,0
1691.7,7.1,0,0
1691.8,7.1,0,0
1691.9,7.1,0,0
1692,7.1,0,0
1692.1,7.1,0,0
1692.2,7.1,0,0
1692.3,7.1,0,0
1692.4,7.1,0,0
1692.5,7.1,0,0
1692.6,7.1,0,0
1692.8,7.1,0,0
1692.9,7.1,0,0
1693,7.1,0,0
1693.1,7.1,0,0
1693.2,7.1,0,0
1693.3,7.1,0,0
1693.4,7.1,0,0
1693.5,7.1,0,0
1693.6,7.1,0,0
1693.7,7.1,0,0
1693.8,7.1,0,0
1693.9,7.1,0,0
1694,7.1,0,0
1694.1,7.1,0,0
1694.2,7.1,0,0
1694.3,7.1,0,0
1694.5,7.1,0,0
1694.6,7.3,0,0
1694.7,7.1,0,0
1694.8,7.1,0,0
1694.9,7.1,0,0
1695,7.1,0,0
1695.1,7.1,0,0
1695.2,7.1,0,0
1695.3,7.1,0,0
1695.4,7.1,0,0
1695.5,7.1,0,0
1695.6,7.1,0,0
1695.7,7.1,0,0
1695.8,7.1,0,0
1695.9,7.1,0,0
1696,7.1,0,0
1696.2,7.1,0,0
1696.3,7.1,0,0
1696.4,7.1,0,0
1696.5,7.1,0,0
1696.6,7.1,0,0
1696.7,7.1,0,0
1696.8,7.1,0,0
1696.9,7.1,0,0
1697,7.1,0,0
1697.1,7.1,0,0
1697.2,7.1,0,0
1697.3,7.1,0,0
1697.4,7.1,0,0
1697.5,7.1,0,0
1697.6,7.1,0,0
1697.7,7.1,0,0
1697.9,7.1,0,0
1698,7.1,0,0
1698.1,7.1,0,0
1698.2,7.1,0,0
1698.3,7.1,0,0
1698.4,7.1,0,0
1698.5,7.1,0,0
1698.6,7.1,0,0
1698.7,7.1,0,0
1698.8,7.1,0,0
1698.9,7.1,0,0
1699,7.1,0,0
1699.1,7.1,0,0
1699.2,7.1,0,0
1699.3,7.1,0,0
1699.4,7.1,0,0
1699.6,7.1,0,0
1699.7,7.1,0,0
1699.8,7.1,0,0
1699.9,7.1,0,0
1700,7.1,0,0
1700.1,7.1,0,0
1700.2,7.1,0,0
1700.3,7.1,0,0
1700.4,7.1,0,0
1700.5,7.1,0,0
1700.6,7.1,0,0
1700.7,7.1,0,0
1700.8,7.1,0,0
1700.9,7.1,0,0
1701,7.1,0,0
1701.1,7.1,0,0
1701.3,7.1,0,0
1701.4,7.1,0,0
1701.5,7.1,0,0
1701.6,7.1,0,0
1701.7,7.1,0,0
1701.8,7.1,0,0
1701.9,7.1,0,0
1702,7.1,0,0
1702.1,7.1,0,0
1702.2,7.1,0,0
1702.3,7.1,0,0
1702.4,7.1,0,0
1702.5,7.1,0,0
1702.6,7.1,0,0
1702.7,7.1,0,0
1702.8,7.1,0,0
1702.9,7.1,0,0
1703.1,7.1,0,0
1703.2,7.1,0,0
1703.3,7.1,0,0
1703.4,7.1,0,0
1703.5,7.1,0,0
1703.6,7.1,0,0
1703.7,7.1,0,0
1703.8,7.1,0,0
1703.9,7.1,0,0
1704,7.1,0,0
1704.1,7.1,0,0
1704.2,7.1,0,0
1704.3,7.1,0,0
1704.4,7.1,0,0
1704.5,7.1,0,0
1704.6,7.1,0,0
1704.8,7.1,0,0
1704.9,7.1,0,0
1705,7.1,0,0
1705.1,7.1,0,0
1705.2,7.1,0,0
1705.3,7.1,0,0
1705.4,7.1,0,0
1705.5,7.1,0,0
1705.6,10.2,0,0
1705.7,15.8,1,0
1705.8,17.8,0,0
1705.9,18.4,0,0
1706,18.4,1,0
1706.1,18.4,0,0
1706.3,18.4,0,0
1706.4,18.9,1,0
1706.5,21.5,0,0
1706.6,29.4,0,0
1706.7,30.2,1,0
1706.8,30.2,0,0
1706.9,33.1,0,0
1707,31.9,1,0
1707.1,38.7,0,0
1707.2,40.4,0,0
1707.3,35.9,1,0
1707.5,37,0,0
1707.6,29.4,0,0
1707.7,1.4,0,0
1707.8,1.4,0,0
1707.9,1.4,0,0
1708,1.4,0,0
1708.1,1.4,0,0
1708.2,1.4,0,0
1708.3,1.4,0,0
1708.4,1.4,0,0
1708.5,1.4,0,0
1708.6,1.4,0,0
1708.7,1.4,0,0
1708.8,1.4,0,0
1708.9,1.4,0,0
1709,1.4,0,0
1709.2,1.4,0,0
1709.3,1.4,0,0
1709.4,1.4,0,0
1709.5,1.4,0,0
1709.6,1.4,0,0
1709.7,1.4,0,0
1709.8,1.4,0,0
1709.9,1.4,0,0
1710,1.4,0,0
1710.1,1.4,0,0
1710.2,1.4,0,0
1710.3,1.4,0,0
1710.4,1.4,0,0
1710.5,1.4,0,0
1710.6,1.4,0,0
1710.7,1.4,0,0
1710.8,1.4,0,0
1711,1.4,0,0
1711.1,1.4,0,0
1711.2,1.4,0,0
1711.3,1.4,0,0
1711.4,1.4,0,0
1711.5,1.4,0,0
1711.6,1.4,0,0
1711.7,1.4,0,0
1711.8,1.4,0,0
1711.9,1.4,0,0
1712,1.4,0,0
1712.1,1.4,0,0
1712.2,1.4,0,0
1712.3,1.4,0,0
1712.4,1.4,0,0
1712.5,1.4,0,0
1712.7,1.4,0,0
1712.8,1.4,0,0
1712.9,1.4,0,0
1713,1.4,0,0
1713.1,1.4,0,0
1713.2,1.4,0,0
1713.3,1.4,0,0
1713.4,1.7,0,0
1713.5,11,0,0
1713.6,10.7,0,0
1713.7,10.7,0,0
1713.8,10.7,0,0
1713.9,11.9,1,0
1714,12.4,0,0
1714.1,11.3,0,0
1714.3,11.3,1,0
1714.4,11.6,0,0
1714.5,11.3,0,0
1714.6,11.6,1,0
1714.7,11,0,0
1714.8,11,0,0
1714.9,11.3,1,0
1715,11.6,0,0
1715.1,11.6,0,0
1715.2,11.6,1,0
1715.3,11.6,0,0
1715.5,11.6,0,0
1715.6,11.6,1,0
1715.7,11.6,0,0
1715.8,11.6,0,0
1715.9,11.3,1,0
1716,11.6,0,0
1716.1,11.6,0,0
1716.2,11.6,1,0
1716.3,11.6,0,0
1716.4,11.6,0,0
1716.5,11.3,1,0
1716.7,11.6,0,0
1716.8,11.3,0,0
1716.9,11.3,1,0
1717,11,0,0
1717.1,11,0,0
1717.2,11,0,0
1717.3,11.6,1,0
1717.4,11.6,0,0
1717.5,11.3,0,0
1717.6,11.6,1,0
1717.7,11.3,0,0
1717.8,11.6,0,0
1717.9,11,0,0
1718.1,11.6,1,0
1718.2,11.3,0,0
1718.3,11.6,0,0
1718.4,11.3,1,0
1718.5,11.6,0,0
1718.6,11.3,0,0
1718.7,11.6,1,0
1718.8,11.6,0,0
1718.9,11.3,0,0
1719,11.3,1,0
1719.2,11,0,0
1719.3,11.6,0,0
1719.4,11.6,1,0
1719.5,11.3,0,0
1719.6,11.6,0,0
1719.7,11,0,0
1719.8,11,0,0
1719.9,11,0,0
1720,11.3,1,0
1720.1,11.6,0,0
1720.2,11.6,0,0
1720.3,11.6,1,0
1720.4,11.6,0,0
1720.6,11.3,0,0
1720.7,11.3,1,0
1720.8,11.3,0,0
1720.9,11.6,0,0
1721,11.3,1,0
1721.1,11.6,0,0
1721.2,11.6,0,0
1721.3,11.3,1,0
1721.4,11.6,0,0
1721.5,11.3,0,0
1721.6,11.3,1,0
1721.8,11,0,0
1721.9,11,0,0
1722,11.3,1,0
1722.1,11.6,0,0
1722.2,11.6,0,0
1722.3,11.3,1,0
1722.4,11.6,0,0
1722.5,11.3,0,0
1722.6,11.3,1,0
1722.7,11.6,0,0
1722.8,11.6,0,0
1723,11.3,1,0
1723.1,11,0,0
1723.2,11.6,0,0
1723.3,11.3,1,0
1723.4,11.3,0,0
1723.5,11.3,0,0
1723.6,11.3,1,0
1723.7,11.6,0,0
1723.8,11.6,0,0
1723.9,11.6,1,0
1724,11.3,0,0
1724.1,11.6,0,0
1724.3,11.3,1,0
1724.4,11.6,0,0
1724.5,11.6,0,0
1724.6,11.3,1,0
1724.7,11.3,0,0
1724.8,11.6,0,0
1724.9,11.6,1,0
1725,11.9,0,0
1725.1,11.6,0,0
1725.2,11.6,1,0
1725.3,11.6,0,0
1725.5,11.6,0,0
1725.6,11.6,1,0
1725.7,11.6,0,0
1725.8,11.6,0,0
1725.9,11.6,1,0
1726,11.6,0,0
1726.1,11.6,0,0
1726.2,11.6,1,0
1726.3,11.6,0,0
1726.4,11.6,0,0
1726.5,11.6,1,0
1726.7,11.6,0,0
1726.8,11.6,0,0
1726.9,11.6,1,0
1727,11.6,0,0
1727.1,11.6,0,0
1727.2,11.6,1,0
1727.3,11.6,0,0
1727.4,11.6,0,0
1727.5,11.6,1,0
1727.6,11.6,0,0
1727.7,12.1,0,0
1727.8,11.6,1,0
1728,11.6,0,0
1728.1,11.6,0,0
1728.2,12.1,1,0
1728.3,12.1,0,0
1728.4,12.1,0,0
1728.5,12.1,1,0
1728.6,12.1,0,0
1728.7,12.1,0,0
1728.8,12.1,1,0
1728.9,12.1,0,0
1729,12.1,0,0
1729.2,12.1,1,0
1729.3,12.1,0,0
1729.4,12.1,0,0
1729.5,12.1,1,0
1729.6,12.1,0,0
1729.7,12.4,0,0
1729.8,12.4,1,0
1729.9,12.1,0,0
1730,12.1,0,0
1730.1,12.1,1,0
1730.2,12.1,0,0
1730.4,12.4,0,0
1730.5,12.4,1,0
1730.6,12.1,0,0
1730.7,12.1,0,0
1730.8,12.4,1,0
1730.9,12.4,0,0
1731,12.4,0,0
1731.1,12.4,1,0
1731.2,12.4,0,0
1731.3,12.4,0,0
1731.4,12.4,1,0
1731.6,12.4,0,0
1731.7,12.1,0,0
1731.8,12.4,1,0
1731.9,12.1,0,0
1732,12.7,0,0
1732.1,12.4,1,0
1732.2,12.4,0,0
1732.3,12.7,0,0
1732.4,12.7,1,0
1732.5,12.7,0,0
1732.6,12.4,0,0
1732.7,12.7,1,0
1732.9,12.7,0,0
1733,13.3,0,0
1733.1,13,1,0
1733.2,13.3,0,0
1733.3,12.7,0,0
1733.4,13.3,1,0
1733.5,13.3,0,0
1733.6,13.3,0,0
1733.7,12.7,1,0
1733.8,13.3,0,0
1733.9,13,0,0
1734.1,13.3,1,0
1734.2,13.3,0,0
1734.3,13.3,0,0
1734.4,13.3,1,0
1734.5,13.6,0,0
1734.6,13.6,0,0
1734.7,15.5,1,0
1734.8,16.4,0,0
1735,16.4,0,0
1735.1,17.2,1,0
1735.2,19.5,0,0
1735.3,19.8,0,0
1735.4,21.2,1,0
1735.5,20.6,0,0
1735.6,21.5,0,0
1735.8,21.7,1,0
1735.9,21.7,0,0
1736,22.3,0,0
1736.1,22.3,1,0
1736.2,21.7,0,0
1736.3,21.7,0,0
1736.4,21.5,1,0
1736.5,21.5,0,0
1736.7,21.5,0,0
1736.8,21.5,1,0
1736.9,21.2,0,0
1737,21.2,0,0
1737.1,21.2,1,0
1737.2,20.6,0,0
1737.3,20.6,0,0
1737.4,20.6,1,0
1737.5,20.1,0,0
1737.7,20.1,0,0
1737.8,19.5,1,0
1737.9,18.9,0,0
1738,19.2,0,0
1738.1,19.2,1,0
1738.2,18.9,0,0
1738.3,18.9,0,0
1738.5,18.9,1,0
1738.6,18.9,0,0
1738.7,18.9,0,0
1738.8,18.9,1,0
1738.9,18.9,0,0
1739,18.6,0,0
1739.1,18.9,1,0
1739.2,18.9,0,0
1739.4,19.5,0,0
1739.5,19.5,1,0
1739.6,19.5,0,0
1739.7,19.5,0,0
1739.8,19.5,1,0
1739.9,19.5,0,0
1740,19.5,0,0
1740.1,19.5,1,0
1740.2,18.9,0,0
1740.3,18.9,0,0
1740.4,18.9,1,0
1740.6,19.5,0,0
1740.7,19.5,0,0
1740.8,20.3,1,0
1740.9,21.2,0,0
1741,19.5,0,0
1741.1,19.8,1,0
1741.2,19.8,0,0
1741.3,19.8,0,0
1741.4,20.6,1,0
1741.5,20.1,0,0
1741.6,20.1,0,0
1741.7,19.8,1,0
1741.9,19.8,0,0
1742,19.8,0,0
1742.1,19.8,1,0
1742.2,19.8,0,0
1742.3,19.5,0,0
1742.4,19.5,1,0
1742.5,19.8,0,0
1742.6,19.5,0,0
1742.7,19.5,1,0
1742.8,19.5,0,0
1742.9,19.5,0,0
1743,18.9,1,0
1743.2,18.9,0,0
1743.3,18.6,0,0
1743.4,17.2,1,0
1743.5,15.5,0,0
1743.6,15.5,0,0
1743.7,15.5,1,0
1743.8,15,0,0
1743.9,8.2,0,0
1744,3.1,0,0
1744.1,3.1,0,0
1744.2,3.1,0,0
1744.3,3.1,0,0
1744.5,3.1,0,0
1744.6,3.1,0,0
1744.7,3.1,0,0
1744.8,3.1,0,0
1744.9,3.1,0,0
1745,3.1,0,0
1745.1,3.1,0,0
1745.2,3.1,0,0
1745.3,3.1,0,0
1745.4,3.1,0,0
1745.5,3.1,0,0
1745.6,3.1,0,0
1745.7,3.1,0,0
1745.8,3.1,0,0
1745.9,3.1,0,0
1746.1,3.1,0,0
1746.2,3.1,0,0
1746.3,3.1,0,0
1746.4,3.1,0,0
1746.5,3.1,0,0
1746.6,3.1,0,0
1746.7,3.1,0,0
1746.8,3.1,0,0
1746.9,3.1,0,0
1747,3.1,0,0
1747.1,3.1,0,0
1747.2,3.1,0,0
1747.3,3.1,0,0
1747.4,3.1,0,0
1747.5,3.1,0,0
1747.6,2.8,0,0
1747.8,3.1,0,0
1747.9,3.1,0,0
1748,3.1,0,0
1748.1,3.1,0,0
1748.2,3.1,0,0
1748.3,3.1,0,0
1748.4,3.1,0,0
1748.5,3.1,0,0
1748.6,3.1,0,0
1748.7,3.1,0,0
1748.8,3.1,0,0
1748.9,3.1,0,0
1749,3.1,0,0
1749.1,3.1,0,0
1749.2,3.1,0,0
1749.3,3.1,0,0
1749.5,3.1,0,0
1749.6,3.1,0,0
1749.7,3.1,0,0
1749.8,3.1,0,0
1749.9,3.1,0,0
1750,3.1,0,0
1750.1,3.1,0,0
1750.2,3.1,0,0
1750.3,3.1,0,0
1750.4,3.1,0,0
1750.5,3.1,0,0
1750.6,3.1,0,0
1750.7,3.1,0,0
1750.8,3.1,0,0
1750.9,3.1,0,0
1751,3.1,0,0
1751.2,3.1,0,0
1751.3,3.1,0,0
1751.4,3.1,0,0
1751.5,3.1,0,0
1751.6,3.1,0,0
1751.7,3.1,0,0
1751.8,3.1,0,0
1751.9,3.1,0,0
1752,3.1,0,0
1752.1,3.1,0,0
1752.2,3.1,0,0
1752.3,3.1,0,0
1752.4,3.1,0,0
1752.5,3.1,0,0
1752.6,3.1,0,0
1752.7,3.1,0,0
1752.9,3.1,0,0
1753,3.1,0,0
1753.1,3.1,0,0
1753.2,3.1,0,0
1753.3,3.1,0,0
1753.4,3.1,0,0
1753.5,3.1,0,0
1753.6,3.1,0,0
1753.7,3.1,0,0
1753.8,3.1,0,0
1753.9,3.1,0,0
1754,3.1,0,0
1754.1,3.1,0,0
1754.2,3.1,0,0
1754.3,3.1,0,0
1754.4,3.1,0,0
1754.6,3.1,0,0
1754.7,3.1,0,0
1754.8,2.8,0,0
1754.9,3.1,0,0
1755,3.1,0,0
1755.1,3.1,0,0
1755.2,3.1,0,0
1755.3,3.1,0,0
1755.4,3.1,0,0
1755.5,3.1,0,0
1755.6,3.1,0,0
1755.7,3.1,0,0
1755.8,3.1,0,0
1755.9,3.1,0,0
1756,3.1,0,0
1756.1,3.1,0,0
1756.3,3.1,0,0
1756.4,3.1,0,0
1756.5,3.1,0,0
1756.6,3.1,0,0
1756.7,3.1,0,0
1756.8,2.8,0,0
1756.9,3.1,0,0
1757,3.1,0,0
1757.1,3.1,0,0
1757.2,3.1,0,0
1757.3,3.1,0,0
1757.4,3.1,0,0
1757.5,3.1,0,0
1757.6,3.1,0,0
1757.7,3.1,0,0
1757.8,3.1,0,0
1757.9,3.1,0,0
1758.1,3.1,0,0
1758.2,3.1,0,0
1758.3,3.1,0,0
1758.4,3.1,0,0
1758.5,3.1,0,0
1758.6,3.1,0,0
1758.7,3.1,0,0
1758.8,3.1,0,0
1758.9,3.1,0,0
1759,3.1,0,0
1759.1,3.1,0,0
1759.2,3.1,0,0
1759.3,3.1,0,0
1759.4,3.1,0,0
1759.5,3.1,0,0
1759.6,3.1,0,0
1759.8,3.1,0,0
1759.9,3.1,0,0
1760,3.1,0,0
1760.1,3.1,0,0
1760.2,3.1,0,0
1760.3,3.1,0,0
1760.4,3.1,0,0
1760.5,3.1,0,0
1760.6,3.1,0,0
1760.7,3.1,0,0
1760.8,3.1,0,0
1760.9,3.1,0,0
1761,3.1,0,0
1761.1,3.1,0,0
1761.2,3.1,0,0
1761.3,3.1,0,0
1761.5,3.1,0,0
1761.6,3.1,0,0
1761.7,3.1,0,0
1761.8,3.1,0,0
1761.9,3.1,0,0
1762,3.1,0,0
1762.1,3.1,0,0
1762.2,3.1,0,0
1762.3,3.1,0,0
1762.4,3.1,0,0
1762.5,3.1,0,0
1762.6,3.1,0,0
1762.7,3.1,0,0
1762.8,3.1,0,0
1762.9,3.1,0,0
1763,3.1,0,0
1763.2,3.1,0,0
1763.3,3.1,0,0
1763.4,3.1,0,0
1763.5,3.1,0,0
1763.6,3.1,0,0
1763.7,3.1,0,0
1763.8,3.1,0,0
1763.9,3.1,0,0
1764,3.1,0,0
1764.1,3.1,0,0
1764.2,3.1,0,0
1764.3,3.1,0,0
1764.4,3.1,0,0
1764.5,3.1,0,0
1764.6,3.1,0,0
1764.7,3.1,0,0
1764.9,3.1,0,0
1765,3.1,0,0
1765.1,3.1,0,0
1765.2,3.1,0,0
1765.3,3.1,0,0
1765.4,3.1,0,0
1765.5,3.1,0,0
1765.6,3.1,0,0
1765.7,3.1,0,0
1765.8,3.1,0,0
1765.9,3.1,0,0
1766,3.1,0,0
1766.1,3.1,0,0
1766.2,3.1,0,0
1766.3,3.1,0,0
1766.4,3.1,0,0
1766.6,3.1,0,0
1766.7,3.1,0,0
1766.8,3.1,0,0
1766.9,3.1,0,0
1767,3.1,0,0
1767.1,3.1,0,0
1767.2,3.1,0,0
1767.3,3.1,0,0
1767.4,3.1,0,0
1767.5,2.8,0,0
1767.6,3.1,0,0
1767.7,3.1,0,0
1767.8,3.1,0,0
1767.9,3.1,0,0
1768,3.1,0,0
1768.1,3.1,0,0
1768.3,3.1,0,0
1768.4,3.1,0,0
1768.5,3.1,0,0
1768.6,3.1,0,0
1768.7,3.1,0,0
1768.8,3.1,0,0
1768.9,3.1,0,0
1769,3.1,0,0
1769.1,3.1,0,0
1769.2,3.1,0,0
1769.3,3.1,0,0
1769.4,3.1,0,0
1769.5,3.1,0,0
1769.6,3.1,0,0
1769.7,3.1,0,0
1769.8,3.1,0,0
1769.9,3.1,0,0
1770.1,3.1,0,0
1770.2,3.1,0,0
1770.3,3.1,0,0
1770.4,3.1,0,0
1770.5,3.1,0,0
1770.6,3.1,0,0
1770.7,3.1,0,0
1770.8,3.1,0,0
1770.9,3.1,0,0
1771,3.1,0,0
1771.1,3.1,0,0
1771.2,3.1,0,0
1771.3,3.1,0,0
1771.4,3.1,0,0
1771.5,3.1,0,0
1771.6,3.1,0,0
1771.8,3.1,0,0
1771.9,3.1,0,0
1772,3.1,0,0
1772.1,3.1,0,0
1772.2,3.1,0,0
1772.3,3.1,0,0
1772.4,3.1,0,0
1772.5,3.1,0,0
1772.6,3.1,0,0
1772.7,3.1,0,0
1772.8,3.1,0,0
1772.9,3.1,0,0
1773,3.1,0,0
1773.1,3.1,0,0
1773.2,3.1,0,0
1773.3,3.1,0,0
1773.5,3.1,0,0
1773.6,3.1,0,0
1773.7,3.1,0,0
1773.8,3.1,0,0
1773.9,3.1,0,0
1774,3.1,0,0
1774.1,3.1,0,0
1774.2,2.8,0,0
1774.3,3.1,0,0
1774.4,3.1,0,0
1774.5,3.1,0,0
1774.6,3.1,0,0
1774.7,3.1,0,0
1774.8,3.1,0,0
1774.9,3.1,0,0
1775,3.1,0,0
1775.2,3.1,0,0
1775.3,3.1,0,0
1775.4,3.1,0,0
1775.5,3.1,0,0
1775.6,3.1,0,0
1775.7,3.1,0,0
1775.8,3.1,0,0
1775.9,3.1,0,0
1776,3.1,0,0
1776.1,3.1,0,0
1776.2,3.1,0,0
1776.3,3.1,0,0
1776.4,3.1,0,0
1776.5,3.1,0,0
1776.6,3.1,0,0
1776.7,3.1,0,0
1776.9,3.1,0,0
1777,3.1,0,0
1777.1,3.1,0,0
1777.2,3.1,0,0
1777.3,3.1,0,0
1777.4,3.1,0,0
1777.5,3.1,0,0
1777.6,3.1,0,0
1777.7,3.1,0,0
1777.8,3.1,0,0
1777.9,3.1,0,0
1778,3.1,0,0
1778.1,3.1,0,0
1778.2,3.1,0,0
1778.3,3.1,0,0
1778.4,3.1,0,0
1778.6,3.1,0,0
1778.7,3.1,0,0
1778.8,3.1,0,0
1778.9,3.1,0,0
1779,3.1,0,0
1779.1,3.1,0,0
1779.2,3.1,0,0
1779.3,3.1,0,0
1779.4,3.1,0,0
1779.5,3.1,0,0
1779.6,3.1,0,0
1779.7,2.8,0,0
1779.8,3.1,0,0
1779.9,3.1,0,0
1780,3.1,0,0
1780.1,3.1,0,0
1780.3,3.1,0,0
1780.4,3.1,0,0
1780.5,3.1,0,0
1780.6,3.1,0,0
1780.7,3.1,0,0
1780.8,3.1,0,0
1780.9,3.1,0,0
1781,3.1,0,0
1781.1,3.1,0,0
1781.2,3.1,0,0
1781.3,3.1,0,0
1781.4,3.1,0,0
1781.5,3.1,0,0
1781.6,3.1,0,0
1781.7,3.1,0,0
1781.8,3.1,0,0
1782,3.1,0,0
1782.1,3.1,0,0
1782.2,3.1,0,0
1782.3,3.1,0,0
1782.4,3.1,0,0
1782.5,3.1,0,0
1782.6,3.1,0,0
1782.7,3.1,0,0
1782.8,3.1,0,0
1782.9,3.1,0,0
1783,3.1,0,0
1783.1,3.1,0,0
1783.2,3.1,0,0
1783.3,2.8,0,0
1783.4,3.1,0,0
1783.5,3.1,0,0
1783.7,3.1,0,0
1783.8,3.1,0,0
1783.9,3.1,0,0
1784,3.1,0,0
1784.1,3.1,0,0
1784.2,3.1,0,0
1784.3,3.1,0,0
1784.4,3.1,0,0
1784.5,3.1,0,0
1784.6,3.1,0,0
1784.7,3.1,0,0
1784.8,3.1,0,0
1784.9,3.1,0,0
1785,3.1,0,0
1785.1,3.1,0,0
1785.2,3.1,0,0
1785.4,3.1,0,0
1785.5,3.1,0,0
1785.6,3.1,0,0
1785.7,3.1,0,0
1785.8,3.1,0,0
1785.9,3.1,0,0
1786,3.1,0,0
1786.1,3.1,0,0
1786.2,3.1,0,0
1786.3,3.1,0,0
1786.4,3.1,0,0
1786.5,3.1,0,0
1786.6,3.1,0,0
1786.7,3.1,0,0
1786.8,3.1,0,0
1786.9,2.8,0,0
1787.1,3.1,0,0
1787.2,3.1,0,0
1787.3,3.1,0,0
1787.4,3.1,0,0
1787.5,3.1,0,0
1787.6,3.1,0,0
1787.7,3.1,0,0
1787.8,3.1,0,0
1787.9,3.1,0,0
1788,3.1,0,0
1788.1,3.1,0,0
1788.2,3.1,0,0
1788.3,3.1,0,0
1788.4,3.1,0,0
1788.5,3.1,0,0
1788.6,3.1,0,0
1788.7,3.1,0,0
1788.9,3.1,0,0
1789,3.1,0,0
1789.1,3.1,0,0
1789.2,3.1,0,0
1789.3,3.1,0,0
1789.4,3.1,0,0
1789.5,3.1,0,0
1789.6,3.1,0,0
1789.7,3.1,0,0
1789.8,3.1,0,0
1789.9,3.1,0,0
1790,3.1,0,0
1790.1,3.1,0,0
1790.2,3.1,0,0
1790.3,3.1,0,0
1790.4,3.1,0,0
1790.6,3.1,0,0
1790.7,3.1,0,0
1790.8,2.8,0,0
1790.9,2.8,0,0
1791,2.8,0,0
1791.1,3.1,0,0
1791.2,3.1,0,0
1791.3,3.1,0,0
1791.4,3.1,0,0
1791.5,3.1,0,0
1791.6,3.1,0,0
1791.7,3.1,0,0
1791.8,3.1,0,0
1791.9,3.1,0,0
1792,3.1,0,0
1792.1,3.1,0,0
1792.2,3.1,0,0
1792.4,3.1,0,0
1792.5,3.1,0,0
1792.6,2.8,0,0
1792.7,3.1,0,0
1792.8,3.1,0,0
1792.9,3.1,0,0
1793,3.1,0,0
1793.1,3.1,0,0
1793.2,3.1,0,0
1793.3,3.1,0,0
1793.4,3.1,0,0
1793.5,3.1,0,0
1793.6,3.1,0,0
1793.7,3.1,0,0
1793.8,3.1,0,0
1793.9,3.1,0,0
1794,3.1,0,0
1794.2,3.1,0,0
1794.3,3.1,0,0
1794.4,3.1,0,0
1794.5,3.1,0,0
1794.6,3.1,0,0
1794.7,3.1,0,0
1794.8,3.1,0,0
1794.9,3.1,0,0
1795,3.1,0,0
1795.1,3.1,0,0
1795.2,3.1,0,0
1795.3,3.1,0,0
1795.4,3.1,0,0
1795.5,3.1,0,0
1795.6,3.1,0,0
1795.7,3.1,0,0
1795.9,3.1,0,0
1796,3.1,0,0
1796.1,3.1,0,0
1796.2,3.1,0,0
1796.3,3.1,0,0
1796.4,3.1,0,0
1796.5,3.1,0,0
1796.6,3.1,0,0
1796.7,3.1,0,0
1796.8,3.1,0,0
1796.9,3.1,0,0
1797,3.1,0,0
1797.1,3.1,0,0
1797.2,3.1,0,0
1797.3,3.1,0,0
1797.5,3.1,0,0
1797.6,3.1,0,0
1797.7,3.1,0,0
1797.8,3.1,0,0
1797.9,3.1,0,0
1798,3.1,0,0
1798.1,3.1,0,0
1798.2,3.1,0,0
1798.3,3.1,0,0
1798.4,3.1,0,0
1798.5,3.1,0,0
1798.6,3.1,0,0
1798.7,3.1,0,0
1798.8,3.1,0,0
1798.9,3.1,0,0
1799,3.1,0,0
1799.1,3.1,0,0
1799.3,3.1,0,0
1799.4,3.1,0,0
1799.5,3.1,0,0
1799.6,3.1,0,0
1799.7,3.1,0,0
1799.8,3.1,0,0
1799.9,3.1,0,0
1800,3.1,0,0
1800.1,3.1,0,0
1800.2,3.1,0,0
1800.3,3.1,0,0
1800.4,3.1,0,0
1800.5,3.1,0,0
1800.6,3.1,0,0
1800.7,3.1,0,0
1800.8,3.1,0,0
1801,3.1,0,0
1801.1,3.1,0,0
1801.2,3.1,0,0
1801.3,3.1,0,0
1801.4,3.1,0,0
1801.5,3.1,0,0
1801.6,3.1,0,0
1801.7,3.1,0,0
1801.8,3.1,0,0
1801.9,3.1,0,0
1802,3.1,0,0
1802.1,3.1,0,0
1802.2,3.1,0,0
1802.3,3.1,0,0
1802.4,3.1,0,0
1802.6,3.1,0,0
1802.7,3.1,0,0
1802.8,3.1,0,0
1802.9,3.1,0,0
1803,3.1,0,0
1803.1,3.1,0,0
1803.2,3.1,0,0
1803.3,3.1,0,0
1803.4,3.1,0,0
1803.5,3.1,0,0
1803.6,3.1,0,0
1803.7,3.1,0,0
1803.8,3.1,0,0
1803.9,3.1,0,0
1804,3.1,0,0
1804.2,3.1,0,0
1804.3,3.1,0,0
1804.4,3.1,0,0
1804.5,3.1,0,0
1804.6,3.1,0,0
1804.7,3.1,0,0
1804.8,3.1,0,0
1804.9,3.1,0,0
1805,3.1,0,0
1805.1,3.1,0,0
1805.2,3.1,0,0
1805.3,3.1,0,0
1805.4,3.1,0,0
1805.5,3.1,0,0
1805.6,3.1,0,0
1805.7,3.1,0,0
1805.9,3.1,0,0
1806,3.1,0,0
1806.1,3.1,0,0
1806.2,3.1,0,0
1806.3,3.1,0,0
1806.4,3.1,0,0
1806.5,3.1,0,0
1806.6,3.1,0,0
1806.7,3.1,0,0
1806.8,3.1,0,0
1806.9,3.1,0,0
1807,3.1,0,0
1807.1,3.1,0,0
1807.2,3.1,0,0
1807.3,3.1,0,0
1807.4,3.1,0,0
1807.5,3.1,0,0
1807.7,3.1,0,0
1807.8,3.1,0,0
1807.9,3.1,0,0
1808,3.1,0,0
1808.1,3.1,0,0
1808.2,3.1,0,0
1808.3,3.1,0,0
1808.4,3.1,0,0
1808.5,3.1,0,0
1808.6,3.1,0,0
1808.7,2.8,0,0
1808.8,3.1,0,0
1808.9,3.1,0,0
1809,3.1,0,0
1809.1,3.1,0,0
1809.2,3.1,0,0
1809.4,3.1,0,0
1809.5,3.1,0,0
1809.6,3.1,0,0
1809.7,3.1,0,0
1809.8,3.1,0,0
1809.9,3.1,0,0
1810,3.1,0,0
1810.1,3.1,0,0
1810.2,3.1,0,0
1810.3,3.1,0,0
1810.4,3.1,0,0
1810.5,3.1,0,0
1810.6,3.1,0,0
1810.7,3.1,0,0
1810.8,3.1,0,0
1810.9,3.1,0,0
1811.1,3.1,0,0
1811.2,3.1,0,0
1811.3,2.8,0,0
1811.4,3.1,0,0
1811.5,3.1,0,0
1811.6,3.1,0,0
1811.7,3.1,0,0
1811.8,3.1,0,0
1811.9,3.1,0,0
1812,3.1,0,0
1812.1,3.1,0,0
1812.2,3.1,0,0
1812.3,3.1,0,0
1812.4,3.1,0,0
1812.5,3.1,0,0
1812.6,3.1,0,0
1812.8,3.1,0,0
1812.9,3.1,0,0
1813,3.1,0,0
1813.1,3.1,0,0
1813.2,3.1,0,0
1813.3,3.1,0,0
1813.4,3.1,0,0
1813.5,3.1,0,0
1813.6,3.1,0,0
1813.7,3.1,0,0
1813.8,3.1,0,0
1813.9,3.1,0,0
1814,3.1,0,0
1814.1,3.1,0,0
1814.2,3.1,0,0
1814.3,3.1,0,0
1814.4,3.1,0,0
1814.6,3.1,0,0
1814.7,3.1,0,0
1814.8,3.1,0,0
1814.9,3.1,0,0
1815,3.1,0,0
1815.1,3.1,0,0
1815.2,3.1,0,0
1815.3,3.1,0,0
1815.4,3.1,0,0
1815.5,3.1,0,0
1815.6,3.1,0,0
1815.7,3.1,0,0
1815.8,3.1,0,0
1815.9,3.1,0,0
1816,3.1,0,0
1816.2,3.1,0,0
1816.3,3.1,0,0
1816.4,3.1,0,0
1816.5,3.1,0,0
1816.6,3.1,0,0
1816.7,3.1,0,0
1816.8,3.1,0,0
1816.9,3.1,0,0
1817,3.1,0,0
1817.1,3.1,0,0
1817.2,3.1,0,0
1817.3,2.8,0,0
1817.4,3.1,0,0
1817.5,3.1,0,0
1817.6,3.1,0,0
1817.7,3.1,0,0
1817.9,2.8,0,0
1818,3.1,0,0
1818.1,3.1,0,0
1818.2,3.1,0,0
1818.3,3.1,0,0
1818.4,3.1,0,0
1818.5,3.1,0,0
1818.6,3.1,0,0
1818.7,3.1,0,0
1818.8,3.1,0,0
1818.9,3.1,0,0
1819,3.1,0,0
1819.1,3.1,0,0
1819.2,3.1,0,0
1819.3,3.1,0,0
1819.4,3.1,0,0
1819.6,3.1,0,0
1819.7,2.8,0,0
1819.8,3.1,0,0
1819.9,3.1,0,0
1820,3.1,0,0
1820.1,3.1,0,0
1820.2,3.1,0,0
1820.3,3.1,0,0
1820.4,3.1,0,0
1820.5,3.1,0,0
1820.6,3.1,0,0
1820.7,3.1,0,0
1820.8,3.1,0,0
1820.9,3.1,0,0
1821,3.1,0,0
1821.2,3.1,0,0
1821.3,3.1,0,0
1821.4,2.8,0,0
1821.5,3.1,0,0
1821.6,3.1,0,0
1821.7,3.1,0,0
1821.8,3.1,0,0
1821.9,3.1,0,0
1822,3.1,0,0
1822.1,3.1,0,0
1822.2,3.1,0,0
1822.3,3.1,0,0
1822.4,3.1,0,0
1822.5,3.1,0,0
1822.6,3.1,0,0
1822.7,3.1,0,0
1822.9,3.1,0,0
1823,3.1,0,0
1823.1,3.1,0,0
1823.2,3.1,0,0
1823.3,3.1,0,0
1823.4,3.1,0,0
1823.5,3.1,0,0
1823.6,3.1,0,0
1823.7,3.1,0,0
1823.8,3.1,0,0
1823.9,3.1,0,0
1824,3.1,0,0
1824.1,3.1,0,0
1824.2,3.1,0,0
1824.3,3.1,0,0
1824.4,3.1,0,0
1824.5,3.1,0,0
1824.7,3.1,0,0
1824.8,3.1,0,0
1824.9,3.1,0,0
1825,3.1,0,0
1825.1,3.1,0,0
1825.2,3.1,0,0
1825.3,3.1,0,0
1825.4,3.1,0,0
1825.5,3.1,0,0
1825.6,3.1,0,0
1825.7,3.1,0,0
1825.8,3.1,0,0
1825.9,3.1,0,0
1826,3.1,0,0
1826.1,3.1,0,0
1826.2,3.1,0,0
1826.4,3.1,0,0
1826.5,3.1,0,0
1826.6,3.1,0,0
1826.7,3.1,0,0
1826.8,3.1,0,0
1826.9,3.1,0,0
1827,3.1,0,0
1827.1,3.1,0,0
1827.2,3.1,0,0
1827.3,3.1,0,0
1827.4,3.1,0,0
1827.5,3.1,0,0
1827.6,3.1,0,0
1827.7,3.1,0,0
1827.8,3.1,0,0
1827.9,3.1,0,0
1828.1,3.1,0,0
1828.2,3.1,0,0
1828.3,3.1,0,0
1828.4,3.1,0,0
1828.5,3.1,0,0
1828.6,3.1,0,0
1828.7,3.1,0,0
1828.8,3.1,0,0
1828.9,3.1,0,0
1829,3.1,0,0
1829.1,3.1,0,0
1829.2,3.1,0,0
1829.3,3.1,0,0
1829.4,3.1,0,0
1829.5,3.1,0,0
1829.6,3.1,0,0
1829.7,3.1,0,0
1829.9,3.1,0,0
1830,3.1,0,0
1830.1,3.1,0,0
1830.2,3.1,0,0
1830.3,3.1,0,0
1830.4,3.1,0,0
1830.5,3.1,0,0
1830.6,3.1,0,0
1830.7,3.1,0,0
1830.8,3.1,0,0
1830.9,3.1,0,0
1831,3.1,0,0
1831.1,3.1,0,0
1831.2,3.1,0,0
1831.3,3.1,0,0
1831.4,3.1,0,0
1831.6,3.1,0,0
1831.7,2.8,0,0
1831.8,3.1,0,0
1831.9,3.1,0,0
1832,3.1,0,0
1832.1,3.1,0,0
1832.2,3.1,0,0
1832.3,3.1,0,0
1832.4,3.1,0,0
1832.5,3.1,0,0
1832.6,3.1,0,0
1832.7,3.1,0,0
1832.8,3.1,0,0
1832.9,3.1,0,0
1833,3.1,0,0
1833.1,3.1,0,0
1833.2,3.1,0,0
1833.4,3.1,0,0
1833.5,3.1,0,0
1833.6,3.1,0,0
1833.7,3.1,0,0
1833.8,3.1,0,0
1833.9,3.1,0,0
1834,3.1,0,0
1834.1,3.1,0,0
1834.2,3.1,0,0
1834.3,3.1,0,0
1834.4,3.1,0,0
1834.5,3.1,0,0
1834.6,3.1,0,0
1834.7,3.1,0,0
1834.8,3.1,0,0
1834.9,3.1,0,0
1835.1,3.1,0,0
1835.2,3.1,0,0
1835.3,2.8,0,0
1835.4,3.1,0,0
1835.5,3.1,0,0
1835.6,3.1,0,0
1835.7,3.1,0,0
1835.8,3.1,0,0
1835.9,3.1,0,0
1836,3.1,0,0
1836.1,3.1,0,0
1836.2,3.1,0,0
1836.3,3.1,0,0
1836.4,3.1,0,0
1836.5,3.1,0,0
1836.7,3.1,0,0
1836.8,3.1,0,0
1836.9,3.1,0,0
1837,3.1,0,0
1837.1,3.1,0,0
1837.2,3.1,0,0
1837.3,3.1,0,0
1837.4,3.1,0,0
1837.5,3.1,0,0
1837.6,3.1,0,0
1837.7,3.1,0,0
1837.8,3.1,0,0
1837.9,3.1,0,0
1838,3.1,0,0
1838.1,3.1,0,0
1838.2,2.8,0,0
1838.4,3.1,0,0
1838.5,3.1,0,0
1838.6,3.1,0,0
1838.7,3.1,0,0
1838.8,3.1,0,0
1838.9,3.1,0,0
1839,3.1,0,0
1839.1,3.1,0,0
1839.2,3.1,0,0
1839.3,3.1,0,0
1839.4,3.1,0,0
1839.5,3.1,0,0
1839.6,3.1,0,0
1839.7,3.1,0,0
1839.8,3.1,0,0
1839.9,3.1,0,0
1840.1,3.1,0,0
1840.2,3.1,0,0
1840.3,3.1,0,0
1840.4,3.1,0,0
1840.5,3.1,0,0
1840.6,3.1,0,0
1840.7,3.1,0,0
1840.8,3.1,0,0
1840.9,3.1,0,0
1841,3.1,0,0
1841.1,3.1,0,0
1841.2,3.1,0,0
1841.3,3.1,0,0
1841.4,3.1,0,0
1841.5,3.1,0,0
1841.6,3.1,0,0
1841.7,3.1,0,0
1841.9,3.1,0,0
1842,3.1,0,0
1842.1,3.1,0,0
1842.2,3.1,0,0
1842.3,3.1,0,0
1842.4,3.1,0,0
1842.5,3.1,0,0
1842.6,3.1,0,0
1842.7,3.1,0,0
1842.8,3.1,0,0
1842.9,3.1,0,0
1843,3.1,0,0
1843.1,3.1,0,0
1843.2,3.1,0,0
1843.3,3.1,0,0
1843.5,3.1,0,0
1843.6,3.1,0,0
1843.7,3.1,0,0
1843.8,3.1,0,0
1843.9,3.1,0,0
1844,3.1,0,0
1844.1,3.1,0,0
1844.2,3.1,0,0
1844.3,3.1,0,0
1844.4,3.1,0,0
1844.5,3.1,0,0
1844.6,3.1,0,0
1844.7,3.1,0,0
1844.8,3.1,0,0
1844.9,3.1,0,0
1845,3.1,0,0
1845.2,3.1,0,0
1845.3,3.1,0,0
1845.4,3.1,0,0
1845.5,3.1,0,0
1845.6,3.1,0,0
1845.7,3.1,0,0
1845.8,3.1,0,0
1845.9,3.1,0,0
1846,3.1,0,0
1846.1,3.1,0,0
1846.2,3.1,0,0
1846.3,3.1,0,0
1846.4,3.1,0,0
1846.5,3.1,0,0
1846.6,3.1,0,0
1846.7,3.1,0,0
1846.8,3.1,0,0
1847,3.1,0,0
1847.1,3.1,0,0
1847.2,3.1,0,0
1847.3,3.1,0,0
1847.4,3.1,0,0
1847.5,3.1,0,0
1847.6,3.1,0,0
1847.7,3.1,0,0
1847.8,3.1,0,0
1847.9,3.1,0,0
1848,2.8,0,0
1848.1,3.1,0,0
1848.2,3.1,0,0
1848.3,3.1,0,0
1848.4,3.1,0,0
1848.5,3.1,0,0
1848.7,3.1,0,0
1848.8,3.1,0,0
1848.9,3.1,0,0
1849,3.1,0,0
1849.1,3.1,0,0
1849.2,3.1,0,0
1849.3,3.1,0,0
1849.4,3.1,0,0
1849.5,3.1,0,0
1849.6,3.1,0,0
1849.7,3.1,0,0
1849.8,3.1,0,0
1849.9,3.1,0,0
1850,3.1,0,0
1850.1,3.1,0,0
1850.2,3.1,0,0
1850.4,3.1,0,0
1850.5,3.1,0,0
1850.6,3.1,0,0
1850.7,3.1,0,0
1850.8,3.1,0,0
1850.9,3.1,0,0
1851,3.1,0,0
1851.1,3.1,0,0
1851.2,3.1,0,0
1851.3,3.1,0,0
1851.4,3.1,0,0
1851.5,3.1,0,0
1851.6,3.1,0,0
1851.7,3.1,0,0
1851.8,3.1,0,0
1851.9,3.1,0,0
1852,3.1,0,0
1852.2,3.1,0,0
1852.3,3.1,0,0
1852.4,3.1,0,0
1852.5,3.1,0,0
1852.6,3.1,0,0
1852.7,3.1,0,0
1852.8,3.1,0,0
1852.9,3.1,0,0
1853,3.1,0,0
1853.1,3.1,0,0
1853.2,3.1,0,0
1853.3,3.1,0,0
1853.4,3.1,0,0
1853.5,3.1,0,0
1853.6,3.1,0,0
1853.7,3.1,0,0
1853.9,3.1,0,0
1854,3.1,0,0
1854.1,3.1,0,0
1854.2,3.1,0,0
1854.3,3.1,0,0
1854.4,3.1,0,0
1854.5,3.1,0,0
1854.6,3.1,0,0
1854.7,3.1,0,0
1854.8,3.1,0,0
1854.9,3.1,0,0
1855,3.1,0,0
1855.1,3.1,0,0
1855.2,3.1,0,0
1855.3,3.1,0,0
1855.4,3.1,0,0
1855.5,3.1,0,0
1855.7,3.1,0,0
1855.8,3.1,0,0
1855.9,3.1,0,0
1856,3.1,0,0
1856.1,3.1,0,0
1856.2,2.8,0,0
1856.3,3.1,0,0
1856.4,2.8,0,0
1856.5,3.1,0,0
1856.6,3.1,0,0
1856.7,3.1,0,0
1856.8,3.1,0,0
1856.9,3.1,0,0
1857,3.1,0,0
1857.1,3.1,0,0
1857.2,3.1,0,0
1857.4,3.1,0,0
1857.5,3.1,0,0
1857.6,3.1,0,0
1857.7,3.1,0,0
1857.8,3.1,0,0
1857.9,3.1,0,0
1858,3.1,0,0
1858.1,3.1,0,0
1858.2,2.8,0,0
1858.3,3.1,0,0
1858.4,3.1,0,0
1858.5,3.1,0,0
1858.6,3.1,0,0
1858.7,3.1,0,0
1858.8,3.1,0,0
1858.9,3.1,0,0
1859.1,3.1,0,0
1859.2,3.1,0,0
1859.3,3.1,0,0
1859.4,3.1,0,0
1859.5,3.1,0,0
1859.6,3.1,0,0
1859.7,3.1,0,0
1859.8,3.1,0,0
1859.9,3.1,0,0
1860,3.1,0,0
1860.1,3.1,0,0
1860.2,3.1,0,0
1860.3,3.1,0,0
1860.4,3.1,0,0
1860.5,3.1,0,0
1860.6,3.1,0,0
1860.8,3.1,0,0
1860.9,3.1,0,0
1861,3.1,0,0
1861.1,3.1,0,0
1861.2,3.1,0,0
1861.3,3.1,0,0
1861.4,3.1,0,0
1861.5,3.1,0,0
1861.6,3.1,0,0
1861.7,3.1,0,0
1861.8,2.8,0,0
1861.9,3.1,0,0
1862,3.1,0,0
1862.1,3.1,0,0
1862.2,3.1,0,0
1862.3,3.1,0,0
1862.4,3.1,0,0
1862.6,3.1,0,0
1862.7,3.1,0,0
1862.8,3.1,0,0
1862.9,3.1,0,0
1863,3.1,0,0
1863.1,3.1,0,0
1863.2,3.1,0,0
1863.3,3.1,0,0
1863.4,3.1,0,0
1863.5,3.1,0,0
1863.6,3.1,0,0
1863.7,3.1,0,0
1863.8,3.1,0,0
1863.9,3.1,0,0
1864,3.1,0,0
1864.1,3.1,0,0
1864.3,3.1,0,0
1864.4,3.1,0,0
1864.5,3.1,0,0
1864.6,3.1,0,0
1864.7,3.1,0,0
1864.8,3.1,0,0
1864.9,2.8,0,0
1865,3.1,0,0
1865.1,3.1,0,0
1865.2,3.1,0,0
1865.3,3.1,0,0
1865.4,3.1,0,0
1865.5,3.1,0,0
1865.6,3.1,0,0
1865.7,3.1,0,0
1865.8,3.1,0,0
1866,3.1,0,0
1866.1,3.1,0,0
1866.2,3.1,0,0
1866.3,3.1,0,0
1866.4,3.1,0,0
1866.5,3.1,0,0
1866.6,3.1,0,0
1866.7,3.1,0,0
1866.8,3.1,0,0
1866.9,3.1,0,0
1867,3.1,0,0
1867.1,3.1,0,0
1867.2,3.1,0,0
1867.3,3.1,0,0
1867.4,3.1,0,0
1867.6,3.1,0,0
1867.7,3.1,0,0
1867.8,3.1,0,0
1867.9,3.1,0,0
1868,3.1,0,0
1868.1,3.1,0,0
1868.2,3.1,0,0
1868.3,3.1,0,0
1868.4,3.1,0,0
1868.5,3.1,0,0
1868.6,3.1,0,0
1868.7,3.1,0,0
1868.8,3.1,0,0
1868.9,3.1,0,0
1869,3.1,0,0
1869.1,3.1,0,0
1869.3,3.1,0,0
1869.4,3.1,0,0
1869.5,3.1,0,0
1869.6,3.1,0,0
1869.7,3.1,0,0
1869.8,3.1,0,0
1869.9,3.1,0,0
1870,3.1,0,0
1870.1,3.1,0,0
1870.2,3.1,0,0
1870.3,3.1,0,0
1870.4,3.1,0,0
1870.5,2.8,0,0
1870.6,3.1,0,0
1870.7,3.1,0,0
1870.8,3.1,0,0
1870.9,3.1,0,0
1871.1,3.1,0,0
1871.2,3.1,0,0
1871.3,3.1,0,0
1871.4,3.1,0,0
1871.5,3.1,0,0
1871.6,3.1,0,0
1871.7,3.1,0,0
1871.8,3.1,0,0
1871.9,3.1,0,0
1872,3.1,0,0
1872.1,3.1,0,0
1872.2,3.1,0,0
1872.3,3.1,0,0
1872.4,3.1,0,0
1872.5,3.1,0,0
1872.6,3.1,0,0
1872.8,3.1,0,0
1872.9,3.1,0,0
1873,3.1,0,0
1873.1,3.1,0,0
1873.2,3.1,0,0
1873.3,3.1,0,0
1873.4,3.1,0,0
1873.5,3.1,0,0
1873.6,3.1,0,0
1873.7,3.1,0,0
1873.8,3.1,0,0
1873.9,3.1,0,0
1874,3.1,0,0
1874.1,3.1,0,0
1874.2,3.1,0,0
1874.3,3.1,0,0
1874.4,3.1,0,0
1874.6,3.1,0,0
1874.7,3.1,0,0
1874.8,3.1,0,0
1874.9,3.1,0,0
1875,3.1,0,0
1875.1,3.1,0,0
1875.2,3.1,0,0
1875.3,3.1,0,0
1875.4,3.1,0,0
1875.5,3.1,0,0
1875.6,3.1,0,0
1875.7,3.1,0,0
1875.8,3.1,0,0
1875.9,3.1,0,0
1876,3.1,0,0
1876.2,3.1,0,0
1876.3,3.1,0,0
1876.4,3.1,0,0
1876.5,3.1,0,0
1876.6,3.1,0,0
1876.7,3.1,0,0
1876.8,3.1,0,0
1876.9,3.1,0,0
1877,3.1,0,0
1877.1,3.1,0,0
1877.2,3.1,0,0
1877.3,3.1,0,0
1877.4,3.1,0,0
1877.5,3.1,0,0
1877.6,3.1,0,0
1877.7,3.1,0,0
1877.9,3.1,0,0
1878,3.1,0,0
1878.1,3.1,0,0
1878.2,3.1,0,0
1878.3,3.1,0,0
1878.4,3.1,0,0
1878.5,3.1,0,0
1878.6,3.1,0,0
1878.7,3.1,0,0
1878.8,3.1,0,0
1878.9,3.1,0,0
1879,3.1,0,0
1879.1,3.1,0,0
1879.2,3.1,0,0
1879.3,3.1,0,0
1879.4,3.1,0,0
1879.6,3.1,0,0
1879.7,3.1,0,0
1879.8,3.1,0,0
1879.9,3.1,0,0
1880,3.1,0,0
1880.1,3.1,0,0
1880.2,3.1,0,0
1880.3,3.1,0,0
1880.4,3.1,0,0
1880.5,3.1,0,0
1880.6,3.1,0,0
1880.7,3.1,0,0
1880.8,2.8,0,0
1880.9,3.1,0,0
1881,3.1,0,0
1881.1,3.1,0,0
1881.3,3.1,0,0
1881.4,3.1,0,0
1881.5,3.1,0,0
1881.6,3.1,0,0
1881.7,3.1,0,0
1881.8,3.1,0,0
1881.9,3.1,0,0
1882,3.1,0,0
1882.1,2.8,0,0
1882.2,3.1,0,0
1882.3,3.1,0,0
1882.4,3.1,0,0
1882.5,3.1,0,0
1882.6,3.1,0,0
1882.7,3.1,0,0
1882.9,3.1,0,0
1883,3.1,0,0
1883.1,3.1,0,0
1883.2,3.1,0,0
1883.3,3.1,0,0
1883.4,3.1,0,0
1883.5,3.1,0,0
1883.6,2.8,0,0
1883.7,3.1,0,0
1883.8,3.1,0,0
1883.9,3.1,0,0
1884,3.1,0,0
1884.1,3.1,0,0
1884.2,2.8,0,0
1884.3,3.1,0,0
1884.4,3.1,0,0
1884.6,3.1,0,0
1884.7,3.1,0,0
1884.8,3.1,0,0
1884.9,3.1,0,0
1885,3.1,0,0
1885.1,3.1,0,0
1885.2,3.1,0,0
1885.3,3.1,0,0
1885.4,3.1,0,0
1885.5,3.1,0,0
1885.6,3.1,0,0
1885.7,3.1,0,0
1885.8,3.1,0,0
1885.9,3.1,0,0
1886,3.1,0,0
1886.2,3.1,0,0
1886.3,3.1,0,0
1886.4,3.1,0,0
1886.5,3.1,0,0
1886.6,3.1,0,0
1886.7,3.1,0,0
1886.8,3.1,0,0
1886.9,3.1,0,0
1887,3.1,0,0
1887.1,3.1,0,0
1887.2,3.1,0,0
1887.3,3.1,0,0
1887.4,3.1,0,0
1887.5,3.1,0,0
1887.6,3.1,0,0
1887.7,3.1,0,0
1887.9,3.1,0,0
1888,3.1,0,0
1888.1,3.1,0,0
1888.2,3.1,0,0
1888.3,3.1,0,0
1888.4,3.1,0,0
1888.5,3.1,0,0
1888.6,3.1,0,0
1888.7,3.1,0,0
1888.8,3.1,0,0
1888.9,3.1,0,0
1889,3.1,0,0
1889.1,3.1,0,0
1889.2,3.1,0,0
1889.3,3.1,0,0
1889.4,3.1,0,0
1889.6,3.1,0,0
1889.7,3.1,0,0
1889.8,3.1,0,0
1889.9,3.1,0,0
1890,3.1,0,0
1890.1,3.1,0,0
1890.2,3.1,0,0
1890.3,3.1,0,0
1890.4,3.1,0,0
1890.5,3.1,0,0
1890.6,3.1,0,0
1890.7,3.1,0,0
1890.8,3.1,0,0
1890.9,3.1,0,0
1891,3.1,0,0
1891.1,3.1,0,0
1891.3,2.8,0,0
1891.4,3.1,0,0
1891.5,2.8,0,0
1891.6,3.1,0,0
1891.7,2.8,0,0
1891.8,3.1,0,0
1891.9,3.1,0,0
1892,3.1,0,0
1892.1,3.1,0,0
1892.2,3.1,0,0
1892.3,3.1,0,0
1892.4,3.1,0,0
1892.5,3.1,0,0
1892.6,3.1,0,0
1892.7,3.1,0,0
1892.8,3.1,0,0
1893,3.1,0,0
1893.1,3.1,0,0
1893.2,3.1,0,0
1893.3,2.8,0,0
1893.4,3.1,0,0
1893.5,3.1,0,0
1893.6,3.1,0,0
1893.7,3.1,0,0
1893.8,3.1,0,0
1893.9,3.1,0,0
1894,3.1,0,0
1894.1,3.1,0,0
1894.2,3.1,0,0
1894.3,3.1,0,0
1894.4,3.1,0,0
1894.5,3.1,0,0
1894.7,3.1,0,0
1894.8,3.1,0,0
1894.9,3.1,0,0
1895,3.1,0,0
1895.1,3.1,0,0
1895.2,3.1,0,0
1895.3,2.8,0,0
1895.4,2.8,0,0
1895.5,3.1,0,0
1895.6,3.1,0,0
1895.7,3.1,0,0
1895.8,3.1,0,0
1895.9,3.1,0,0
1896,3.1,0,0
1896.1,3.1,0,0
1896.2,3.1,0,0
1896.4,3.1,0,0
1896.5,3.1,0,0
1896.6,3.1,0,0
1896.7,3.1,0,0
1896.8,3.1,0,0
1896.9,3.1,0,0
1897,3.1,0,0
1897.1,3.1,0,0
1897.2,3.1,0,0
1897.3,3.1,0,0
1897.4,3.1,0,0
1897.5,3.1,0,0
1897.6,3.1,0,0
1897.7,3.1,0,0
1897.8,3.1,0,0
1897.9,3.1,0,0
1898.1,3.1,0,0
1898.2,3.1,0,0
1898.3,3.1,0,0
1898.4,3.1,0,0
1898.5,3.1,0,0
1898.6,3.1,0,0
1898.7,3.1,0,0
1898.8,3.1,0,0
1898.9,3.1,0,0
1899,3.1,0,0
1899.1,3.1,0,0
1899.2,3.1,0,0
1899.3,3.1,0,0
1899.4,3.1,0,0
1899.5,3.1,0,0
1899.6,3.1,0,0
1899.7,3.1,0,0
1899.9,3.1,0,0
1900,3.1,0,0
1900.1,3.1,0,0
1900.2,3.1,0,0
1900.3,3.1,0,0
1900.4,2.8,0,0
1900.5,3.1,0,0
1900.6,3.1,0,0
1900.7,3.1,0,0
1900.8,3.1,0,0
1900.9,3.1,0,0
1901,3.1,0,0
1901.1,3.1,0,0
1901.2,3.1,0,0
1901.3,3.1,0,0
1901.5,3.1,0,0
1901.6,3.1,0,0
1901.7,3.1,0,0
1901.8,3.1,0,0
1901.9,3.1,0,0
1902,3.1,0,0
1902.1,2.8,0,0
1902.2,3.1,0,0
1902.3,3.1,0,0
1902.4,3.1,0,0
1902.5,3.1,0,0
1902.6,3.1,0,0
1902.7,3.1,0,0
1902.8,3.1,0,0
1902.9,3.1,0,0
1903,3.1,0,0
1903.1,3.1,0,0
1903.3,3.1,0,0
1903.4,3.1,0,0
1903.5,3.1,0,0
1903.6,3.1,0,0
1903.7,3.1,0,0
1903.8,3.1,0,0
1903.9,3.1,0,0
1904,3.1,0,0
1904.1,3.1,0,0
1904.2,3.1,0,0
1904.3,3.1,0,0
1904.4,3.1,0,0
1904.5,3.1,0,0
1904.6,3.1,0,0
1904.7,3.1,0,0
1904.8,3.1,0,0
1905,3.1,0,0
1905.1,3.1,0,0
1905.2,3.1,0,0
1905.3,3.1,0,0
1905.4,3.1,0,0
1905.5,2.8,0,0
1905.6,3.1,0,0
1905.7,3.1,0,0
1905.8,3.1,0,0
1905.9,3.1,0,0
1906,3.1,0,0
1906.1,3.1,0,0
1906.2,3.1,0,0
1906.3,3.1,0,0
1906.4,3.1,0,0
1906.5,3.1,0,0
1906.7,3.1,0,0
1906.8,3.1,0,0
1906.9,3.1,0,0
1907,3.1,0,0
1907.1,3.1,0,0
1907.2,3.1,0,0
1907.3,3.1,0,0
1907.4,3.1,0,0
1907.5,3.1,0,0
1907.6,3.1,0,0
1907.7,3.1,0,0
1907.8,3.1,0,0
1907.9,3.1,0,0
1908,3.1,0,0
1908.1,3.1,0,0
1908.2,3.1,0,0
1908.4,3.1,0,0
1908.5,3.1,0,0
1908.6,3.1,0,0
1908.7,3.1,0,0
1908.8,3.1,0,0
1908.9,3.1,0,0
1909,3.1,0,0
1909.1,2.8,0,0
1909.2,3.1,0,0
1909.3,3.1,0,0
1909.4,3.1,0,0
1909.5,3.1,0,0
1909.6,3.1,0,0
1909.7,3.1,0,0
1909.8,3.1,0,0
1909.9,3.1,0,0
1910,3.1,0,0
1910.2,3.1,0,0
1910.3,3.1,0,0
1910.4,3.1,0,0
1910.5,3.1,0,0
1910.6,3.1,0,0
1910.7,3.1,0,0
1910.8,3.1,0,0
1910.9,3.1,0,0
1911,3.1,0,0
1911.1,3.1,0,0
1911.2,3.1,0,0
1911.3,3.1,0,0
1911.4,3.1,0,0
1911.5,3.1,0,0
1911.6,3.1,0,0
1911.7,3.1,0,0
1911.9,3.1,0,0
1912,3.1,0,0
1912.1,3.1,0,0
1912.2,3.1,0,0
1912.3,3.1,0,0
1912.4,3.1,0,0
1912.5,3.1,0,0
1912.6,3.1,0,0
1912.7,2.8,0,0
1912.8,3.1,0,0
1912.9,3.1,0,0
1913,3.1,0,0
1913.1,3.1,0,0
1913.2,3.1,0,0
1913.3,3.1,0,0
1913.4,2.8,0,0
1913.6,3.1,0,0
1913.7,3.1,0,0
1913.8,3.1,0,0
1913.9,3.1,0,0
1914,3.1,0,0
1914.1,3.1,0,0
1914.2,3.1,0,0
1914.3,3.1,0,0
1914.4,3.1,0,0
1914.5,3.1,0,0
1914.6,3.1,0,0
1914.7,3.1,0,0
1914.8,3.1,0,0
1914.9,3.1,0,0
1915,3.1,0,0
1915.1,2.8,0,0
1915.2,2.8,0,0
1915.4,3.1,0,0
1915.5,3.1,0,0
1915.6,3.1,0,0
1915.7,3.1,0,0
1915.8,3.1,0,0
1915.9,3.1,0,0
1916,3.1,0,0
1916.1,3.1,0,0
1916.2,3.1,0,0
1916.3,3.1,0,0
1916.4,3.1,0,0
1916.5,3.1,0,0
1916.6,3.1,0,0
1916.7,3.1,0,0
1916.8,3.1,0,0
1916.9,3.1,0,0
1917.1,3.1,0,0
1917.2,3.1,0,0
1917.3,3.1,0,0
1917.4,3.1,0,0
1917.5,3.1,0,0
1917.6,3.1,0,0
1917.7,3.1,0,0
1917.8,3.1,0,0
1917.9,3.1,0,0
1918,3.1,0,0
1918.1,3.1,0,0
1918.2,3.1,0,0
1918.3,2.8,0,0
1918.4,3.1,0,0
1918.5,3.1,0,0
1918.6,3.1,0,0
1918.7,3.1,0,0
1918.9,3.1,0,0
1919,3.1,0,0
1919.1,3.1,0,0
1919.2,3.1,0,0
1919.3,3.1,0,0
1919.4,3.1,0,0
1919.5,3.1,0,0
1919.6,3.1,0,0
1919.7,3.1,0,0
1919.8,3.1,0,0
1919.9,3.1,0,0
1920,3.1,0,0
1920.1,3.1,0,0
1920.2,3.1,0,0
1920.3,3.1,0,0
1920.4,3.1,0,0
1920.6,3.1,0,0
1920.7,3.1,0,0
1920.8,3.1,0,0
1920.9,3.1,0,0
1921,3.1,0,0
1921.1,3.1,0,0
1921.2,3.1,0,0
1921.3,3.1,0,0
1921.4,3.1,0,0
1921.5,3.1,0,0
1921.6,3.1,0,0
1921.7,3.1,0,0
1921.8,3.1,0,0
1921.9,3.1,0,0
1922,3.1,0,0
1922.1,3.1,0,0
1922.3,3.1,0,0
1922.4,3.1,0,0
1922.5,2.8,0,0
1922.6,3.1,0,0
1922.7,3.1,0,0
1922.8,3.1,0,0
1922.9,3.1,0,0
1923,3.1,0,0
1923.1,3.1,0,0
1923.2,3.1,0,0
1923.3,3.1,0,0
1923.4,3.1,0,0
1923.5,3.1,0,0
1923.6,3.1,0,0
1923.7,3.1,0,0
1923.8,3.1,0,0
1924,3.1,0,0
1924.1,3.1,0,0
1924.2,2.8,0,0
1924.3,3.1,0,0
1924.4,3.1,0,0
1924.5,3.1,0,0
1924.6,3.1,0,0
1924.7,3.1,0,0
1924.8,3.1,0,0
1924.9,3.1,0,0
1925,2.8,0,0
1925.1,3.1,0,0
1925.2,3.1,0,0
1925.3,3.1,0,0
1925.4,3.1,0,0
1925.5,3.1,0,0
1925.7,3.1,0,0
1925.8,3.1,0,0
1925.9,2.8,0,0
1926,3.1,0,0
1926.1,3.1,0,0
1926.2,3.1,0,0
1926.3,3.1,0,0
1926.4,3.1,0,0
1926.5,3.1,0,0
1926.6,3.1,0,0
1926.7,3.1,0,0
1926.8,3.1,0,0
1926.9,3.1,0,0
1927,2.8,0,0
1927.1,3.1,0,0
1927.2,3.1,0,0
1927.3,3.1,0,0
1927.5,3.1,0,0
1927.6,3.1,0,0
1927.7,3.1,0,0
1927.8,3.1,0,0
1927.9,3.1,0,0
1928,3.1,0,0
1928.1,3.1,0,0
1928.2,3.1,0,0
1928.3,3.1,0,0
1928.4,3.1,0,0
1928.5,3.1,0,0
1928.6,2.8,0,0
1928.7,3.1,0,0
1928.8,3.1,0,0
1928.9,3.1,0,0
1929,3.1,0,0
1929.2,3.1,0,0
1929.3,3.1,0,0
1929.4,3.1,0,0
1929.5,3.1,0,0
1929.6,3.1,0,0
1929.7,3.1,0,0
1929.8,3.1,0,0
1929.9,3.1,0,0
1930,3.1,0,0
1930.1,3.1,0,0
1930.2,3.1,0,0
1930.3,3.1,0,0
1930.4,3.1,0,0
1930.5,3.1,0,0
1930.6,2.8,0,0
1930.7,3.1,0,0
1930.9,3.1,0,0
1931,3.1,0,0
1931.1,3.1,0,0
1931.2,2.8,0,0
1931.3,3.1,0,0
1931.4,3.1,0,0
1931.5,3.1,0,0
1931.6,3.1,0,0
1931.7,3.1,0,0
1931.8,3.1,0,0
1931.9,3.1,0,0
1932,3.1,0,0
1932.1,3.1,0,0
1932.2,3.1,0,0
1932.3,3.1,0,0
1932.4,3.1,0,0
1932.5,3.1,0,0
1932.7,3.1,0,0
1932.8,3.1,0,0
1932.9,3.1,0,0
1933,3.1,0,0
1933.1,3.1,0,0
1933.2,3.1,0,0
1933.3,3.1,0,0
1933.4,3.1,0,0
1933.5,3.1,0,0
1933.6,3.1,0,0
1933.7,3.1,0,0
1933.8,3.1,0,0
1933.9,3.1,0,0
1934,3.1,0,0
1934.1,3.1,0,0
1934.2,2.8,0,0
1934.4,3.1,0,0
1934.5,3.1,0,0
1934.6,3.1,0,0
1934.7,3.1,0,0
1934.8,3.1,0,0
1934.9,3.1,0,0
1935,3.1,0,0
1935.1,3.1,0,0
1935.2,3.1,0,0
1935.3,3.1,0,0
1935.4,3.1,0,0
1935.5,3.1,0,0
1935.6,3.1,0,0
1935.7,3.1,0,0
1935.8,3.1,0,0
1935.9,3.1,0,0
1936.1,3.1,0,0
1936.2,3.1,0,0
1936.3,3.1,0,0
1936.4,3.1,0,0
1936.5,3.1,0,0
1936.6,3.1,0,0
1936.7,3.1,0,0
1936.8,3.1,0,0
1936.9,3.1,0,0
1937,3.1,0,0
1937.1,3.1,0,0
1937.2,3.1,0,0
1937.3,3.1,0,0
1937.4,3.1,0,0
1937.5,3.1,0,0
1937.6,3.1,0,0
1937.7,3.1,0,0
1937.9,2.8,0,0
1938,3.1,0,0
1938.1,3.1,0,0
1938.2,3.1,0,0
1938.3,3.1,0,0
1938.4,3.1,0,0
1938.5,3.1,0,0
1938.6,3.1,0,0
1938.7,3.1,0,0
1938.8,3.1,0,0
1938.9,3.1,0,0
1939,3.1,0,0
1939.1,3.1,0,0
1939.2,3.1,0,0
1939.3,2.8,0,0
1939.4,3.1,0,0
1939.6,3.1,0,0
1939.7,3.1,0,0
1939.8,3.1,0,0
1939.9,3.1,0,0
1940,3.1,0,0
1940.1,3.1,0,0
1940.2,3.1,0,0
1940.3,3.1,0,0
1940.4,3.1,0,0
1940.5,3.1,0,0
1940.6,3.1,0,0
1940.7,3.1,0,0
1940.8,3.1,0,0
1940.9,3.1,0,0
1941,3.1,0,0
1941.1,3.1,0,0
1941.2,3.1,0,0
1941.4,3.1,0,0
1941.5,2.8,0,0
1941.6,3.1,0,0
1941.7,3.1,0,0
1941.8,3.1,0,0
1941.9,3.1,0,0
1942,3.1,0,0
1942.1,3.1,0,0
1942.2,3.1,0,0
1942.3,3.1,0,0
1942.4,3.1,0,0
1942.5,3.1,0,0
1942.6,3.1,0,0
1942.7,2.8,0,0
1942.8,3.1,0,0
1942.9,3.1,0,0
1943.1,3.1,0,0
1943.2,3.1,0,0
1943.3,3.1,0,0
1943.4,3.1,0,0
1943.5,3.1,0,0
1943.6,3.1,0,0
1943.7,3.1,0,0
1943.8,3.1,0,0
1943.9,3.1,0,0
1944,3.1,0,0
1944.1,3.1,0,0
1944.2,3.1,0,0
1944.3,3.1,0,0
1944.4,3.1,0,0
1944.5,2.8,0,0
1944.6,3.1,0,0
1944.8,3.1,0,0
1944.9,3.1,0,0
1945,3.1,0,0
1945.1,3.1,0,0
1945.2,3.1,0,0
1945.3,3.1,0,0
1945.4,3.1,0,0
1945.5,3.1,0,0
1945.6,3.1,0,0
1945.7,3.1,0,0
1945.8,3.1,0,0
1945.9,3.1,0,0
1946,3.1,0,0
1946.1,3.1,0,0
1946.2,3.1,0,0
1946.3,3.1,0,0
1946.5,3.1,0,0
1946.6,3.1,0,0
1946.7,3.1,0,0
1946.8,3.1,0,0
1946.9,3.1,0,0
1947,3.1,0,0
1947.1,3.1,0,0
1947.2,3.1,0,0
1947.3,3.1,0,0
1947.4,3.1,0,0
1947.5,3.1,0,0
1947.6,3.1,0,0
1947.7,3.1,0,0
1947.8,3.1,0,0
1947.9,3.1,0,0
1948,3.1,0,0
1948.2,3.1,0,0
1948.3,3.1,0,0
1948.4,2.8,0,0
1948.5,3.1,0,0
1948.6,3.1,0,0
1948.7,3.1,0,0
1948.8,3.1,0,0
1948.9,3.1,0,0
1949,3.1,0,0
1949.1,3.1,0,0
1949.2,3.1,0,0
1949.3,3.1,0,0
1949.4,3.1,0,0
1949.5,3.1,0,0
1949.6,2.8,0,0
1949.8,3.1,0,0
1949.9,3.1,0,0
1950,3.1,0,0
1950.1,3.1,0,0
1950.2,3.1,0,0
1950.3,3.1,0,0
1950.4,3.1,0,0
1950.5,3.1,0,0
1950.6,3.1,0,0
1950.7,3.1,0,0
1950.8,3.1,0,0
1950.9,3.1,0,0
1951,3.1,0,0
1951.1,2.8,0,0
1951.2,3.1,0,0
1951.3,3.1,0,0
1951.5,3.1,0,0
1951.6,3.1,0,0
1951.7,3.1,0,0
1951.8,3.1,0,0
1951.9,3.1,0,0
1952,3.1,0,0
1952.1,3.1,0,0
1952.2,3.1,0,0
1952.3,3.1,0,0
1952.4,3.1,0,0
1952.5,3.1,0,0
1952.6,3.1,0,0
1952.7,3.1,0,0
1952.8,3.1,0,0
1952.9,3.1,0,0
1953,3.1,0,0
1953.1,3.1,0,0
1953.3,3.1,0,0
1953.4,3.1,0,0
1953.5,3.1,0,0
1953.6,3.1,0,0
1953.7,3.1,0,0
1953.8,3.1,0,0
1953.9,2.8,0,0
1954,3.1,0,0
1954.1,3.1,0,0
1954.2,2.8,0,0
1954.3,3.1,0,0
1954.4,3.1,0,0
1954.5,3.1,0,0
1954.6,3.1,0,0
1954.7,3.1,0,0
1954.9,3.1,0,0
1955,3.1,0,0
1955.1,3.1,0,0
1955.2,3.1,0,0
1955.3,3.1,0,0
1955.4,3.1,0,0
1955.5,3.1,0,0
1955.6,3.1,0,0
1955.7,2.8,0,0
1955.8,3.1,0,0
1955.9,3.1,0,0
1956,3.1,0,0
1956.1,3.1,0,0
1956.2,3.1,0,0
1956.3,3.1,0,0
1956.4,3.1,0,0
1956.5,3.1,0,0
1956.7,3.1,0,0
1956.8,3.1,0,0
1956.9,3.1,0,0
1957,3.1,0,0
1957.1,3.1,0,0
1957.2,3.1,0,0
1957.3,3.1,0,0
1957.4,3.1,0,0
1957.5,3.1,0,0
1957.6,3.1,0,0
1957.7,3.1,0,0
1957.8,3.1,0,0
1957.9,3.1,0,0
1958,3.1,0,0
1958.1,3.1,0,0
1958.2,3.1,0,0
1958.4,3.1,0,0
1958.5,3.1,0,0
1958.6,3.1,0,0
1958.7,3.1,0,0
1958.8,3.1,0,0
1958.9,3.1,0,0
1959,3.1,0,0
1959.1,3.1,0,0
1959.2,3.1,0,0
1959.3,2.8,0,0
1959.4,3.1,0,0
1959.5,3.1,0,0
1959.6,3.1,0,0
1959.7,3.1,0,0
1959.8,3.1,0,0
1959.9,3.1,0,0
1960,3.1,0,0
1960.2,3.1,0,0
1960.3,3.1,0,0
1960.4,3.1,0,0
1960.5,3.1,0,0
1960.6,3.1,0,0
1960.7,3.1,0,0
1960.8,3.1,0,0
1960.9,3.1,0,0
1961,3.1,0,0
1961.1,3.1,0,0
1961.2,3.1,0,0
1961.3,3.1,0,0
1961.4,3.1,0,0
1961.5,3.1,0,0
1961.6,3.1,0,0
1961.7,3.1,0,0
1961.9,3.1,0,0
1962,3.1,0,0
1962.1,3.1,0,0
1962.2,3.1,0,0
1962.3,3.1,0,0
1962.4,3.1,0,0
1962.5,3.1,0,0
1962.6,3.1,0,0
1962.7,3.1,0,0
1962.8,3.1,0,0
1962.9,2.8,0,0
1963,3.1,0,0
1963.1,3.1,0,0
1963.2,3.1,0,0
1963.3,3.1,0,0
1963.4,3.1,0,0
1963.5,3.1,0,0
1963.7,3.1,0,0
1963.8,3.1,0,0
1963.9,3.1,0,0
1964,3.1,0,0
1964.1,3.1,0,0
1964.2,3.1,0,0
1964.3,3.1,0,0
1964.4,3.1,0,0
1964.5,3.1,0,0
1964.6,3.1,0,0
1964.7,3.1,0,0
1964.8,3.1,0,0
1964.9,3.1,0,0
1965,3.1,0,0
1965.1,3.1,0,0
1965.2,3.1,0,0
1965.4,3.1,0,0
1965.5,3.1,0,0
1965.6,3.1,0,0
1965.7,3.1,0,0
1965.8,3.1,0,0
1965.9,3.1,0,0
1966,3.1,0,0
1966.1,3.1,0,0
1966.2,3.1,0,0
1966.3,3.1,0,0
1966.4,3.1,0,0
1966.5,2.8,0,0
1966.6,3.1,0,0
1966.7,3.1,0,0
1966.8,3.1,0,0
1966.9,3.1,0,0
1967,2.8,0,0
1967.2,3.1,0,0
1967.3,3.1,0,0
1967.4,3.1,0,0
1967.5,3.1,0,0
1967.6,3.1,0,0
1967.7,3.1,0,0
1967.8,3.1,0,0
1967.9,3.1,0,0
1968,3.1,0,0
1968.1,3.1,0,0
1968.2,3.1,0,0
1968.3,3.1,0,0
1968.4,3.1,0,0
1968.5,3.1,0,0
1968.6,3.1,0,0
1968.7,3.1,0,0
1968.9,3.1,0,0
1969,3.1,0,0
1969.1,3.1,0,0
1969.2,3.1,0,0
1969.3,3.1,0,0
1969.4,3.1,0,0
1969.5,3.1,0,0
1969.6,2.8,0,0
1969.7,3.1,0,0
1969.8,3.1,0,0
1969.9,3.1,0,0
1970,3.1,0,0
1970.1,3.1,0,0
1970.2,3.1,0,0
1970.3,3.1,0,0
1970.4,3.1,0,0
1970.6,3.1,0,0
1970.7,3.1,0,0
1970.8,3.1,0,0
1970.9,3.1,0,0
1971,3.1,0,0
1971.1,3.1,0,0
1971.2,3.1,0,0
1971.3,3.1,0,0
1971.4,3.1,0,0
1971.5,3.1,0,0
1971.6,3.1,0,0
1971.7,3.1,0,0
1971.8,3.1,0,0
1971.9,3.1,0,0
1972,3.1,0,0
1972.1,2.8,0,0
1972.2,2.8,0,0
1972.4,3.1,0,0
1972.5,3.1,0,0
1972.6,3.1,0,0
1972.7,3.1,0,0
1972.8,2.8,0,0
1972.9,3.1,0,0
1973,2.8,0,0
1973.1,2.8,0,0
1973.2,3.1,0,0
1973.3,3.1,0,0
1973.4,3.1,0,0
1973.5,3.1,0,0
1973.6,3.1,0,0
1973.7,3.1,0,0
1973.8,3.1,0,0
1973.9,3.1,0,0
1974.1,3.1,0,0
1974.2,3.1,0,0
1974.3,3.1,0,0
1974.4,3.1,0,0
1974.5,3.1,0,0
1974.6,3.1,0,0
1974.7,3.1,0,0
1974.8,3.1,0,0
1974.9,3.1,0,0
1975,3.1,0,0
1975.1,2.8,0,0
1975.2,3.1,0,0
1975.3,2.8,0,0
1975.4,3.1,0,0
1975.5,3.1,0,0
1975.7,3.1,0,0
1975.8,3.1,0,0
1975.9,3.1,0,0
1976,3.1,0,0
1976.1,3.1,0,0
1976.2,3.1,0,0
1976.3,3.1,0,0
1976.4,3.1,0,0
1976.5,3.1,0,0
1976.6,2.8,0,0
1976.7,3.1,0,0
1976.8,3.1,0,0
1976.9,3.1,0,0
1977,3.1,0,0
1977.1,3.1,0,0
1977.2,3.1,0,0
1977.4,3.1,0,0
1977.5,3.1,0,0
1977.6,3.1,0,0
1977.7,3.1,0,0
1977.8,3.1,0,0
1977.9,3.1,0,0
1978,3.1,0,0
1978.1,3.1,0,0
1978.2,3.1,0,0
1978.3,3.1,0,0
1978.4,3.1,0,0
1978.5,3.1,0,0
1978.6,3.1,0,0
1978.7,3.1,0,0
1978.8,3.1,0,0
1978.9,3.1,0,0
1979,3.1,0,0
1979.2,3.1,0,0
1979.3,3.1,0,0
1979.4,3.1,0,0
1979.5,3.1,0,0
1979.6,3.1,0,0
1979.7,3.1,0,0
1979.8,3.1,0,0
1979.9,3.1,0,0
1980,3.1,0,0
1980.1,3.1,0,0
1980.2,3.1,0,0
1980.3,3.1,0,0
1980.4,3.1,0,0
1980.5,3.1,0,0
1980.6,3.1,0,0
1980.7,3.1,0,0
1980.9,3.1,0,0
1981,3.1,0,0
1981.1,3.1,0,0
1981.2,3.1,0,0
1981.3,3.1,0,0
1981.4,3.1,0,0
1981.5,3.1,0,0
1981.6,3.1,0,0
1981.7,3.1,0,0
1981.8,3.1,0,0
1981.9,3.1,0,0
1982,3.1,0,0
1982.1,3.1,0,0
1982.2,3.1,0,0
1982.3,3.1,0,0
1982.4,3.1,0,0
1982.6,3.1,0,0
1982.7,3.1,0,0
1982.8,3.1,0,0
1982.9,3.1,0,0
1983,3.1,0,0
1983.1,3.1,0,0
1983.2,3.1,0,0
1983.3,3.1,0,0
1983.4,3.1,0,0
1983.5,3.1,0,0
1983.6,3.1,0,0
1983.7,3.1,0,0
1983.8,3.1,0,0
1983.9,3.1,0,0
1984,3.1,0,0
1984.1,3.1,0,0
1984.3,3.1,0,0
1984.4,3.1,0,0
1984.5,3.1,0,0
1984.6,3.1,0,0
1984.7,3.1,0,0
1984.8,3.1,0,0
1984.9,3.1,0,0
1985,3.1,0,0
1985.1,3.1,0,0
1985.2,3.1,0,0
1985.3,3.1,0,0
1985.4,3.1,0,0
1985.5,3.1,0,0
1985.6,3.1,0,0
1985.7,3.1,0,0
1985.8,2.8,0,0
1986,3.1,0,0
1986.1,3.1,0,0
1986.2,3.1,0,0
1986.3,3.1,0,0
1986.4,3.1,0,0
1986.5,3.1,0,0
1986.6,3.1,0,0
1986.7,3.1,0,0
1986.8,3.1,0,0
1986.9,3.1,0,0
1987,3.1,0,0
1987.1,3.1,0,0
1987.2,3.1,0,0
1987.3,3.1,0,0
1987.4,3.1,0,0
1987.5,3.1,0,0
1987.6,3.1,0,0
1987.8,3.1,0,0
1987.9,3.1,0,0
1988,3.1,0,0
1988.1,3.1,0,0
1988.2,3.1,0,0
1988.3,3.1,0,0
1988.4,3.1,0,0
1988.5,3.1,0,0
1988.6,3.1,0,0
1988.7,3.1,0,0
1988.8,3.1,0,0
1988.9,2.8,0,0
1989,2.8,0,0
1989.1,3.1,0,0
1989.2,3.1,0,0
1989.3,3.1,0,0
1989.5,3.1,0,0
1989.6,3.1,0,0
1989.7,3.1,0,0
1989.8,3.1,0,0
1989.9,3.1,0,0
1990,3.1,0,0
1990.1,3.1,0,0
1990.2,3.1,0,0
1990.3,3.1,0,0
1990.4,3.1,0,0
1990.5,3.1,0,0
1990.6,3.1,0,0
1990.7,3.1,0,0
1990.8,3.1,0,0
1990.9,3.1,0,0
1991,3.1,0,0
1991.1,3.1,0,0
1991.3,3.1,0,0
1991.4,3.1,0,0
1991.5,3.1,0,0
1991.6,3.1,0,0
1991.7,3.1,0,0
1991.8,3.1,0,0
1991.9,3.1,0,0
1992,3.1,0,0
1992.1,3.1,0,0
1992.2,3.1,0,0
1992.3,3.1,0,0
1992.4,3.1,0,0
1992.5,2.8,0,0
1992.6,3.1,0,0
1992.7,3.1,0,0
1992.8,3.1,0,0
1993,3.1,0,0
1993.1,3.1,0,0
1993.2,3.1,0,0
1993.3,3.1,0,0
1993.4,3.1,0,0
1993.5,3.1,0,0
1993.6,3.1,0,0
1993.7,3.1,0,0
1993.8,3.1,0,0
1993.9,3.1,0,0
1994,3.1,0,0
1994.1,3.1,0,0
1994.2,3.1,0,0
1994.3,3.1,0,0
1994.4,3.1,0,0
1994.5,3.1,0,0
1994.7,3.1,0,0
1994.8,3.1,0,0
1994.9,3.1,0,0
1995,3.1,0,0
1995.1,3.1,0,0
1995.2,3.1,0,0
1995.3,3.1,0,0
1995.4,3.1,0,0
1995.5,3.1,0,0
1995.6,3.1,0,0
1995.7,3.1,0,0
1995.8,3.1,0,0
1995.9,3.1,0,0
1996,3.1,0,0
1996.1,2.8,0,0
1996.2,3.1,0,0
1996.3,3.1,0,0
1996.5,3.1,0,0
1996.6,3.1,0,0
1996.7,3.1,0,0
1996.8,3.1,0,0
1996.9,3.1,0,0
1997,3.1,0,0
1997.1,3.1,0,0
1997.2,3.1,0,0
1997.3,2.8,0,0
1997.4,2.8,0,0
1997.5,2.8,0,0
1997.6,2.8,0,0
1997.7,3.1,0,0
1997.8,2.8,0,0
1997.9,2.8,0,0
1998.1,2.8,0,0
1998.2,2.8,0,0
1998.3,3.1,0,0
1998.4,3.1,0,0
1998.5,3.1,0,0
1998.6,3.1,0,0
1998.7,2.8,0,0
1998.8,2.8,0,0
1998.9,2.8,0,0
1999,3.1,0,0
1999.1,3.1,0,0
1999.2,3.1,0,0
1999.3,3.1,0,0
1999.4,3.1,0,0
1999.5,3.1,0,0
1999.6,3.1,0,0
1999.8,3.1,0,0
1999.9,3.1,0,0
2000,3.1,0,0
2000.1,3.1,0,0
2000.2,3.1,0,0
2000.3,3.1,0,0
2000.4,3.1,0,0
2000.5,3.1,0,0
2000.6,3.1,0,0
2000.7,3.1,0,0
2000.8,3.1,0,0
2000.9,3.1,0,0
2001,3.1,0,0
2001.1,2.8,0,0
2001.2,3.1,0,0
2001.3,3.1,0,0
2001.5,3.1,0,0
2001.6,2.8,0,0
2001.7,3.1,0,0
2001.8,3.1,0,0
2001.9,3.1,0,0
2002,3.1,0,0
2002.1,3.1,0,0
2002.2,2.8,0,0
2002.3,3.1,0,0
2002.4,3.1,0,0
2002.5,2.8,0,0
2002.6,2.8,0,0
2002.7,2.8,0,0
2002.8,2.8,0,0
2002.9,2.8,0,0
2003.1,2.8,0,0
2003.2,3.1,0,0
2003.3,3.1,0,0
2003.4,3.1,0,0
2003.5,3.1,0,0
2003.6,3.1,0,0
2003.7,3.1,0,0
2003.8,3.1,0,0
2003.9,3.1,0,0
2004,3.1,0,0
2004.1,2.8,0,0
2004.2,2.8,0,0
2004.3,2.8,0,0
2004.4,2.8,0,0
2004.5,2.8,0,0
2004.6,3.1,0,0
2004.8,3.1,0,0
2004.9,3.1,0,0
2005,3.1,0,0
2005.1,3.1,0,0
2005.2,3.1,0,0
2005.3,3.1,0,0
2005.4,3.1,0,0
2005.5,3.1,0,0
2005.6,3.1,0,0
2005.7,3.1,0,0
2005.8,3.1,0,0
2005.9,3.1,0,0
2006,3.1,0,0
2006.1,3.1,0,0
2006.2,3.1,0,0
2006.4,3.1,0,0
2006.5,3.1,0,0
2006.6,2.8,0,0
2006.7,3.1,0,0
2006.8,3.1,0,0
2006.9,3.1,0,0
2007,3.1,0,0
2007.1,3.1,0,0
2007.2,3.1,0,0
2007.3,3.1,0,0
2007.4,3.1,0,0
2007.5,3.1,0,0
2007.6,3.1,0,0
2007.7,3.1,0,0
2007.8,3.1,0,0
2007.9,3.1,0,0
2008.1,3.1,0,0
2008.2,3.1,0,0
2008.3,3.1,0,0
2008.4,3.1,0,0
2008.5,3.1,0,0
2008.6,3.1,0,0
2008.7,3.1,0,0
2008.8,3.1,0,0
2008.9,3.1,0,0
2009,3.1,0,0
2009.1,3.1,0,0
2009.2,3.1,0,0
2009.3,3.1,0,0
2009.4,3.1,0,0
2009.5,3.1,0,0
2009.6,3.1,0,0
2009.8,3.1,0,0
2009.9,3.1,0,0
2010,3.1,0,0
2010.1,3.1,0,0
2010.2,3.1,0,0
2010.3,3.1,0,0
2010.4,3.1,0,0
2010.5,3.1,0,0
2010.6,3.1,0,0
2010.7,3.1,0,0
2010.8,3.1,0,0
2010.9,3.1,0,0
2011,3.1,0,0
2011.1,3.1,0,0
2011.2,3.1,0,0
2011.3,3.1,0,0
2011.5,3.1,0,0
2011.6,3.1,0,0
2011.7,3.1,0,0
2011.8,3.1,0,0
2011.9,3.1,0,0
2012,3.1,0,0
2012.1,3.1,0,0
2012.2,3.1,0,0
2012.3,3.1,0,0
2012.4,3.1,0,0
2012.5,3.1,0,0
2012.6,3.1,0,0
2012.7,3.1,0,0
2012.8,3.1,0,0
2012.9,3.1,0,0
2013,3.1,0,0
2013.1,2.8,0,0
2013.3,3.1,0,0
2013.4,2.8,0,0
2013.5,3.1,0,0
2013.6,3.1,0,0
2013.7,3.1,0,0
2013.8,3.1,0,0
2013.9,3.1,0,0
2014,3.1,0,0
2014.1,3.1,0,0
2014.2,3.1,0,0
2014.3,3.1,0,0
2014.4,3.1,0,0
2014.5,3.1,0,0
2014.6,3.1,0,0
2014.7,3.1,0,0
2014.8,3.1,0,0
2015,3.1,0,0
2015.1,3.1,0,0
2015.2,3.1,0,0
2015.3,3.1,0,0
2015.4,3.1,0,0
2015.5,3.1,0,0
2015.6,3.1,0,0
2015.7,3.1,0,0
2015.8,3.1,0,0
2015.9,3.1,0,0
2016,3.1,0,0
2016.1,3.1,0,0
2016.2,2.8,0,0
2016.3,3.1,0,0
2016.4,3.1,0,0
2016.5,3.1,0,0
2016.6,3.1,0,0
2016.8,3.1,0,0
2016.9,3.1,0,0
2017,3.1,0,0
2017.1,3.1,0,0
2017.2,3.1,0,0
2017.3,3.1,0,0
2017.4,3.1,0,0
2017.5,3.1,0,0
2017.6,3.1,0,0
2017.7,3.1,0,0
2017.8,3.1,0,0
2017.9,2.8,0,0
2018,3.1,0,0
2018.1,3.1,0,0
2018.2,2.8,0,0
2018.4,3.1,0,0
2018.5,3.1,0,0
2018.6,3.1,0,0
2018.7,3.1,0,0
2018.8,3.1,0,0
2018.9,3.1,0,0
2019,3.1,0,0
2019.1,3.1,0,0
2019.2,3.1,0,0
2019.3,3.1,0,0
2019.4,3.1,0,0
2019.5,3.1,0,0
2019.6,3.1,0,0
2019.7,3.1,0,0
2019.8,3.1,0,0
2019.9,3.1,0,0
2020.1,3.1,0,0
2020.2,3.1,0,0
2020.3,3.1,0,0
2020.4,3.1,0,0
2020.5,3.1,0,0
2020.6,3.1,0,0
2020.7,3.1,0,0
2020.8,2.8,0,0
2020.9,3.1,0,0
2021,3.1,0,0
2021.1,3.1,0,0
2021.2,3.1,0,0
2021.3,3.1,0,0
2021.4,3.1,0,0
2021.5,3.1,0,0
2021.6,3.1,0,0
2021.7,3.1,0,0
2021.9,3.1,0,0
2022,3.1,0,0
2022.1,3.1,0,0
2022.2,3.1,0,0
2022.3,3.1,0,0
2022.4,3.1,0,0
2022.5,3.1,0,0
2022.6,3.1,0,0
2022.7,3.1,0,0
2022.8,3.1,0,0
2022.9,3.1,0,0
2023,3.1,0,0
2023.1,3.1,0,0
2023.2,3.1,0,0
2023.3,3.1,0,0
2023.4,3.1,0,0
2023.6,3.1,0,0
2023.7,3.1,0,0
2023.8,3.1,0,0
2023.9,3.1,0,0
2024,3.1,0,0
2024.1,3.1,0,0
2024.2,3.1,0,0
2024.3,3.1,0,0
2024.4,2.8,0,0
2024.5,3.1,0,0
2024.6,3.1,0,0
2024.7,3.1,0,0
2024.8,3.1,0,0
2024.9,3.1,0,0
2025,3.1,0,0
2025.1,3.1,0,0
2025.3,3.1,0,0
2025.4,3.1,0,0
2025.5,3.1,0,0
2025.6,3.1,0,0
2025.7,3.1,0,0
2025.8,3.1,0,0
2025.9,3.1,0,0
2026,3.1,0,0
2026.1,3.1,0,0
2026.2,3.1,0,0
2026.3,3.1,0,0
2026.4,3.1,0,0
2026.5,3.1,0,0
2026.6,3.1,0,0
2026.7,3.1,0,0
2026.8,3.1,0,0
2027,3.1,0,0
2027.1,3.1,0,0
2027.2,3.1,0,0
2027.3,3.1,0,0
2027.4,3.1,0,0
2027.5,3.1,0,0
2027.6,3.1,0,0
2027.7,3.1,0,0
2027.8,3.1,0,0
2027.9,3.1,0,0
2028,3.1,0,0
2028.1,3.1,0,0
2028.2,3.1,0,0
2028.3,3.1,0,0
2028.4,3.1,0,0
2028.5,2.8,0,0
2028.6,3.1,0,0
2028.8,3.1,0,0
2028.9,3.1,0,0
2029,3.1,0,0
2029.1,3.1,0,0
2029.2,3.1,0,0
2029.3,3.1,0,0
2029.4,3.1,0,0
2029.5,3.1,0,0
2029.6,3.1,0,0
2029.7,3.1,0,0
2029.8,3.1,0,0
2029.9,3.1,0,0
2030,3.1,0,0
2030.1,3.1,0,0
2030.2,3.1,0,0
2030.3,3.1,0,0
2030.5,3.1,0,0
2030.6,3.1,0,0
2030.7,3.1,0,0
2030.8,3.1,0,0
2030.9,3.1,0,0
2031,3.1,0,0
2031.1,3.1,0,0
2031.2,3.1,0,0
2031.3,3.1,0,0
2031.4,3.1,0,0
2031.5,2.8,0,0
2031.6,3.1,0,0
2031.7,3.1,0,0
2031.8,3.1,0,0
2031.9,3.1,0,0
2032,3.1,0,0
2032.2,3.1,0,0
2032.3,3.1,0,0
2032.4,3.1,0,0
2032.5,3.1,0,0
2032.6,3.1,0,0
2032.7,3.1,0,0
2032.8,2.8,0,0
2032.9,2.8,0,0
2033,3.1,0,0
2033.1,3.1,0,0
2033.2,3.1,0,0
2033.3,3.1,0,0
2033.4,3.1,0,0
2033.5,3.1,0,0
2033.6,3.1,0,0
2033.7,3.1,0,0
2033.9,3.1,0,0
2034,3.1,0,0
2034.1,3.1,0,0
2034.2,3.1,0,0
2034.3,2.8,0,0
2034.4,3.1,0,0
2034.5,3.1,0,0
2034.6,3.1,0,0
2034.7,3.1,0,0
2034.8,3.1,0,0
2034.9,3.1,0,0
2035,3.1,0,0
2035.1,3.1,0,0
2035.2,3.1,0,0
2035.3,3.1,0,0
2035.5,3.1,0,0
2035.6,3.1,0,0
2035.7,3.1,0,0
2035.8,3.1,0,0
2035.9,3.1,0,0
2036,3.1,0,0
2036.1,3.1,0,0
2036.2,3.1,0,0
2036.3,3.1,0,0
2036.4,3.1,0,0
2036.5,3.1,0,0
2036.6,3.1,0,0
2036.7,2.8,0,0
2036.8,3.1,0,0
2036.9,3.1,0,0
2037,3.1,0,0
2037.2,3.1,0,0
2037.3,3.1,0,0
2037.4,3.1,0,0
2037.5,3.1,0,0
2037.6,3.1,0,0
2037.7,3.1,0,0
2037.8,3.1,0,0
2037.9,3.1,0,0
2038,3.1,0,0
2038.1,3.1,0,0
2038.2,3.1,0,0
2038.3,3.1,0,0
2038.4,3.1,0,0
2038.5,3.1,0,0
2038.6,3.1,0,0
2038.7,3.1,0,0
2038.9,3.1,0,0
2039,3.1,0,0
2039.1,2.8,0,0
2039.2,2.8,0,0
2039.3,2.8,0,0
2039.4,2.8,0,0
2039.5,3.1,0,0
2039.6,3.1,0,0
2039.7,3.1,0,0
2039.8,3.1,0,0
2039.9,3.1,0,0
2040,3.1,0,0
2040.1,3.1,0,0
2040.2,3.1,0,0
2040.3,3.1,0,0
2040.4,3.1,0,0
2040.6,3.1,0,0
2040.7,3.1,0,0
2040.8,3.1,0,0
2040.9,3.1,0,0
2041,3.1,0,0
2041.1,3.1,0,0
2041.2,3.1,0,0
2041.3,3.1,0,0
2041.4,3.1,0,0
2041.5,3.1,0,0
2041.6,3.1,0,0
2041.7,3.1,0,0
2041.8,3.1,0,0
2041.9,3.1,0,0
2042,3.1,0,0
2042.1,3.1,0,0
2042.2,3.1,0,0
2042.4,2.8,0,0
2042.5,3.1,0,0
2042.6,3.1,0,0
2042.7,3.1,0,0
2042.8,3.1,0,0
2042.9,3.1,0,0
2043,3.1,0,0
2043.1,3.1,0,0
2043.2,3.1,0,0
2043.3,3.1,0,0
2043.4,3.1,0,0
2043.5,3.1,0,0
2043.6,2.8,0,0
2043.7,2.8,0,0
2043.8,3.1,0,0
2044,2.8,0,0
2044.1,3.1,0,0
2044.2,3.1,0,0
2044.3,3.1,0,0
2044.4,3.1,0,0
2044.5,2.8,0,0
2044.6,3.1,0,0
2044.7,3.1,0,0
2044.8,3.1,0,0
2044.9,3.1,0,0
2045,3.1,0,0
2045.1,3.1,0,0
2045.2,3.1,0,0
2045.3,2.8,0,0
2045.4,3.1,0,0
2045.5,3.1,0,0
2045.7,3.1,0,0
2045.8,3.1,0,0
2045.9,3.1,0,0
2046,3.1,0,0
2046.1,3.1,0,0
2046.2,3.1,0,0
2046.3,3.1,0,0
2046.4,3.1,0,0
2046.5,3.1,0,0
2046.6,3.1,0,0
2046.7,3.1,0,0
2046.8,3.1,0,0
2046.9,3.1,0,0
2047,3.1,0,0
2047.1,3.1,0,0
2047.2,3.1,0,0
2047.3,3.1,0,0
2047.5,3.1,0,0
2047.6,3.1,0,0
2047.7,3.1,0,0
2047.8,3.1,0,0
2047.9,3.1,0,0
2048,3.1,0,0
2048.1,3.1,0,0
2048.2,3.1,0,0
2048.3,3.1,0,0
2048.4,3.1,0,0
2048.5,3.1,0,0
2048.6,3.1,0,0
2048.7,3.1,0,0
2048.8,3.1,0,0
2048.9,2.8,0,0
2049,3.1,0,0
2049.1,3.1,0,0
2049.3,3.1,0,0
2049.4,3.1,0,0
2049.5,3.1,0,0
2049.6,3.1,0,0
2049.7,3.1,0,0
2049.8,3.1,0,0
2049.9,3.1,0,0
2050,2.8,0,0
2050.1,3.1,0,0
2050.2,3.1,0,0
2050.3,3.1,0,0
2050.4,3.1,0,0
2050.5,3.1,0,0
2050.6,3.1,0,0
2050.7,3.1,0,0
2050.9,3.1,0,0
2051,3.1,0,0
2051.1,3.1,0,0
2051.2,3.1,0,0
2051.3,3.1,0,0
2051.4,3.1,0,0
2051.5,3.1,0,0
2051.6,3.1,0,0
2051.7,3.1,0,0
2051.8,3.1,0,0
2051.9,3.1,0,0
2052,3.1,0,0
2052.1,3.1,0,0
2052.2,3.1,0,0
2052.3,3.1,0,0
2052.4,3.1,0,0
2052.6,2.8,0,0
2052.7,3.1,0,0
2052.8,3.1,0,0
2052.9,3.1,0,0
2053,3.1,0,0
2053.1,3.1,0,0
2053.2,3.1,0,0
2053.3,3.1,0,0
2053.4,3.1,0,0
2053.5,3.1,0,0
2053.6,3.1,0,0
2053.7,3.1,0,0
2053.8,3.1,0,0
2053.9,3.1,0,0
2054,3.1,0,0
2054.1,3.1,0,0
2054.3,3.1,0,0
2054.4,3.1,0,0
2054.5,3.1,0,0
2054.6,3.1,0,0
2054.7,3.1,0,0
2054.8,3.1,0,0
2054.9,3.1,0,0
2055,3.1,0,0
2055.1,3.1,0,0
2055.2,3.1,0,0
2055.3,3.1,0,0
2055.4,3.1,0,0
2055.5,3.1,0,0
2055.6,3.1,0,0
2055.7,3.1,0,0
2055.8,3.1,0,0
2055.9,3.1,0,0
2056.1,3.1,0,0
2056.2,3.1,0,0
2056.3,3.1,0,0
2056.4,3.1,0,0
2056.5,3.1,0,0
2056.6,3.1,0,0
2056.7,3.1,0,0
2056.8,3.1,0,0
2056.9,3.1,0,0
2057,3.1,0,0
2057.1,3.1,0,0
2057.2,3.1,0,0
2057.3,3.1,0,0
2057.4,3.1,0,0
2057.5,3.1,0,0
2057.6,3.1,0,0
2057.8,3.1,0,0
2057.9,3.1,0,0
2058,3.1,0,0
2058.1,3.1,0,0
2058.2,3.1,0,0
2058.3,3.1,0,0
2058.4,3.1,0,0
2058.5,3.1,0,0
2058.6,3.1,0,0
2058.7,3.1,0,0
2058.8,3.1,0,0
2058.9,3.1,0,0
2059,3.1,0,0
2059.1,3.1,0,0
2059.2,3.1,0,0
2059.3,3.1,0,0
2059.5,3.1,0,0
2059.6,3.1,0,0
2059.7,3.1,0,0
2059.8,2.8,0,0
2059.9,2.8,0,0
2060,3.1,0,0
2060.1,3.1,0,0
2060.2,3.1,0,0
2060.3,3.1,0,0
2060.4,3.1,0,0
2060.5,3.1,0,0
2060.6,3.1,0,0
2060.7,3.1,0,0
2060.8,3.1,0,0
2060.9,3.1,0,0
2061,3.1,0,0
2061.1,3.1,0,0
2061.3,3.1,0,0
2061.4,3.1,0,0
2061.5,3.1,0,0
2061.6,3.1,0,0
2061.7,3.1,0,0
2061.8,3.1,0,0
2061.9,1.4,0,0
2062,9.9,0,0
2062.1,7.6,0,0
2062.2,10.7,0,0
2062.3,11.9,1,0
2062.4,21.5,0,0
2062.5,1.4,0,0
2062.6,1.4,0,0
2062.7,1.4,0,0
2062.9,1.1,0,0
2063,1.4,0,0
2063.1,1.4,0,0
2063.2,1.4,0,0
2063.3,1.4,0,0
2063.4,1.4,0,0
2063.5,1.4,0,0
2063.6,1.4,0,0
2063.7,1.4,0,0
2063.8,1.4,0,0
2063.9,1.4,0,0
2064,1.4,0,0
2064.1,1.4,0,0
2064.2,1.4,0,0
2064.3,1.4,0,0
2064.4,1.4,0,0
2064.5,1.4,0,0
2064.7,1.4,0,0
2064.8,1.4,0,0
2064.9,1.4,0,0
2065,1.4,0,0
2065.1,1.4,0,0
2065.2,1.4,0,0
2065.3,1.4,0,0
2065.4,1.4,0,0
2065.5,1.4,0,0
2065.6,1.4,0,0
2065.7,1.4,0,0
2065.8,1.4,0,0
2065.9,1.4,0,0
2066,1.4,0,0
2066.1,1.4,0,0
2066.2,1.4,0,0
2066.4,1.4,0,0
2066.5,1.1,0,0
2066.6,1.4,0,0
2066.7,1.4,0,0
2066.8,1.4,0,0
2066.9,1.4,0,0
2067,1.4,0,0
2067.1,1.4,0,0
2067.2,1.4,0,0
2067.3,1.4,0,0
2067.4,1.4,0,0
2067.5,1.4,0,0
2067.6,1.4,0,0
2067.7,1.4,0,0
2067.8,1.4,0,0
2067.9,1.4,0,0
2068.1,1.4,0,0
2068.2,1.1,0,0
2068.3,1.4,0,0
2068.4,1.1,0,0
2068.5,1.4,0,0
2068.6,1.4,0,0
2068.7,1.4,0,0
2068.8,1.4,0,0
2068.9,1.4,0,0
2069,1.1,0,0
2069.1,1.4,0,0
2069.2,1.4,0,0
2069.3,1.4,0,0
2069.4,1.4,0,0
2069.5,13.3,1,0
2069.7,3.1,0,0
2069.8,33.6,0,0
2069.9,41.8,1,0
2070,37.3,0,0
2070.1,0.9,0,0
2070.2,0.9,0,0
2070.3,0.9,0,0
2070.4,0.9,0,0
2070.5,0.9,0,0
2070.6,0.9,0,0
2070.7,0.9,0,0
2070.8,0.9,0,0
2070.9,0.9,0,0
2071,1.1,0,0
2071.1,0.9,0,0
2071.3,0.9,0,0
2071.4,0.9,0,0
2071.5,0.9,0,0
2071.6,0.9,0,0
2071.7,0.9,0,0
2071.8,0.9,0,0
2071.9,0.9,0,0
2072,0.9,0,0
2072.1,0.9,0,0
2072.2,0.9,0,0
2072.3,0.9,0,0
2072.4,0.9,0,0
2072.5,0.9,0,0
2072.6,0.9,0,0
2072.7,0.9,0,0
2072.8,0.9,0,0
2072.9,0.9,0,0
2073.1,0.9,0,0
2073.2,0.9,0,0
2073.3,0.9,0,0
2073.4,0.9,0,0
2073.5,0.9,0,0
2073.6,0.9,0,0
2073.7,0.9,0,0
2073.8,0.9,0,0
2073.9,0.9,0,0
2074,0.9,0,0
2074.1,0.9,0,0
2074.2,0.9,0,0
2074.3,0.9,0,0
2074.4,0.9,0,0
2074.5,0.9,0,0
2074.6,0.9,0,0
2074.8,0.9,0,0
2074.9,0.9,0,0
2075,0.9,0,0
2075.1,0.9,0,0
2075.2,0.9,0,0
2075.3,0.9,0,0
2075.4,0.9,0,0
2075.5,0.9,0,0
2075.6,0.9,0,0
2075.7,0.9,0,0
2075.8,0.9,0,0
2075.9,0.9,0,0
2076,0.9,0,0
2076.1,0.9,0,0
2076.2,0.9,0,0
2076.4,0.9,0,0
2076.5,0.9,0,0
2076.6,1.1,0,0
2076.7,0.9,0,0
2076.8,0.9,0,0
2076.9,0.9,0,0
2077,1.1,0,0
2077.1,0.9,0,0
2077.2,0.9,0,0
2077.3,0.9,0,0
2077.4,0.9,0,0
2077.5,0.9,0,0
2077.6,0.9,0,0
2077.7,0.9,0,0
2077.8,0.9,0,0
2077.9,0.9,0,0
2078.1,0.9,0,0
2078.2,0.9,0,0
2078.3,0.9,0,0
2078.4,0.9,0,0
2078.5,0.9,0,0
2078.6,0.9,0,0
2078.7,0.9,0,0
2078.8,0.9,0,0
2078.9,0.9,0,0
2079,0.9,0,0
2079.1,0.9,0,0
2079.2,0.9,0,0
2079.3,0.9,0,0
2079.4,0.9,0,0
2079.5,0.9,0,0
2079.6,0.9,0,0
2079.8,0.9,0,0
2079.9,0.9,0,0
2080,0.9,0,0
2080.1,0.9,0,0
2080.2,0.9,0,0
2080.3,0.9,0,0
2080.4,0.9,0,0
2080.5,0.9,0,0
2080.6,0.9,0,0
2080.7,0.9,0,0
2080.8,0.9,0,0
2080.9,0.9,0,0
2081,0.9,0,0
2081.1,0.9,0,0
2081.2,0.9,0,0
2081.3,0.9,0,0
2081.5,0.9,0,0
2081.6,0.9,0,0
2081.7,0.9,0,0
2081.8,0.9,0,0
2081.9,0.9,0,0
2082,0.9,0,0
2082.1,1.1,0,0
2082.2,0.9,0,0
2082.3,0.9,0,0
2082.4,0.9,0,0
2082.5,0.9,0,0
2082.6,0.9,0,0
2082.7,0.9,0,0
2082.8,0.9,0,0
2082.9,0.9,0,0
2083,0.9,0,0
2083.2,0.9,0,0
2083.3,0.9,0,0
2083.4,0.9,0,0
2083.5,0.9,0,0
2083.6,0.9,0,0
2083.7,0.9,0,0
2083.8,0.9,0,0
2083.9,0.9,0,0
2084,0.9,0,0
2084.1,0.9,0,0
2084.2,0.9,0,0
2084.3,0.9,0,0
2084.4,0.9,0,0
2084.5,0.9,0,0
2084.6,0.9,0,0
2084.7,0.9,0,0
2084.8,0.9,0,0
2085,0.9,0,0
2085.1,0.9,0,0
2085.2,0.9,0,0
2085.3,0.9,0,0
2085.4,0.9,0,0
2085.5,0.9,0,0
2085.6,0.9,0,0
2085.7,0.9,0,0
2085.8,0.9,0,0
2085.9,0.9,0,0
2086,0.9,0,0
2086.1,0.9,0,0
2086.2,0.9,0,0
2086.3,0.9,0,0
2086.4,0.9,0,0
2086.5,0.9,0,0
2086.7,0.9,0,0
2086.8,0.9,0,0
2086.9,0.9,0,0
2087,0.9,0,0
2087.1,0.9,0,0
2087.2,0.9,0,0
2087.3,0.9,0,0
2087.4,0.9,0,0
2087.5,0.9,0,0
2087.6,0.9,0,0
2087.7,0.9,0,0
2087.8,0.9,0,0
2087.9,0.9,0,0
2088,0.9,0,0
2088.1,0.9,0,0
2088.2,0.9,0,0
2088.4,0.9,0,0
2088.5,0.9,0,0
2088.6,0.9,0,0
2088.7,0.9,0,0
2088.8,0.9,0,0
2088.9,0.9,0,0
2089,0.9,0,0
2089.1,0.9,0,0
2089.2,0.9,0,0
2089.3,0.9,0,0
2089.4,0.9,0,0
2089.5,0.9,0,0
2089.6,0.9,0,0
2089.7,0.9,0,0
2089.8,0.9,0,0
2089.9,0.9,0,0
2090.1,0.9,0,0
2090.2,0.9,0,0
2090.3,0.9,0,0
2090.4,0.9,0,0
2090.5,0.9,0,0
2090.6,0.9,0,0
2090.7,0.9,0,0
2090.8,0.9,0,0
2090.9,0.9,0,0
2091,0.9,0,0
2091.1,0.9,0,0
2091.2,0.9,0,0
2091.3,0.9,0,0
2091.4,0.9,0,0
2091.5,0.9,0,0
2091.6,0.9,0,0
2091.8,0.9,0,0
2091.9,0.9,0,0
2092,0.9,0,0
2092.1,0.9,0,0
2092.2,0.9,0,0
2092.3,0.9,0,0
2092.4,0.9,0,0
2092.5,0.9,0,0
2092.6,0.9,0,0
2092.7,0.9,0,0
2092.8,0.9,0,0
2092.9,0.9,0,0
2093,0.9,0,0
2093.1,0.9,0,0
2093.2,0.9,0,0
2093.3,0.9,0,0
2093.4,0.9,0,0
2093.6,0.9,0,0
2093.7,0.9,0,0
2093.8,0.9,0,0
2093.9,0.9,0,0
2094,0.9,0,0
2094.1,0.9,0,0
2094.2,0.9,0,0
2094.3,0.9,0,0
2094.4,0.9,0,0
2094.5,0.9,0,0
2094.6,0.9,0,0
2094.7,1.1,0,0
2094.8,0.9,0,0
2094.9,0.9,0,0
2095,0.9,0,0
2095.1,0.9,0,0
2095.2,0.9,0,0
2095.4,0.9,0,0
2095.5,0.9,0,0
2095.6,0.9,0,0
2095.7,0.9,0,0
2095.8,0.9,0,0
2095.9,0.9,0,0
2096,0.9,0,0
2096.1,0.9,0,0
2096.2,0.9,0,0
2096.3,0.9,0,0
2096.4,0.9,0,0
2096.5,0.9,0,0
2096.6,0.9,0,0
2096.7,0.9,0,0
2096.8,0.9,0,0
2097,0.9,0,0
2097.1,0.9,0,0
2097.2,0.9,0,0
2097.3,0.9,0,0
2097.4,0.9,0,0
2097.5,0.9,0,0
2097.6,0.9,0,0
2097.7,0.9,0,0
2097.8,0.9,0,0
2097.9,0.9,0,0
2098,0.9,0,0
2098.1,0.9,0,0
2098.2,0.9,0,0
2098.3,0.9,0,0
2098.4,0.9,0,0
2098.5,0.9,0,0
2098.6,0.9,0,0
2098.8,0.9,0,0
2098.9,0.9,0,0
2099,0.9,0,0
2099.1,0.9,0,0
2099.2,0.9,0,0
2099.3,0.9,0,0
2099.4,0.9,0,0
2099.5,0.9,0,0
2099.6,0.9,0,0
2099.7,0.9,0,0
2099.8,0.9,0,0
2099.9,0.9,0,0
2100,0.9,0,0
2100.1,0.9,0,0
2100.2,0.9,0,0
2100.3,0.9,0,0
2100.5,0.9,0,0
2100.6,0.9,0,0
2100.7,0.9,0,0
2100.8,0.9,0,0
2100.9,0.9,0,0
2101,0.9,0,0
2101.1,0.9,0,0
2101.2,0.9,0,0
2101.3,0.9,0,0
2101.4,0.9,0,0
2101.5,0.9,0,0
2101.6,0.9,0,0
2101.7,0.9,0,0
2101.8,0.9,0,0
2101.9,0.9,0,0
2102,0.9,0,0
2102.1,0.9,0,0
2102.3,0.9,0,0
2102.4,0.9,0,0
2102.5,0.9,0,0
2102.6,0.9,0,0
2102.7,0.9,0,0
2102.8,0.9,0,0
2102.9,0.9,0,0
2103,0.9,0,0
2103.1,0.9,0,0
2103.2,0.9,0,0
2103.3,0.9,0,0
2103.4,0.9,0,0
2103.5,0.9,0,0
2103.6,0.9,0,0
2103.7,0.9,0,0
2103.8,0.9,0,0
2104,0.9,0,0
2104.1,0.9,0,0
2104.2,0.9,0,0
2104.3,0.9,0,0
2104.4,0.9,0,0
2104.5,0.9,0,0
2104.6,0.9,0,0
2104.7,0.9,0,0
2104.8,0.9,0,0
2104.9,0.9,0,0
2105,0.9,0,0
2105.1,0.9,0,0
2105.2,0.9,0,0
2105.3,0.9,0,0
2105.4,0.9,0,0
2105.5,0.9,0,0
2105.7,0.9,0,0
2105.8,0.9,0,0
2105.9,0.9,0,0
2106,0.9,0,0
2106.1,0.9,0,0
2106.2,0.9,0,0
2106.3,0.9,0,0
2106.4,0.9,0,0
2106.5,0.9,0,0
2106.6,0.9,0,0
2106.7,0.9,0,0
2106.8,0.9,0,0
2106.9,0.9,0,0
2107,1.1,0,0
2107.1,0.9,0,0
2107.2,0.9,0,0
2107.4,0.9,0,0
2107.5,0.9,0,0
2107.6,0.9,0,0
2107.7,0.9,0,0
2107.8,0.9,0,0
2107.9,0.9,0,0
2108,0.9,0,0
2108.1,0.9,0,0
2108.2,0.9,0,0
2108.3,0.9,0,0
2108.4,0.9,0,0
2108.5,0.9,0,0
2108.6,0.9,0,0
2108.7,0.9,0,0
2108.8,0.9,0,0
2108.9,0.9,0,0
2109.1,0.9,0,0
2109.2,0.9,0,0
2109.3,0.9,0,0
2109.4,0.9,0,0
2109.5,0.9,0,0
2109.6,0.9,0,0
2109.7,0.9,0,0
2109.8,1.1,0,0
2109.9,0.9,0,0
2110,0.9,0,0
2110.1,0.9,0,0
2110.2,0.9,0,0
2110.3,0.9,0,0
2110.4,0.9,0,0
2110.5,0.9,0,0
2110.6,0.9,0,0
2110.8,0.9,0,0
2110.9,0.9,0,0
2111,0.9,0,0
2111.1,0.9,0,0
2111.2,0.9,0,0
2111.3,0.9,0,0
2111.4,0.9,0,0
2111.5,0.9,0,0
2111.6,0.9,0,0
2111.7,0.9,0,0
2111.8,0.9,0,0
2111.9,0.9,0,0
2112,0.9,0,0
2112.1,0.9,0,0
2112.2,0.9,0,0
2112.3,0.9,0,0
2112.5,0.9,0,0
2112.6,0.9,0,0
2112.7,0.9,0,0
2112.8,0.9,0,0
2112.9,1.1,0,0
2113,0.9,0,0
2113.1,0.9,0,0
2113.2,0.9,0,0
2113.3,0.9,0,0
2113.4,0.9,0,0
2113.5,0.9,0,0
2113.6,0.9,0,0
2113.7,0.9,0,0
2113.8,0.9,0,0
2113.9,0.9,0,0
2114.1,0.9,0,0
2114.2,0.9,0,0
2114.3,0.9,0,0
2114.4,0.9,0,0
2114.5,0.9,0,0
2114.6,0.9,0,0
2114.7,0.9,0,0
2114.8,0.9,0,0
2114.9,0.9,0,0
2115,0.9,0,0
2115.1,0.9,0,0
2115.2,0.9,0,0
2115.3,0.9,0,0
2115.4,0.9,0,0
2115.5,0.9,0,0
2115.6,0.9,0,0
2115.8,0.9,0,0
2115.9,0.9,0,0
2116,0.9,0,0
2116.1,0.9,0,0
2116.2,0.9,0,0
2116.3,0.9,0,0
2116.4,0.9,0,0
2116.5,0.9,0,0
2116.6,0.9,0,0
2116.7,0.9,0,0
2116.8,0.9,0,0
2116.9,0.9,0,0
2117,0.9,0,0
2117.1,0.9,0,0
2117.2,0.9,0,0
2117.3,0.9,0,0
2117.5,0.9,0,0
2117.6,0.9,0,0
2117.7,0.9,0,0
2117.8,0.9,0,0
2117.9,0.9,0,0
2118,0.9,0,0
2118.1,0.9,0,0
2118.2,0.9,0,0
2118.3,0.9,0,0
2118.4,0.9,0,0
2118.5,0.9,0,0
2118.6,0.9,0,0
2118.7,0.9,0,0
2118.8,0.9,0,0
2118.9,0.9,0,0
2119,0.9,0,0
2119.2,0.9,0,0
2119.3,0.9,0,0
2119.4,0.9,0,0
2119.5,0.9,0,0
2119.6,0.9,0,0
2119.7,0.9,0,0
2119.8,0.9,0,0
2119.9,0.9,0,0
2120,0.9,0,0
2120.1,0.9,0,0
2120.2,0.9,0,0
2120.3,0.9,0,0
2120.4,0.9,0,0
2120.5,0.9,0,0
2120.6,0.9,0,0
2120.7,0.9,0,0
2120.9,0.9,0,0
2121,0.9,0,0
2121.1,0.9,0,0
2121.2,0.9,0,0
2121.3,0.9,0,0
2121.4,0.9,0,0
2121.5,0.9,0,0
2121.6,0.9,0,0
2121.7,0.9,0,0
2121.8,0.9,0,0
2121.9,0.9,0,0
2122,0.9,0,0
2122.1,0.9,0,0
2122.2,0.9,0,0
2122.3,0.9,0,0
2122.4,0.9,0,0
2122.6,0.9,0,0
2122.7,0.9,0,0
2122.8,0.9,0,0
2122.9,0.9,0,0
2123,0.9,0,0
2123.1,0.9,0,0
2123.2,0.9,0,0
2123.3,0.9,0,0
2123.4,0.9,0,0
2123.5,0.9,0,0
2123.6,0.9,0,0
2123.7,0.9,0,0
2123.8,0.9,0,0
2123.9,0.9,0,0
2124,0.9,0,0
2124.1,0.9,0,0
2124.2,0.9,0,0
2124.4,0.9,0,0
2124.5,0.9,0,0
2124.6,0.9,0,0
2124.7,0.9,0,0
2124.8,0.9,0,0
2124.9,0.9,0,0
2125,0.9,0,0
2125.1,0.9,0,0
2125.2,0.9,0,0
2125.3,0.9,0,0
2125.4,0.9,0,0
2125.5,0.9,0,0
2125.6,0.9,0,0
2125.7,0.9,0,0
2125.8,0.9,0,0
2125.9,0.9,0,0
2126,0.9,0,0
2126.2,0.9,0,0
2126.3,0.9,0,0
2126.4,0.9,0,0
2126.5,0.9,0,0
2126.6,0.9,0,0
2126.7,0.9,0,0
2126.8,0.9,0,0
2126.9,0.9,0,0
2127,0.9,0,0
2127.1,0.9,0,0
2127.2,0.9,0,0
2127.3,0.9,0,0
2127.4,0.9,0,0
2127.5,0.9,0,0
2127.6,0.9,0,0
2127.8,0.9,0,0
2127.9,0.9,0,0
2128,0.9,0,0
2128.1,0.9,0,0
2128.2,0.9,0,0
2128.3,0.9,0,0
2128.4,0.9,0,0
2128.5,0.9,0,0
2128.6,0.9,0,0
2128.7,0.9,0,0
2128.8,0.9,0,0
2128.9,0.9,0,0
2129,0.9,0,0
2129.1,1.1,0,0
2129.2,0.9,0,0
2129.3,0.9,0,0
2129.5,0.9,0,0
2129.6,0.9,0,0
2129.7,0.9,0,0
2129.8,0.9,0,0
2129.9,0.9,0,0
2130,0.9,0,0
2130.1,0.9,0,0
2130.2,0.9,0,0
2130.3,0.9,0,0
2130.4,0.9,0,0
2130.5,0.9,0,0
2130.6,0.9,0,0
2130.7,0.9,0,0
2130.8,0.9,0,0
2130.9,0.9,0,0
2131,0.9,0,0
2131.2,0.9,0,0
2131.3,0.9,0,0
2131.4,0.9,0,0
2131.5,0.9,0,0
2131.6,0.9,0,0
2131.7,0.9,0,0
2131.8,0.9,0,0
2131.9,0.9,0,0
2132,0.9,0,0
2132.1,0.9,0,0
2132.2,0.9,0,0
2132.3,0.9,0,0
2132.4,0.9,0,0
2132.5,0.9,0,0
2132.6,0.9,0,0
2132.7,0.9,0,0
2132.8,0.9,0,0
2133,0.9,0,0
2133.1,0.9,0,0
2133.2,0.9,0,0
2133.3,0.9,0,0
2133.4,0.9,0,0
2133.5,0.9,0,0
2133.6,0.9,0,0
2133.7,0.9,0,0
2133.8,0.9,0,0
2133.9,0.9,0,0
2134,0.9,0,0
2134.1,0.9,0,0
2134.2,0.9,0,0
2134.3,0.9,0,0
2134.4,0.9,0,0
2134.5,0.9,0,0
2134.7,0.9,0,0
2134.8,0.9,0,0
2134.9,0.9,0,0
2135,0.9,0,0
2135.1,0.9,0,0
2135.2,0.9,0,0
2135.3,0.9,0,0
2135.4,0.9,0,0
2135.5,0.9,0,0
2135.6,0.9,0,0
2135.7,0.9,0,0
2135.8,0.9,0,0
2135.9,0.9,0,0
2136,0.9,0,0
2136.1,0.9,0,0
2136.2,0.9,0,0
2136.3,0.9,0,0
2136.5,0.9,0,0
2136.6,0.9,0,0
2136.7,0.9,0,0
2136.8,0.9,0,0
2136.9,0.9,0,0
2137,0.9,0,0
2137.1,0.9,0,0
2137.2,0.9,0,0
2137.3,0.9,0,0
2137.4,0.9,0,0
2137.5,0.9,0,0
2137.6,0.9,0,0
2137.7,0.9,0,0
2137.8,0.9,0,0
2137.9,0.9,0,0
2138,0.9,0,0
2138.1,0.9,0,0
2138.3,0.9,0,0
2138.4,0.9,0,0
2138.5,0.9,0,0
2138.6,0.9,0,0
2138.7,0.9,0,0
2138.8,0.9,0,0
2138.9,0.9,0,0
2139,0.9,0,0
2139.1,0.9,0,0
2139.2,0.9,0,0
2139.3,0.9,0,0
2139.4,0.9,0,0
2139.5,0.9,0,0
2139.6,0.9,0,0
2139.7,0.9,0,0
2139.8,0.9,0,0
2140,0.9,0,0
2140.1,0.9,0,0
2140.2,0.9,0,0
2140.3,0.9,0,0
2140.4,0.9,0,0
2140.5,0.9,0,0
2140.6,0.9,0,0
2140.7,0.9,0,0
2140.8,0.9,0,0
2140.9,0.9,0,0
2141,0.9,0,0
2141.1,0.9,0,0
2141.2,0.9,0,0
2141.3,0.9,0,0
2141.4,0.9,0,0
2141.5,0.9,0,0
2141.7,0.9,0,0
2141.8,0.9,0,0
2141.9,0.9,0,0
2142,0.9,0,0
2142.1,0.9,0,0
2142.2,0.9,0,0
2142.3,0.9,0,0
2142.4,0.9,0,0
2142.5,0.9,0,0
2142.6,0.9,0,0
2142.7,0.9,0,0
2142.8,0.9,0,0
2142.9,0.9,0,0
2143,0.9,0,0
2143.1,0.9,0,0
2143.2,0.9,0,0
2143.4,0.9,0,0
2143.5,0.9,0,0
2143.6,0.9,0,0
2143.7,0.9,0,0
2143.8,0.9,0,0
2143.9,0.9,0,0
2144,0.9,0,0
2144.1,0.9,0,0
2144.2,0.9,0,0
2144.3,0.9,0,0
2144.4,0.9,0,0
2144.5,0.9,0,0
2144.6,0.9,0,0
2144.7,0.9,0,0
2144.8,0.9,0,0
2144.9,0.9,0,0
2145.1,0.9,0,0
2145.2,0.9,0,0
2145.3,0.9,0,0
2145.4,0.9,0,0
2145.5,0.9,0,0
2145.6,0.9,0,0
2145.7,0.9,0,0
2145.8,0.9,0,0
2145.9,0.9,0,0
2146,0.9,0,0
2146.1,0.9,0,0
2146.2,0.9,0,0
2146.3,0.9,0,0
2146.4,0.9,0,0
2146.5,0.9,0,0
2146.6,0.9,0,0
2146.8,0.9,0,0
2146.9,0.9,0,0
2147,0.9,0,0
2147.1,0.9,0,0
2147.2,0.9,0,0
2147.3,0.9,0,0
2147.4,0.9,0,0
2147.5,0.9,0,0
2147.6,0.9,0,0
2147.7,0.9,0,0
2147.8,0.9,0,0
2147.9,0.9,0,0
2148,0.9,0,0
2148.1,0.9,0,0
2148.2,0.9,0,0
2148.3,0.9,0,0
2148.5,0.9,0,0
2148.6,0.9,0,0
2148.7,0.9,0,0
2148.8,0.9,0,0
2148.9,0.9,0,0
2149,0.9,0,0
2149.1,0.9,0,0
2149.2,0.9,0,0
2149.3,0.9,0,0
2149.4,0.9,0,0
2149.5,0.9,0,0
2149.6,0.9,0,0
2149.7,0.9,0,0
2149.8,0.9,0,0
2149.9,0.9,0,0
2150,0.9,0,0
2150.2,0.9,0,0
2150.3,0.9,0,0
2150.4,0.9,0,0
2150.5,0.9,0,0
2150.6,0.9,0,0
2150.7,0.9,0,0
2150.8,0.9,0,0
2150.9,0.9,0,0
2151,0.9,0,0
2151.1,0.9,0,0
2151.2,0.9,0,0
2151.3,0.9,0,0
2151.4,0.9,0,0
2151.5,0.9,0,0
2151.6,0.9,0,0
2151.7,0.9,0,0
2151.8,0.9,0,0
2151.9,0.9,0,0
2152.1,0.9,0,0
2152.2,0.9,0,0
2152.3,0.9,0,0
2152.4,0.9,0,0
2152.5,0.9,0,0
2152.6,0.9,0,0
2152.7,0.9,0,0
2152.8,0.9,0,0
2152.9,0.9,0,0
2153,0.9,0,0
2153.1,0.9,0,0
2153.2,0.9,0,0
2153.3,0.9,0,0
2153.4,0.9,0,0
2153.5,0.9,0,0
2153.6,0.9,0,0
2153.7,0.9,0,0
2153.9,0.9,0,0
2154,0.9,0,0
2154.1,0.9,0,0
2154.2,0.9,0,0
2154.3,0.9,0,0
2154.4,0.9,0,0
2154.5,0.9,0,0
2154.6,0.9,0,0
2154.7,0.9,0,0
2154.8,0.9,0,0
2154.9,0.9,0,0
2155,0.9,0,0
2155.1,0.9,0,0
2155.2,0.9,0,0
2155.3,0.9,0,0
2155.5,0.9,0,0
2155.6,0.9,0,0
2155.7,0.9,0,0
2155.8,0.9,0,0
2155.9,0.9,0,0
2156,0.9,0,0
2156.1,0.9,0,0
2156.2,0.9,0,0
2156.3,0.9,0,0
2156.4,0.9,0,0
2156.5,0.9,0,0
2156.6,0.9,0,0
2156.7,0.9,0,0
2156.8,0.9,0,0
2156.9,0.9,0,0
2157,0.9,0,0
2157.1,0.9,0,0
2157.3,0.9,0,0
2157.4,0.9,0,0
2157.5,0.9,0,0
2157.6,0.9,0,0
2157.7,0.9,0,0
2157.8,0.9,0,0
2157.9,0.9,0,0
2158,0.9,0,0
2158.1,0.9,0,0
2158.2,0.9,0,0
2158.3,0.9,0,0
2158.4,0.9,0,0
2158.5,0.9,0,0
2158.6,0.9,0,0
2158.7,0.9,0,0
2158.8,0.9,0,0
2159,0.9,0,0
2159.1,0.9,0,0
2159.2,0.9,0,0
2159.3,0.9,0,0
2159.4,0.9,0,0
2159.5,0.9,0,0
2159.6,1.1,0,0
2159.7,0.9,0,0
2159.8,0.9,0,0
2159.9,0.9,0,0
2160,0.9,0,0
2160.1,0.9,0,0
2160.2,0.9,0,0
2160.3,0.9,0,0
2160.4,0.9,0,0
2160.5,0.9,0,0
2160.7,0.9,0,0
2160.8,0.9,0,0
2160.9,0.9,0,0
2161,0.9,0,0
2161.1,0.9,0,0
2161.2,0.9,0,0
2161.3,0.9,0,0
2161.4,0.9,0,0
2161.5,0.9,0,0
2161.6,0.9,0,0
2161.7,0.9,0,0
2161.8,0.9,0,0
2161.9,0.9,0,0
2162,0.9,0,0
2162.1,0.9,0,0
2162.2,0.9,0,0
2162.4,0.9,0,0
2162.5,0.9,0,0
2162.6,0.9,0,0
2162.7,0.9,0,0
2162.8,0.9,0,0
2162.9,0.9,0,0
2163,0.9,0,0
2163.1,0.9,0,0
2163.2,0.9,0,0
2163.3,0.9,0,0
2163.4,0.9,0,0
2163.5,0.9,0,0
2163.6,0.9,0,0
2163.7,0.9,0,0
2163.8,0.9,0,0
2163.9,0.9,0,0
2164.1,0.9,0,0
2164.2,0.9,0,0
2164.3,0.9,0,0
2164.4,0.9,0,0
2164.5,0.9,0,0
2164.6,0.9,0,0
2164.7,0.9,0,0
2164.8,0.9,0,0
2164.9,0.9,0,0
2165,0.9,0,0
2165.1,0.9,0,0
2165.2,0.9,0,0
2165.3,0.9,0,0
2165.4,0.9,0,0
2165.5,0.9,0,0
2165.6,0.9,0,0
2165.8,0.9,0,0
2165.9,0.9,0,0
2166,0.9,0,0
2166.1,0.9,0,0
2166.2,0.9,0,0
2166.3,0.9,0,0
2166.4,0.9,0,0
2166.5,0.9,0,0
2166.6,0.9,0,0
2166.7,0.9,0,0
2166.8,0.9,0,0
2166.9,0.9,0,0
2167,0.9,0,0
2167.1,0.9,0,0
2167.2,0.9,0,0
2167.3,0.9,0,0
2167.5,0.9,0,0
2167.6,0.9,0,0
2167.7,0.9,0,0
2167.8,0.9,0,0
2167.9,0.9,0,0
2168,0.9,0,0
2168.1,0.9,0,0
2168.2,0.9,0,0
2168.3,0.9,0,0
2168.4,0.9,0,0
2168.5,0.9,0,0
2168.6,0.9,0,0
2168.7,0.9,0,0
2168.8,0.9,0,0
2168.9,0.9,0,0
2169,0.9,0,0
2169.2,0.9,0,0
2169.3,0.9,0,0
2169.4,0.9,0,0
2169.5,0.9,0,0
2169.6,0.9,0,0
2169.7,0.9,0,0
2169.8,0.9,0,0
2169.9,0.9,0,0
2170,0.9,0,0
2170.1,0.9,0,0
2170.2,0.9,0,0
2170.3,0.9,0,0
2170.4,0.9,0,0
2170.5,0.9,0,0
2170.6,0.9,0,0
2170.7,0.9,0,0
2170.9,0.9,0,0
2171,0.9,0,0
2171.1,0.9,0,0
2171.2,0.9,0,0
2171.3,0.9,0,0
2171.4,0.9,0,0
2171.5,0.9,0,0
2171.6,0.9,0,0
2171.7,0.9,0,0
2171.8,0.9,0,0
2171.9,0.9,0,0
2172,0.9,0,0
2172.1,0.9,0,0
2172.2,0.9,0,0
2172.3,0.9,0,0
2172.5,0.9,0,0
2172.6,0.9,0,0
2172.7,0.9,0,0
2172.8,0.9,0,0
2172.9,0.9,0,0
2173,0.9,0,0
2173.1,0.9,0,0
2173.2,0.9,0,0
2173.3,0.9,0,0
2173.4,0.9,0,0
2173.5,0.9,0,0
2173.6,0.9,0,0
2173.7,0.9,0,0
2173.8,0.9,0,0
2173.9,0.9,0,0
2174,0.9,0,0
2174.1,0.9,0,0
2174.3,0.9,0,0
2174.4,0.9,0,0
2174.5,0.9,0,0
2174.6,0.9,0,0
2174.7,0.9,0,0
2174.8,0.9,0,0
2174.9,0.9,0,0
2175,0.9,0,0
2175.1,0.9,0,0
2175.2,0.9,0,0
2175.3,0.9,0,0
2175.4,0.9,0,0
2175.5,0.9,0,0
2175.6,0.9,0,0
2175.7,0.9,0,0
2175.8,0.9,0,0
2176,0.9,0,0
2176.1,0.9,0,0
2176.2,0.9,0,0
2176.3,0.9,0,0
2176.4,0.9,0,0
2176.5,0.9,0,0
2176.6,0.9,0,0
2176.7,0.9,0,0
2176.8,0.9,0,0
2176.9,0.9,0,0
2177,0.9,0,0
2177.1,0.9,0,0
2177.2,0.9,0,0
2177.3,0.9,0,0
2177.4,0.9,0,0
2177.5,0.9,0,0
2177.7,0.9,0,0
2177.8,0.9,0,0
2177.9,0.9,0,0
2178,0.9,0,0
2178.1,0.9,0,0
2178.2,0.9,0,0
2178.3,0.9,0,0
2178.4,0.9,0,0
2178.5,0.9,0,0
2178.6,0.9,0,0
2178.7,0.9,0,0
2178.8,0.9,0,0
2178.9,0.9,0,0
2179,0.9,0,0
2179.1,0.9,0,0
2179.2,0.9,0,0
2179.4,0.9,0,0
2179.5,0.9,0,0
2179.6,0.9,0,0
2179.7,0.9,0,0
2179.8,0.9,0,0
2179.9,0.9,0,0
2180,0.9,0,0
2180.1,0.9,0,0
2180.2,0.9,0,0
2180.3,0.9,0,0
2180.4,0.9,0,0
2180.5,0.9,0,0
2180.6,0.9,0,0
2180.7,0.9,0,0
2180.8,0.9,0,0
2180.9,0.9,0,0
2181.1,0.9,0,0
2181.2,0.9,0,0
2181.3,0.9,0,0
2181.4,0.9,0,0
2181.5,0.9,0,0
2181.6,0.9,0,0
2181.7,0.9,0,0
2181.8,0.9,0,0
2181.9,0.9,0,0
2182,0.9,0,0
2182.1,0.9,0,0
2182.2,0.9,0,0
2182.3,0.9,0,0
2182.4,0.9,0,0
2182.5,0.9,0,0
2182.6,0.9,0,0
2182.7,0.9,0,0
2182.9,0.9,0,0
2183,0.9,0,0
2183.1,0.9,0,0
2183.2,0.9,0,0
2183.3,0.9,0,0
2183.4,0.9,0,0
2183.5,0.9,0,0
2183.6,0.9,0,0
2183.7,0.9,0,0
2183.8,0.9,0,0
2183.9,0.9,0,0
2184,0.9,0,0
2184.1,0.9,0,0
2184.2,0.9,0,0
2184.3,0.9,0,0
2184.4,0.9,0,0
2184.6,0.9,0,0
2184.7,0.9,0,0
2184.8,0.9,0,0
2184.9,0.9,0,0
2185,0.9,0,0
2185.1,0.9,0,0
2185.2,0.9,0,0
2185.3,0.9,0,0
2185.4,0.9,0,0
2185.5,0.9,0,0
2185.6,0.9,0,0
2185.7,0.9,0,0
2185.8,0.9,0,0
2185.9,0.9,0,0
2186,0.9,0,0
2186.1,0.9,0,0
2186.3,0.9,0,0
2186.4,0.9,0,0
2186.5,0.9,0,0
2186.6,0.9,0,0
2186.7,0.9,0,0
2186.8,0.9,0,0
2186.9,0.9,0,0
2187,0.9,0,0
2187.1,0.9,0,0
2187.2,0.9,0,0
2187.3,0.9,0,0
2187.4,0.9,0,0
2187.5,0.9,0,0
2187.6,0.9,0,0
2187.7,0.9,0,0
2187.8,0.9,0,0
2188,0.9,0,0
2188.1,0.9,0,0
2188.2,0.9,0,0
2188.3,0.9,0,0
2188.4,0.9,0,0
2188.5,0.9,0,0
2188.6,0.9,0,0
2188.7,0.9,0,0
2188.8,0.9,0,0
2188.9,0.9,0,0
2189,0.9,0,0
2189.1,0.9,0,0
2189.2,0.9,0,0
2189.3,0.9,0,0
2189.4,0.9,0,0
2189.5,0.9,0,0
2189.7,0.9,0,0
2189.8,0.9,0,0
2189.9,0.9,0,0
2190,0.9,0,0
2190.1,0.9,0,0
2190.2,0.9,0,0
2190.3,0.9,0,0
2190.4,0.9,0,0
2190.5,0.9,0,0
2190.6,0.9,0,0
2190.7,0.9,0,0
2190.8,0.9,0,0
2190.9,0.9,0,0
2191,0.9,0,0
2191.1,0.9,0,0
2191.2,0.9,0,0
2191.4,0.9,0,0
2191.5,0.9,0,0
2191.6,0.9,0,0
2191.7,0.9,0,0
2191.8,0.9,0,0
2191.9,0.9,0,0
2192,0.9,0,0
2192.1,0.9,0,0
2192.2,0.9,0,0
2192.3,0.9,0,0
2192.4,0.9,0,0
2192.5,0.9,0,0
2192.6,0.9,0,0
2192.7,0.9,0,0
2192.8,0.9,0,0
2193,0.9,0,0
2193.1,0.9,0,0
2193.2,0.6,0,0
2193.3,0.9,0,0
2193.4,0.9,0,0
2193.5,0.9,0,0
2193.6,0.9,0,0
2193.7,0.9,0,0
2193.8,0.9,0,0
2193.9,0.9,0,0
2194,0.9,0,0
2194.1,0.9,0,0
2194.2,0.9,0,0
2194.3,0.9,0,0
2194.4,0.9,0,0
2194.5,0.9,0,0
2194.7,0.9,0,0
2194.8,0.9,0,0
2194.9,0.9,0,0
2195,0.9,0,0
2195.1,0.9,0,0
2195.2,0.9,0,0
2195.3,0.9,0,0
2195.4,0.9,0,0
2195.5,0.9,0,0
2195.6,0.9,0,0
2195.7,0.9,0,0
2195.8,0.9,0,0
2195.9,0.9,0,0
2196,0.9,0,0
2196.1,0.9,0,0
2196.2,0.9,0,0
2196.4,0.9,0,0
2196.5,0.9,0,0
2196.6,0.9,0,0
2196.7,0.9,0,0
2196.8,0.9,0,0
2196.9,0.9,0,0
2197,0.9,0,0
2197.1,0.9,0,0
2197.2,0.9,0,0
2197.3,0.9,0,0
2197.4,0.9,0,0
2197.5,0.9,0,0
2197.6,0.9,0,0
2197.7,0.9,0,0
2197.8,0.9,0,0
2197.9,0.9,0,0
2198.1,0.9,0,0
2198.2,0.9,0,0
2198.3,0.9,0,0
2198.4,0.9,0,0
2198.5,0.9,0,0
2198.6,0.9,0,0
2198.7,0.9,0,0
2198.8,0.9,0,0
2198.9,0.9,0,0
2199,0.9,0,0
2199.1,0.9,0,0
2199.2,0.9,0,0
2199.3,0.9,0,0
2199.4,0.9,0,0
2199.5,0.9,0,0
2199.6,0.9,0,0
2199.8,0.9,0,0
2199.9,0.9,0,0
2200,0.9,0,0
2200.1,0.9,0,0
2200.2,0.9,0,0
2200.3,0.9,0,0
2200.4,0.9,0,0
2200.5,0.9,0,0
2200.6,0.9,0,0
2200.7,0.9,0,0
2200.8,0.9,0,0
2200.9,0.9,0,0
2201,0.9,0,0
2201.1,0.9,0,0
2201.2,0.9,0,0
2201.4,0.9,0,0
2201.5,0.9,0,0
2201.6,0.9,0,0
2201.7,0.9,0,0
2201.8,0.9,0,0
2201.9,0.9,0,0
2202,0.9,0,0
2202.1,0.9,0,0
2202.2,0.9,0,0
2202.3,0.9,0,0
2202.4,0.9,0,0
2202.5,0.9,0,0
2202.6,0.9,0,0
2202.7,0.9,0,0
2202.8,0.9,0,0
2202.9,0.9,0,0
2203.1,0.9,0,0
2203.2,0.9,0,0
2203.3,0.9,0,0
2203.4,0.9,0,0
2203.5,0.9,0,0
2203.6,0.9,0,0
2203.7,0.9,0,0
2203.8,0.9,0,0
2203.9,0.9,0,0
2204,0.9,0,0
2204.1,0.9,0,0
2204.2,0.9,0,0
2204.3,0.9,0,0
2204.4,0.9,0,0
2204.5,0.9,0,0
2204.6,0.9,0,0
2204.7,0.9,0,0
2204.9,0.9,0,0
2205,0.9,0,0
2205.1,0.9,0,0
2205.2,0.9,0,0
2205.3,0.9,0,0
2205.4,0.9,0,0
2205.5,0.9,0,0
2205.6,0.9,0,0
2205.7,0.9,0,0
2205.8,0.9,0,0
2205.9,0.9,0,0
2206,0.9,0,0
2206.1,0.9,0,0
2206.2,0.9,0,0
2206.3,0.9,0,0
2206.5,0.9,0,0
2206.6,0.9,0,0
2206.7,0.9,0,0
2206.8,0.9,0,0
2206.9,0.9,0,0
2207,0.9,0,0
2207.1,0.9,0,0
2207.2,0.9,0,0
2207.3,0.9,0,0
2207.4,0.9,0,0
2207.5,0.9,0,0
2207.6,0.9,0,0
2207.7,0.9,0,0
2207.8,0.9,0,0
2207.9,0.9,0,0
2208,0.9,0,0
2208.2,0.9,0,0
2208.3,0.9,0,0
2208.4,0.9,0,0
2208.5,0.9,0,0
2208.6,0.9,0,0
2208.7,0.9,0,0
2208.8,0.9,0,0
2208.9,0.9,0,0
2209,0.9,0,0
2209.1,0.9,0,0
2209.2,0.9,0,0
2209.3,0.9,0,0
2209.4,0.9,0,0
2209.5,0.9,0,0
2209.6,0.9,0,0
2209.8,0.9,0,0
2209.9,0.9,0,0
2210,0.9,0,0
2210.1,0.9,0,0
2210.2,0.9,0,0
2210.3,0.9,0,0
2210.4,0.9,0,0
2210.5,0.9,0,0
2210.6,0.9,0,0
2210.7,0.9,0,0
2210.8,0.9,0,0
2210.9,0.9,0,0
2211,0.9,0,0
2211.1,0.9,0,0
2211.2,0.9,0,0
2211.3,0.9,0,0
2211.5,0.9,0,0
2211.6,0.9,0,0
2211.7,0.9,0,0
2211.8,0.9,0,0
2211.9,0.9,0,0
2212,0.9,0,0
2212.1,0.9,0,0
2212.2,0.9,0,0
2212.3,0.9,0,0
2212.4,0.9,0,0
2212.5,0.9,0,0
2212.6,0.9,0,0
2212.7,0.9,0,0
2212.8,0.9,0,0
2212.9,0.9,0,0
2213.1,0.9,0,0
2213.2,0.9,0,0
2213.3,0.9,0,0
2213.4,0.9,0,0
2213.5,0.9,0,0
2213.6,0.9,0,0
2213.7,0.9,0,0
2213.8,0.9,0,0
2213.9,0.9,0,0
2214,0.9,0,0
2214.1,0.9,0,0
2214.2,0.9,0,0
2214.3,0.9,0,0
2214.4,0.9,0,0
2214.5,0.9,0,0
2214.6,0.9,0,0
2214.8,0.9,0,0
2214.9,0.9,0,0
2215,0.9,0,0
2215.1,0.9,0,0
2215.2,0.9,0,0
2215.3,0.9,0,0
2215.4,0.9,0,0
2215.5,0.9,0,0
2215.6,0.9,0,0
2215.7,0.9,0,0
2215.8,0.9,0,0
2215.9,0.9,0,0
2216,0.9,0,0
2216.1,0.9,0,0
2216.2,0.9,0,0
2216.3,0.9,0,0
2216.4,0.6,0,0
2216.6,0.9,0,0
2216.7,0.9,0,0
2216.8,0.9,0,0
2216.9,0.9,0,0
2217,0.9,0,0
2217.1,0.9,0,0
2217.2,0.9,0,0
2217.3,0.9,0,0
2217.4,0.9,0,0
2217.5,0.9,0,0
2217.6,0.9,0,0
2217.7,0.9,0,0
2217.8,0.9,0,0
2217.9,0.9,0,0
2218,0.9,0,0
2218.1,0.9,0,0
2218.3,0.9,0,0
2218.4,0.9,0,0
2218.5,0.9,0,0
2218.6,0.9,0,0
2218.7,0.9,0,0
2218.8,0.9,0,0
2218.9,0.9,0,0
2219,0.9,0,0
2219.1,0.9,0,0
2219.2,0.9,0,0
2219.3,0.9,0,0
2219.4,0.9,0,0
2219.5,0.9,0,0
2219.6,0.9,0,0
2219.7,0.9,0,0
2219.8,0.9,0,0
2220,0.9,0,0
2220.1,0.9,0,0
2220.2,0.9,0,0
2220.3,0.9,0,0
2220.4,0.9,0,0
2220.5,0.9,0,0
2220.6,0.9,0,0
2220.7,0.9,0,0
2220.8,0.9,0,0
2220.9,0.9,0,0
2221,0.9,0,0
2221.1,0.9,0,0
2221.2,0.9,0,0
2221.3,0.9,0,0
2221.4,0.9,0,0
2221.5,0.9,0,0
2221.6,0.9,0,0
2221.8,0.9,0,0
2221.9,0.9,0,0
2222,0.9,0,0
2222.1,0.9,0,0
2222.2,0.9,0,0
2222.3,0.9,0,0
2222.4,0.9,0,0
2222.5,0.9,0,0
2222.6,0.9,0,0
2222.7,0.9,0,0
2222.8,0.9,0,0
2222.9,0.9,0,0
2223,0.9,0,0
2223.1,0.9,0,0
2223.2,0.9,0,0
2223.3,0.9,0,0
2223.5,0.9,0,0
2223.6,0.9,0,0
2223.7,0.6,0,0
2223.8,0.9,0,0
2223.9,0.9,0,0
2224,0.9,0,0
2224.1,0.9,0,0
2224.2,0.9,0,0
2224.3,0.9,0,0
2224.4,0.9,0,0
2224.5,0.9,0,0
2224.6,0.9,0,0
2224.7,0.9,0,0
2224.8,0.9,0,0
2224.9,0.9,0,0
2225,0.9,0,0
2225.2,0.9,0,0
2225.3,0.9,0,0
2225.4,0.9,0,0
2225.5,0.9,0,0
2225.6,0.9,0,0
2225.7,0.9,0,0
2225.8,0.9,0,0
2225.9,0.9,0,0
2226,0.9,0,0
2226.1,0.9,0,0
2226.2,0.9,0,0
2226.3,0.9,0,0
2226.4,0.9,0,0
2226.5,0.9,0,0
2226.6,0.9,0,0
2226.7,0.9,0,0
2226.9,0.9,0,0
2227,0.9,0,0
2227.1,0.9,0,0
2227.2,0.9,0,0
2227.3,0.9,0,0
2227.4,0.9,0,0
2227.5,0.9,0,0
2227.6,0.9,0,0
2227.7,0.9,0,0
2227.8,0.9,0,0
2227.9,0.9,0,0
2228,0.9,0,0
2228.1,0.9,0,0
2228.2,0.9,0,0
2228.3,0.9,0,0
2228.4,0.9,0,0
2228.6,0.9,0,0
2228.7,0.9,0,0
2228.8,0.9,0,0
2228.9,0.9,0,0
2229,0.9,0,0
2229.1,0.9,0,0
2229.2,0.9,0,0
2229.3,0.9,0,0
2229.4,0.9,0,0
2229.5,0.9,0,0
2229.6,0.9,0,0
2229.7,0.9,0,0
2229.8,0.9,0,0
2229.9,0.9,0,0
2230,0.9,0,0
2230.2,0.9,0,0
2230.3,0.9,0,0
2230.4,0.9,0,0
2230.5,0.9,0,0
2230.6,0.9,0,0
2230.7,0.9,0,0
2230.8,0.9,0,0
2230.9,0.9,0,0
2231,0.9,0,0
2231.1,0.9,0,0
2231.2,0.9,0,0
2231.3,0.9,0,0
2231.4,0.9,0,0
2231.5,0.9,0,0
2231.6,0.9,0,0
2231.7,0.9,0,0
2231.9,0.9,0,0
2232,0.9,0,0
2232.1,0.9,0,0
2232.2,0.9,0,0
2232.3,0.9,0,0
2232.4,0.9,0,0
2232.5,0.9,0,0
2232.6,0.9,0,0
2232.7,0.9,0,0
2232.8,0.9,0,0
2232.9,0.9,0,0
2233,0.9,0,0
2233.1,0.9,0,0
2233.2,0.9,0,0
2233.3,0.9,0,0
2233.4,0.9,0,0
2233.6,0.9,0,0
2233.7,0.9,0,0
2233.8,0.9,0,0
2233.9,0.9,0,0
2234,0.9,0,0
2234.1,0.9,0,0
2234.2,0.9,0,0
2234.3,0.9,0,0
2234.4,0.9,0,0
2234.5,0.9,0,0
2234.6,0.9,0,0
2234.7,0.9,0,0
2234.8,0.9,0,0
2234.9,0.9,0,0
2235,0.9,0,0
2235.1,0.9,0,0
2235.3,0.9,0,0
2235.4,0.9,0,0
2235.5,0.9,0,0
2235.6,0.9,0,0
2235.7,0.9,0,0
2235.8,0.9,0,0
2235.9,0.9,0,0
2236,0.9,0,0
2236.1,0.9,0,0
2236.2,0.9,0,0
2236.3,0.9,0,0
2236.4,0.9,0,0
2236.5,0.9,0,0
2236.6,0.9,0,0
2236.7,0.9,0,0
2236.9,0.9,0,0
2237,0.9,0,0
2237.1,0.9,0,0
2237.2,0.9,0,0
2237.3,0.9,0,0
2237.4,0.9,0,0
2237.5,0.9,0,0
2237.6,0.9,0,0
2237.7,0.9,0,0
2237.8,0.9,0,0
2237.9,0.9,0,0
2238,0.9,0,0
2238.1,0.9,0,0
2238.2,0.9,0,0
2238.3,0.9,0,0
2238.4,0.9,0,0
2238.6,0.9,0,0
2238.7,0.9,0,0
2238.8,0.9,0,0
2238.9,0.9,0,0
2239,0.9,0,0
2239.1,0.9,0,0
2239.2,0.9,0,0
2239.3,0.9,0,0
2239.4,0.9,0,0
2239.5,0.9,0,0
2239.6,0.9,0,0
2239.7,0.9,0,0
2239.8,0.9,0,0
2239.9,0.9,0,0
2240,0.9,0,0
2240.1,0.9,0,0
2240.3,0.9,0,0
2240.4,0.9,0,0
2240.5,0.9,0,0
2240.6,0.9,0,0
2240.7,0.9,0,0
2240.8,0.9,0,0
2240.9,0.9,0,0
2241,0.9,0,0
2241.1,0.9,0,0
2241.2,0.9,0,0
2241.3,0.9,0,0
2241.4,0.9,0,0
2241.5,0.9,0,0
2241.6,0.9,0,0
2241.7,0.9,0,0
2241.8,0.9,0,0
2242,0.9,0,0
2242.1,0.9,0,0
2242.2,0.9,0,0
2242.3,0.9,0,0
2242.4,0.9,0,0
2242.5,0.9,0,0
2242.6,0.9,0,0
2242.7,0.9,0,0
2242.8,0.9,0,0
2242.9,0.9,0,0
2243,0.9,0,0
2243.1,0.9,0,0
2243.2,0.9,0,0
2243.3,0.9,0,0
2243.4,0.9,0,0
2243.5,0.9,0,0
2243.7,0.9,0,0
2243.8,0.9,0,0
2243.9,0.9,0,0
2244,0.9,0,0
2244.1,0.9,0,0
2244.2,0.9,0,0
2244.3,0.9,0,0
2244.4,0.9,0,0
2244.5,0.9,0,0
2244.6,0.9,0,0
2244.7,0.9,0,0
2244.8,0.9,0,0
2244.9,0.9,0,0
2245,0.9,0,0
2245.1,0.9,0,0
2245.3,0.9,0,0
2245.4,0.9,0,0
2245.5,0.9,0,0
2245.6,0.9,0,0
2245.7,0.9,0,0
2245.8,0.9,0,0
2245.9,0.9,0,0
2246,0.9,0,0
2246.1,0.9,0,0
2246.2,0.9,0,0
2246.3,0.9,0,0
2246.4,0.9,0,0
2246.5,0.9,0,0
2246.6,0.9,0,0
2246.7,0.9,0,0
2246.8,0.9,0,0
2247,0.9,0,0
2247.1,0.9,0,0
2247.2,0.9,0,0
2247.3,0.9,0,0
2247.4,0.9,0,0
2247.5,0.9,0,0
2247.6,0.9,0,0
2247.7,0.9,0,0
2247.8,0.9,0,0
2247.9,0.9,0,0
2248,0.9,0,0
2248.1,0.9,0,0
2248.2,0.9,0,0
2248.3,0.9,0,0
2248.4,0.9,0,0
2248.5,0.9,0,0
2248.7,0.9,0,0
2248.8,0.9,0,0
2248.9,0.9,0,0
2249,0.9,0,0
2249.1,0.9,0,0
2249.2,0.9,0,0
2249.3,0.9,0,0
2249.4,0.9,0,0
2249.5,0.9,0,0
2249.6,0.9,0,0
2249.7,0.9,0,0
2249.8,0.9,0,0
2249.9,0.9,0,0
2250,0.9,0,0
2250.1,0.9,0,0
2250.2,0.9,0,0
2250.3,0.9,0,0
2250.5,0.9,0,0
2250.6,0.9,0,0
2250.7,0.9,0,0
2250.8,0.9,0,0
2250.9,0.9,0,0
2251,0.9,0,0
2251.1,0.9,0,0
2251.2,0.9,0,0
2251.3,0.9,0,0
2251.4,0.9,0,0
2251.5,0.9,0,0
2251.6,0.9,0,0
2251.7,0.9,0,0
2251.8,0.9,0,0
2251.9,0.9,0,0
2252.1,0.9,0,0
2252.2,0.9,0,0
2252.3,0.9,0,0
2252.4,0.9,0,0
2252.5,0.9,0,0
2252.6,0.9,0,0
2252.7,0.9,0,0
2252.8,0.9,0,0
2252.9,0.6,0,0
2253,0.9,0,0
2253.1,0.9,0,0
2253.2,0.9,0,0
2253.3,0.9,0,0
2253.4,0.9,0,0
2253.5,0.9,0,0
2253.6,0.9,0,0
2253.8,0.9,0,0
2253.9,0.9,0,0
2254,0.9,0,0
2254.1,0.9,0,0
2254.2,0.9,0,0
2254.3,0.9,0,0
2254.4,0.9,0,0
2254.5,0.9,0,0
2254.6,0.9,0,0
2254.7,0.9,0,0
2254.8,0.9,0,0
2254.9,0.9,0,0
2255,0.9,0,0
2255.1,0.9,0,0
2255.2,0.9,0,0
2255.3,0.9,0,0
2255.5,0.9,0,0
2255.6,0.9,0,0
2255.7,0.9,0,0
2255.8,0.9,0,0
2255.9,0.9,0,0
2256,0.9,0,0
2256.1,0.9,0,0
2256.2,0.9,0,0
2256.3,0.9,0,0
2256.4,0.9,0,0
2256.5,0.9,0,0
2256.6,0.9,0,0
2256.7,0.9,0,0
2256.8,0.9,0,0
2256.9,0.9,0,0
2257,0.9,0,0
2257.1,0.9,0,0
2257.3,0.9,0,0
2257.4,0.9,0,0
2257.5,0.9,0,0
2257.6,0.9,0,0
2257.7,0.9,0,0
2257.8,0.9,0,0
2257.9,0.9,0,0
2258,0.6,0,0
2258.1,0.9,0,0
2258.2,0.9,0,0
2258.3,0.9,0,0
2258.4,0.9,0,0
2258.5,0.9,0,0
2258.6,0.9,0,0
2258.7,0.9,0,0
2258.8,0.9,0,0
2259,0.9,0,0
2259.1,0.9,0,0
2259.2,0.9,0,0
2259.3,0.9,0,0
2259.4,0.9,0,0
2259.5,0.9,0,0
2259.6,0.9,0,0
2259.7,0.9,0,0
2259.8,0.9,0,0
2259.9,0.9,0,0
2260,0.9,0,0
2260.1,0.9,0,0
2260.2,0.9,0,0
2260.3,0.9,0,0
2260.4,0.9,0,0
2260.5,0.9,0,0
2260.7,0.9,0,0
2260.8,0.9,0,0
2260.9,0.9,0,0
2261,0.9,0,0
2261.1,0.9,0,0
2261.2,0.9,0,0
2261.3,0.9,0,0
2261.4,0.9,0,0
2261.5,0.9,0,0
2261.6,0.9,0,0
2261.7,0.9,0,0
2261.8,0.9,0,0
2261.9,0.9,0,0
2262,0.9,0,0
2262.1,0.9,0,0
2262.2,0.9,0,0
2262.4,0.9,0,0
2262.5,0.9,0,0
2262.6,0.9,0,0
2262.7,0.9,0,0
2262.8,0.9,0,0
2262.9,0.9,0,0
2263,0.9,0,0
2263.1,0.9,0,0
2263.2,0.9,0,0
2263.3,0.9,0,0
2263.4,0.9,0,0
2263.5,0.9,0,0
2263.6,0.9,0,0
2263.7,0.9,0,0
2263.8,0.9,0,0
2263.9,0.9,0,0
2264.1,0.9,0,0
2264.2,0.9,0,0
2264.3,0.9,0,0
2264.4,0.9,0,0
2264.5,0.9,0,0
2264.6,0.9,0,0
2264.7,0.9,0,0
2264.8,0.9,0,0
2264.9,0.9,0,0
2265,0.9,0,0
2265.2,0.9,0,0
2265.3,0.9,0,0
2265.4,0.9,0,0
2265.5,0.9,0,0
2265.6,0.9,0,0
2265.7,0.9,0,0
2265.9,0.9,0,0
2266,0.9,0,0
2266.1,0.9,0,0
2266.2,0.9,0,0
2266.3,0.9,0,0
2266.4,0.9,0,0
2266.6,0.9,0,0
2266.7,0.9,0,0
2266.8,0.9,0,0
2266.9,0.9,0,0
2267,0.9,0,0
2267.1,0.9,0,0
2267.3,0.9,0,0
2267.4,0.9,0,0
2267.5,0.9,0,0
2267.6,1.1,0,0
2267.7,0.9,0,0
2267.8,0.9,0,0
2268,0.9,0,0
2268.1,0.9,0,0
2268.2,0.9,0,0
2268.3,0.9,0,0
2268.4,0.9,0,0
2268.5,0.9,0,0
2268.7,0.9,0,0
2268.8,0.9,0,0
2268.9,0.9,0,0
2269,0.9,0,0
2269.1,0.9,0,0
2269.2,0.9,0,0
2269.4,0.9,0,0
2269.5,0.9,0,0
2269.6,0.9,0,0
2269.7,0.9,0,0
2269.8,0.9,0,0
2269.9,0.9,0,0
2270,0.9,0,0
2270.1,0.9,0,0
2270.2,0.9,0,0
2270.4,0.9,0,0
2270.5,0.9,0,0
2270.6,0.9,0,0
2270.7,0.9,0,0
2270.8,0.9,0,0
2270.9,0.9,0,0
2271,0.9,0,0
2271.1,0.9,0,0
2271.2,0.9,0,0
2271.3,0.9,0,0
2271.4,0.9,0,0
2271.5,0.9,0,0
2271.6,0.9,0,0
2271.7,0.9,0,0
2271.8,0.9,0,0
2271.9,0.9,0,0
2272.1,0.9,0,0
2272.2,0.9,0,0
2272.3,0.9,0,0
2272.4,0.9,0,0
2272.5,0.9,0,0
2272.6,0.9,0,0
2272.7,0.9,0,0
2272.8,0.9,0,0
2272.9,0.9,0,0
2273,0.9,0,0
2273.1,0.9,0,0
2273.2,0.9,0,0
2273.3,0.9,0,0
2273.4,0.9,0,0
2273.5,0.9,0,0
2273.7,0.9,0,0
2273.8,0.9,0,0
2273.9,0.9,0,0
2274,0.9,0,0
2274.1,0.9,0,0
2274.2,0.9,0,0
2274.3,0.9,0,0
2274.4,0.9,0,0
2274.5,0.9,0,0
2274.6,0.9,0,0
2274.7,0.9,0,0
2274.8,0.9,0,0
2274.9,0.9,0,0
2275,0.9,0,0
2275.1,0.9,0,0
2275.2,0.9,0,0
2275.4,0.9,0,0
2275.5,0.9,0,0
2275.6,0.9,0,0
2275.7,0.9,0,0
2275.8,0.9,0,0
2275.9,0.9,0,0
2276,0.9,0,0
2276.1,0.9,0,0
2276.2,0.9,0,0
2276.3,0.9,0,0
2276.4,0.9,0,0
2276.5,0.9,0,0
2276.6,0.9,0,0
2276.7,0.9,0,0
2276.8,0.9,0,0
2276.9,0.9,0,0
2277.1,0.9,0,0
2277.2,0.9,0,0
2277.3,0.9,0,0
2277.4,0.9,0,0
2277.5,0.9,0,0
2277.6,0.9,0,0
2277.7,0.9,0,0
2277.8,0.9,0,0
2277.9,0.9,0,0
2278,0.9,0,0
2278.1,0.9,0,0
2278.2,0.9,0,0
2278.3,0.9,0,0
2278.4,0.9,0,0
2278.5,0.9,0,0
2278.7,0.9,0,0
2278.8,0.9,0,0
2278.9,0.9,0,0
2279,0.9,0,0
2279.1,0.9,0,0
2279.2,0.9,0,0
2279.3,0.9,0,0
2279.4,0.9,0,0
2279.5,0.9,0,0
2279.6,0.9,0,0
2279.7,0.9,0,0
2279.8,0.9,0,0
2279.9,0.9,0,0
2280,0.9,0,0
2280.1,0.9,0,0
2280.2,0.9,0,0
2280.4,0.9,0,0
2280.5,0.9,0,0
2280.6,0.9,0,0
2280.7,0.9,0,0
2280.8,0.9,0,0
2280.9,0.9,0,0
2281,0.9,0,0
2281.1,0.9,0,0
2281.2,0.9,0,0
2281.3,0.9,0,0
2281.4,0.9,0,0
2281.5,0.9,0,0
2281.6,0.9,0,0
2281.7,0.9,0,0
2281.8,0.9,0,0
2281.9,0.9,0,0
2282.1,0.9,0,0
2282.2,0.9,0,0
2282.3,0.6,0,0
2282.4,0.9,0,0
2282.5,0.9,0,0
2282.6,0.9,0,0
2282.7,0.9,0,0
2282.8,0.9,0,0
2282.9,0.9,0,0
2283,0.9,0,0
2283.1,0.9,0,0
2283.2,0.9,0,0
2283.3,0.9,0,0
2283.4,0.9,0,0
2283.5,0.9,0,0
2283.6,0.9,0,0
2283.8,0.9,0,0
2283.9,0.9,0,0
2284,0.9,0,0
2284.1,0.9,0,0
2284.2,0.9,0,0
2284.3,0.9,0,0
2284.4,0.9,0,0
2284.5,0.9,0,0
2284.6,0.9,0,0
2284.7,0.9,0,0
2284.8,0.9,0,0
2284.9,0.9,0,0
2285,0.9,0,0
2285.1,0.9,0,0
2285.2,0.9,0,0
2285.4,0.6,0,0
2285.5,0.9,0,0
2285.6,0.9,0,0
2285.7,0.9,0,0
2285.8,0.9,0,0
2285.9,0.9,0,0
2286,0.9,0,0
2286.1,0.9,0,0
2286.2,0.9,0,0
2286.3,0.9,0,0
2286.4,0.9,0,0
2286.5,0.9,0,0
2286.6,0.9,0,0
2286.7,0.9,0,0
2286.8,0.9,0,0
2286.9,0.9,0,0
2287.1,0.9,0,0
2287.2,0.9,0,0
2287.3,0.9,0,0
2287.4,0.9,0,0
2287.5,0.9,0,0
2287.6,0.9,0,0
2287.7,0.9,0,0
2287.8,0.9,0,0
2287.9,0.9,0,0
2288,0.9,0,0
2288.1,0.9,0,0
2288.2,0.9,0,0
2288.3,0.9,0,0
2288.4,0.6,0,0
2288.5,0.9,0,0
2288.6,0.9,0,0
2288.8,0.9,0,0
2288.9,0.9,0,0
2289,0.9,0,0
2289.1,0.9,0,0
2289.2,0.9,0,0
2289.3,0.9,0,0
2289.4,0.9,0,0
2289.5,0.9,0,0
2289.6,0.9,0,0
2289.7,0.9,0,0
2289.8,0.9,0,0
2289.9,0.9,0,0
2290,0.9,0,0
2290.1,0.9,0,0
2290.2,0.9,0,0
2290.3,0.9,0,0
2290.5,0.6,0,0
2290.6,0.9,0,0
2290.7,0.9,0,0
2290.8,0.9,0,0
2290.9,0.9,0,0
2291,0.9,0,0
2291.1,0.9,0,0
2291.2,0.9,0,0
2291.3,0.9,0,0
2291.4,0.9,0,0
2291.5,0.9,0,0
2291.6,0.9,0,0
2291.7,0.9,0,0
2291.8,0.9,0,0
2291.9,0.9,0,0
2292,0.9,0,0
2292.1,0.9,0,0
2292.3,0.9,0,0
2292.4,0.9,0,0
2292.5,0.9,0,0
2292.6,0.9,0,0
2292.7,0.9,0,0
2292.8,0.9,0,0
2292.9,0.9,0,0
2293,0.9,0,0
2293.1,0.9,0,0
2293.2,0.9,0,0
2293.3,0.9,0,0
2293.4,0.9,0,0
2293.5,0.9,0,0
2293.6,0.9,0,0
2293.7,0.9,0,0
2293.8,0.9,0,0
2293.9,0.9,0,0
2294.1,0.9,0,0
2294.2,0.9,0,0
2294.3,0.9,0,0
2294.4,0.9,0,0
2294.5,0.9,0,0
2294.6,0.9,0,0
2294.7,0.9,0,0
2294.8,0.9,0,0
2294.9,0.9,0,0
2295,0.9,0,0
2295.1,0.9,0,0
2295.2,0.9,0,0
2295.3,0.9,0,0
2295.4,0.9,0,0
2295.5,0.9,0,0
2295.6,0.9,0,0
2295.8,0.9,0,0
2295.9,0.9,0,0
2296,0.9,0,0
2296.1,0.9,0,0
2296.2,0.9,0,0
2296.3,0.9,0,0
2296.4,0.9,0,0
2296.5,0.9,0,0
2296.6,0.9,0,0
2296.7,0.9,0,0
2296.8,0.9,0,0
2296.9,0.9,0,0
2297,0.9,0,0
2297.1,0.9,0,0
2297.2,0.9,0,0
2297.3,0.9,0,0
2297.5,0.9,0,0
2297.6,0.9,0,0
2297.7,0.9,0,0
2297.8,0.9,0,0
2297.9,0.9,0,0
2298,0.9,0,0
2298.1,0.9,0,0
2298.2,0.9,0,0
2298.3,0.9,0,0
2298.4,0.9,0,0
2298.5,0.9,0,0
2298.6,0.9,0,0
2298.7,0.9,0,0
2298.8,0.9,0,0
2298.9,0.9,0,0
2299,0.9,0,0
2299.2,0.9,0,0
2299.3,0.9,0,0
2299.4,0.9,0,0
2299.5,0.9,0,0
2299.6,0.9,0,0
2299.7,0.9,0,0
2299.8,0.9,0,0
2299.9,0.9,0,0
2300,0.9,0,0
2300.1,0.9,0,0
2300.2,0.9,0,0
2300.3,0.9,0,0
2300.4,0.9,0,0
2300.5,0.9,0,0
2300.6,0.9,0,0
2300.7,0.6,0,0
2300.8,0.9,0,0
2301,0.9,0,0
2301.1,0.9,0,0
2301.2,0.9,0,0
2301.3,0.9,0,0
2301.4,0.9,0,0
2301.5,0.9,0,0
2301.6,0.9,0,0
2301.7,0.9,0,0
2301.8,0.9,0,0
2301.9,0.9,0,0
2302,0.9,0,0
2302.1,0.9,0,0
2302.2,0.9,0,0
2302.3,0.9,0,0
2302.4,0.9,0,0
2302.5,0.9,0,0
2302.7,0.9,0,0
2302.8,0.9,0,0
2302.9,0.9,0,0
2303,0.9,0,0
2303.1,0.9,0,0
2303.2,0.9,0,0
2303.3,0.9,0,0
2303.4,0.9,0,0
2303.5,0.9,0,0
2303.6,0.9,0,0
2303.7,0.9,0,0
2303.8,0.9,0,0
2303.9,0.9,0,0
2304,0.9,0,0
2304.1,0.9,0,0
2304.2,0.9,0,0
2304.4,0.9,0,0
2304.5,0.9,0,0
2304.6,0.9,0,0
2304.7,0.9,0,0
2304.8,0.9,0,0
2304.9,0.9,0,0
2305,0.9,0,0
2305.1,0.9,0,0
2305.2,0.9,0,0
2305.3,0.9,0,0
2305.4,0.9,0,0
2305.5,0.9,0,0
2305.6,0.9,0,0
2305.7,0.9,0,0
2305.8,0.6,0,0
2305.9,0.9,0,0
2306.1,0.9,0,0
2306.2,0.9,0,0
2306.3,0.9,0,0
2306.4,0.9,0,0
2306.5,0.9,0,0
2306.6,0.9,0,0
2306.7,0.9,0,0
2306.8,0.9,0,0
2306.9,0.9,0,0
2307,0.9,0,0
2307.1,0.9,0,0
2307.2,0.9,0,0
2307.3,0.9,0,0
2307.4,0.9,0,0
2307.5,0.9,0,0
2307.6,0.9,0,0
2307.8,0.9,0,0
2307.9,0.6,0,0
2308,0.9,0,0
2308.1,0.9,0,0
2308.2,0.9,0,0
2308.3,0.9,0,0
2308.4,0.9,0,0
2308.5,0.9,0,0
2308.6,0.9,0,0
2308.7,0.9,0,0
2308.8,0.9,0,0
2308.9,0.9,0,0
2309,0.9,0,0
2309.1,1.1,0,0
2309.2,0.9,0,0
2309.3,0.9,0,0
2309.5,0.9,0,0
2309.6,0.9,0,0
2309.7,0.9,0,0
2309.8,0.9,0,0
2309.9,0.9,0,0
2310,0.9,0,0
2310.1,0.9,0,0
2310.2,0.9,0,0
2310.3,0.9,0,0
2310.4,0.9,0,0
2310.5,0.9,0,0
2310.6,0.9,0,0
2310.7,0.9,0,0
2310.8,0.9,0,0
2310.9,0.9,0,0
2311,0.9,0,0
2311.2,0.9,0,0
2311.3,0.9,0,0
2311.4,0.9,0,0
2311.5,0.9,0,0
2311.6,0.9,0,0
2311.7,0.9,0,0
2311.8,0.9,0,0
2311.9,0.9,0,0
2312,0.9,0,0
2312.1,0.9,0,0
2312.2,0.9,0,0
2312.3,0.9,0,0
2312.4,0.9,0,0
2312.5,0.9,0,0
2312.6,0.9,0,0
2312.7,0.9,0,0
2312.8,0.9,0,0
2313,0.9,0,0
2313.1,0.9,0,0
2313.2,0.9,0,0
2313.3,0.9,0,0
2313.4,0.9,0,0
2313.5,0.6,0,0
2313.6,0.9,0,0
2313.7,0.9,0,0
2313.8,0.9,0,0
2313.9,0.9,0,0
2314,0.9,0,0
2314.1,0.9,0,0
2314.2,0.9,0,0
2314.3,0.9,0,0
2314.4,0.9,0,0
2314.5,0.9,0,0
2314.7,0.9,0,0
2314.8,0.9,0,0
2314.9,0.9,0,0
2315,0.9,0,0
2315.1,0.9,0,0
2315.2,0.9,0,0
2315.3,0.9,0,0
2315.4,0.9,0,0
2315.5,0.9,0,0
2315.6,0.9,0,0
2315.7,0.9,0,0
2315.8,0.9,0,0
2315.9,0.9,0,0
2316,0.9,0,0
2316.1,0.9,0,0
2316.2,0.9,0,0
2316.3,0.9,0,0
2316.5,0.9,0,0
2316.6,0.9,0,0
2316.7,0.9,0,0
2316.8,0.9,0,0
2316.9,0.9,0,0
2317,0.9,0,0
2317.1,0.9,0,0
2317.2,0.9,0,0
2317.3,0.9,0,0
2317.4,0.9,0,0
2317.5,0.9,0,0
2317.6,0.9,0,0
2317.7,0.9,0,0
2317.8,0.9,0,0
2317.9,0.9,0,0
2318,0.9,0,0
2318.2,0.9,0,0
2318.3,0.9,0,0
2318.4,0.9,0,0
2318.5,0.9,0,0
2318.6,0.9,0,0
2318.7,0.9,0,0
2318.8,0.9,0,0
2318.9,0.9,0,0
2319,0.9,0,0
2319.1,0.9,0,0
2319.2,0.9,0,0
2319.3,0.9,0,0
2319.4,0.9,0,0
2319.5,0.9,0,0
2319.6,0.9,0,0
2319.7,0.9,0,0
2319.9,0.9,0,0
2320,0.9,0,0
2320.1,0.9,0,0
2320.2,0.9,0,0
2320.3,0.9,0,0
2320.4,0.9,0,0
2320.5,0.9,0,0
2320.6,0.9,0,0
2320.7,0.9,0,0
2320.8,0.9,0,0
2320.9,0.9,0,0
2321,0.9,0,0
2321.1,0.9,0,0
2321.2,0.9,0,0
2321.3,0.9,0,0
2321.4,0.9,0,0
2321.6,0.9,0,0
2321.7,0.9,0,0
2321.8,0.9,0,0
2321.9,0.9,0,0
2322,0.9,0,0
2322.1,0.9,0,0
2322.2,0.9,0,0
2322.3,0.9,0,0
2322.4,0.9,0,0
2322.5,0.9,0,0
2322.6,0.9,0,0
2322.7,0.9,0,0
2322.8,0.9,0,0
2322.9,0.9,0,0
2323,0.9,0,0
2323.1,0.9,0,0
2323.2,0.9,0,0
2323.4,0.9,0,0
2323.5,0.9,0,0
2323.6,0.9,0,0
2323.7,0.9,0,0
2323.8,0.6,0,0
2323.9,0.9,0,0
2324,0.9,0,0
2324.1,0.9,0,0
2324.2,0.9,0,0
2324.3,0.9,0,0
2324.4,0.9,0,0
2324.5,0.9,0,0
2324.6,0.9,0,0
2324.7,0.9,0,0
2324.8,0.9,0,0
2324.9,0.9,0,0
2325.1,0.9,0,0
2325.2,0.9,0,0
2325.3,0.9,0,0
2325.4,0.9,0,0
2325.5,0.9,0,0
2325.6,0.9,0,0
2325.7,0.9,0,0
2325.8,0.9,0,0
2325.9,0.9,0,0
2326,0.9,0,0
2326.1,0.9,0,0
2326.2,0.9,0,0
2326.3,0.9,0,0
2326.4,0.9,0,0
2326.5,0.9,0,0
2326.6,0.9,0,0
2326.8,0.9,0,0
2326.9,0.9,0,0
2327,0.9,0,0
2327.1,0.9,0,0
2327.2,0.9,0,0
2327.3,0.9,0,0
2327.4,0.9,0,0
2327.5,0.9,0,0
2327.6,0.9,0,0
2327.7,0.9,0,0
2327.8,0.9,0,0
2327.9,0.9,0,0
2328,0.9,0,0
2328.1,0.9,0,0
2328.2,0.9,0,0
2328.3,0.9,0,0
2328.4,0.9,0,0
2328.6,0.9,0,0
2328.7,0.9,0,0
2328.8,0.9,0,0
2328.9,0.9,0,0
2329,0.9,0,0
2329.1,0.9,0,0
2329.2,0.9,0,0
2329.3,0.9,0,0
2329.4,0.9,0,0
2329.5,0.9,0,0
2329.6,0.9,0,0
2329.7,0.9,0,0
2329.8,0.9,0,0
2329.9,0.9,0,0
2330,0.9,0,0
2330.1,0.9,0,0
2330.3,0.9,0,0
2330.4,0.9,0,0
2330.5,0.9,0,0
2330.6,0.9,0,0
2330.7,0.9,0,0
2330.8,0.9,0,0
2330.9,0.9,0,0
2331,0.9,0,0
2331.1,0.9,0,0
2331.2,0.9,0,0
2331.3,0.9,0,0
2331.4,0.9,0,0
2331.5,0.9,0,0
2331.6,0.9,0,0
2331.7,0.9,0,0
2331.8,0.9,0,0
2331.9,0.6,0,0
2332.1,0.9,0,0
2332.2,0.9,0,0
2332.3,0.9,0,0
2332.4,0.9,0,0
2332.5,0.9,0,0
2332.6,0.9,0,0
2332.7,0.9,0,0
2332.8,0.9,0,0
2332.9,0.9,0,0
2333,0.9,0,0
2333.1,0.9,0,0
2333.2,0.9,0,0
2333.3,0.9,0,0
2333.4,0.9,0,0
2333.5,0.9,0,0
2333.6,0.9,0,0
2333.8,0.9,0,0
2333.9,0.9,0,0
2334,0.9,0,0
2334.1,0.9,0,0
2334.2,0.9,0,0
2334.3,0.9,0,0
2334.4,0.9,0,0
2334.5,0.9,0,0
2334.6,0.9,0,0
2334.7,0.9,0,0
2334.8,0.9,0,0
2334.9,0.9,0,0
2335,0.9,0,0
2335.1,0.9,0,0
2335.2,0.9,0,0
2335.3,0.9,0,0
2335.5,0.9,0,0
2335.6,0.9,0,0
2335.7,0.9,0,0
2335.8,0.9,0,0
2335.9,0.9,0,0
2336,0.9,0,0
2336.1,0.9,0,0
2336.2,0.9,0,0
2336.3,0.9,0,0
2336.4,0.9,0,0
2336.5,0.9,0,0
2336.6,0.9,0,0
2336.7,0.9,0,0
2336.8,0.9,0,0
2336.9,0.9,0,0
2337,0.9,0,0
2337.2,0.9,0,0
2337.3,0.9,0,0
2337.4,0.9,0,0
2337.5,0.9,0,0
2337.6,0.9,0,0
2337.7,0.9,0,0
2337.8,0.9,0,0
2337.9,0.9,0,0
2338,0.9,0,0
2338.1,0.9,0,0
2338.2,0.9,0,0
2338.3,0.9,0,0
2338.4,0.9,0,0
2338.5,0.9,0,0
2338.6,0.9,0,0
2338.7,0.9,0,0
2338.8,0.9,0,0
2339,0.9,0,0
2339.1,0.9,0,0
2339.2,0.9,0,0
2339.3,0.9,0,0
2339.4,0.9,0,0
2339.5,0.9,0,0
2339.6,0.9,0,0
2339.7,0.9,0,0
2339.8,0.9,0,0
2339.9,0.9,0,0
2340,0.9,0,0
2340.1,0.9,0,0
2340.2,0.9,0,0
2340.3,0.9,0,0
2340.4,0.9,0,0
2340.5,0.9,0,0
2340.7,0.9,0,0
2340.8,0.9,0,0
2340.9,0.9,0,0
2341,0.9,0,0
2341.1,0.9,0,0
2341.2,0.9,0,0
2341.3,0.9,0,0
2341.4,0.9,0,0
2341.5,0.9,0,0
2341.6,0.9,0,0
2341.7,0.9,0,0
2341.8,0.9,0,0
2341.9,0.9,0,0
2342,0.9,0,0
2342.1,0.9,0,0
2342.3,0.9,0,0
2342.4,0.9,0,0
2342.5,0.9,0,0
2342.6,0.9,0,0
2342.7,0.9,0,0
2342.8,0.9,0,0
2342.9,0.9,0,0
2343,0.9,0,0
2343.1,0.9,0,0
2343.2,0.9,0,0
2343.3,0.9,0,0
2343.4,0.9,0,0
2343.5,0.9,0,0
2343.6,0.9,0,0
2343.7,0.9,0,0
2343.8,0.9,0,0
2343.9,0.9,0,0
2344.1,0.9,0,0
2344.2,0.9,0,0
2344.3,0.9,0,0
2344.4,0.9,0,0
2344.5,0.9,0,0
2344.6,0.9,0,0
2344.7,0.9,0,0
2344.8,0.9,0,0
2344.9,0.9,0,0
2345,0.9,0,0
2345.1,0.9,0,0
2345.2,0.9,0,0
2345.3,0.9,0,0
2345.4,0.9,0,0
2345.5,0.9,0,0
2345.6,0.9,0,0
2345.8,0.9,0,0
2345.9,0.9,0,0
2346,0.9,0,0
2346.1,0.9,0,0
2346.2,0.9,0,0
2346.3,0.9,0,0
2346.4,0.9,0,0
2346.5,0.9,0,0
2346.6,0.9,0,0
2346.7,0.9,0,0
2346.8,0.9,0,0
2346.9,0.9,0,0
2347,0.9,0,0
2347.1,0.9,0,0
2347.2,0.9,0,0
2347.3,0.9,0,0
2347.5,0.9,0,0
2347.6,0.9,0,0
2347.7,0.9,0,0
2347.8,0.9,0,0
2347.9,0.9,0,0
2348,0.9,0,0
2348.1,0.9,0,0
2348.2,0.9,0,0
2348.3,0.9,0,0
2348.4,0.9,0,0
2348.5,0.9,0,0
2348.6,0.9,0,0
2348.7,0.9,0,0
2348.8,0.9,0,0
2348.9,0.9,0,0
2349,0.9,0,0
2349.2,0.9,0,0
2349.3,0.9,0,0
2349.4,0.6,0,0
2349.5,0.9,0,0
2349.6,0.9,0,0
2349.7,0.9,0,0
2349.8,0.9,0,0
2349.9,0.9,0,0
2350,0.9,0,0
2350.1,0.9,0,0
2350.2,0.9,0,0
2350.3,0.9,0,0
2350.4,0.9,0,0
2350.5,0.9,0,0
2350.6,0.9,0,0
2350.7,0.9,0,0
2350.9,0.9,0,0
2351,0.9,0,0
2351.1,0.9,0,0
2351.2,0.9,0,0
2351.3,0.9,0,0
2351.4,0.9,0,0
2351.5,0.9,0,0
2351.6,0.9,0,0
2351.7,0.9,0,0
2351.8,0.9,0,0
2351.9,0.9,0,0
2352,0.9,0,0
2352.1,0.9,0,0
2352.2,0.9,0,0
2352.3,0.9,0,0
2352.4,0.9,0,0
2352.6,0.9,0,0
2352.7,0.9,0,0
2352.8,0.9,0,0
2352.9,0.9,0,0
2353,0.9,0,0
2353.1,0.9,0,0
2353.2,0.9,0,0
2353.3,0.6,0,0
2353.4,0.9,0,0
2353.5,0.9,0,0
2353.6,0.9,0,0
2353.7,0.9,0,0
2353.8,0.9,0,0
2353.9,0.9,0,0
2354,0.9,0,0
2354.1,0.9,0,0
2354.3,0.9,0,0
2354.4,0.9,0,0
2354.5,0.9,0,0
2354.6,0.9,0,0
2354.7,0.9,0,0
2354.8,0.9,0,0
2354.9,0.9,0,0
2355,0.9,0,0
2355.1,0.9,0,0
2355.2,0.9,0,0
2355.3,0.6,0,0
2355.4,0.9,0,0
2355.5,0.9,0,0
2355.6,0.9,0,0
2355.7,0.9,0,0
2355.8,0.9,0,0
2356,0.9,0,0
2356.1,0.9,0,0
2356.2,0.9,0,0
2356.3,0.9,0,0
2356.4,0.9,0,0
2356.5,0.9,0,0
2356.6,0.9,0,0
2356.7,0.9,0,0
2356.8,0.9,0,0
2356.9,0.9,0,0
2357,0.9,0,0
2357.1,0.9,0,0
2357.2,0.9,0,0
2357.3,0.9,0,0
2357.4,0.9,0,0
2357.5,0.9,0,0
2357.7,0.9,0,0
2357.8,0.9,0,0
2357.9,0.9,0,0
2358,0.9,0,0
2358.1,0.9,0,0
2358.2,0.9,0,0
2358.3,0.9,0,0
2358.4,0.9,0,0
2358.5,0.9,0,0
2358.6,0.9,0,0
2358.7,0.9,0,0
2358.8,0.9,0,0
2358.9,0.9,0,0
2359,0.9,0,0
2359.1,0.9,0,0
2359.2,0.9,0,0
2359.4,0.9,0,0
2359.5,0.9,0,0
2359.6,0.9,0,0
2359.7,0.9,0,0
2359.8,0.9,0,0
2359.9,0.9,0,0
2360,0.9,0,0
2360.1,0.9,0,0
2360.2,0.9,0,0
2360.3,0.9,0,0
2360.4,0.9,0,0
2360.5,0.9,0,0
2360.6,0.9,0,0
2360.7,0.9,0,0
2360.8,0.9,0,0
2360.9,0.9,0,0
2361.1,0.9,0,0
2361.2,0.9,0,0
2361.3,0.9,0,0
2361.4,0.9,0,0
2361.5,0.9,0,0
2361.6,0.9,0,0
2361.7,0.9,0,0
2361.8,0.9,0,0
2361.9,0.9,0,0
2362,0.6,0,0
2362.1,0.9,0,0
2362.2,0.9,0,0
2362.3,0.9,0,0
2362.4,0.9,0,0
2362.5,0.9,0,0
2362.6,0.9,0,0
2362.7,0.9,0,0
2362.9,0.9,0,0
2363,0.9,0,0
2363.1,0.9,0,0
2363.2,0.9,0,0
2363.3,0.9,0,0
2363.4,0.9,0,0
2363.5,0.9,0,0
2363.6,0.9,0,0
2363.7,0.9,0,0
2363.8,0.9,0,0
2363.9,0.9,0,0
2364,0.9,0,0
2364.1,0.9,0,0
2364.2,0.9,0,0
2364.3,0.9,0,0
2364.4,0.9,0,0
2364.6,0.9,0,0
2364.7,0.9,0,0
2364.8,0.9,0,0
2364.9,0.9,0,0
2365,0.9,0,0
2365.1,0.9,0,0
2365.2,0.9,0,0
2365.3,0.9,0,0
2365.4,0.9,0,0
2365.5,0.9,0,0
2365.6,0.9,0,0
2365.7,0.9,0,0
2365.8,0.9,0,0
2365.9,0.9,0,0
2366,0.9,0,0
2366.1,0.9,0,0
2366.3,0.9,0,0
2366.4,0.9,0,0
2366.5,0.9,0,0
2366.6,0.9,0,0
2366.7,0.9,0,0
2366.8,0.9,0,0
2366.9,0.9,0,0
2367,0.9,0,0
2367.1,0.6,0,0
2367.2,0.9,0,0
2367.3,0.9,0,0
2367.4,0.9,0,0
2367.5,0.9,0,0
2367.6,0.9,0,0
2367.7,0.9,0,0
2367.8,0.9,0,0
2367.9,0.9,0,0
2368.1,0.9,0,0
2368.2,0.9,0,0
2368.3,0.9,0,0
2368.4,0.9,0,0
2368.5,0.9,0,0
2368.6,0.9,0,0
2368.7,0.9,0,0
2368.8,0.9,0,0
2368.9,0.9,0,0
2369,0.9,0,0
2369.1,0.9,0,0
2369.2,0.9,0,0
2369.3,0.9,0,0
2369.4,0.9,0,0
2369.5,0.9,0,0
2369.6,0.9,0,0
2369.8,0.9,0,0
2369.9,0.9,0,0
2370,0.9,0,0
2370.1,0.9,0,0
2370.2,0.9,0,0
2370.3,0.9,0,0
2370.4,0.9,0,0
2370.5,0.9,0,0
2370.6,0.9,0,0
2370.7,0.9,0,0
2370.8,0.9,0,0
2370.9,0.9,0,0
2371,0.9,0,0
2371.1,0.9,0,0
2371.2,0.9,0,0
2371.3,0.9,0,0
2371.5,0.9,0,0
2371.6,0.9,0,0
2371.7,0.9,0,0
2371.8,0.9,0,0
2371.9,0.9,0,0
2372,0.9,0,0
2372.1,0.9,0,0
2372.2,0.9,0,0
2372.3,0.9,0,0
2372.4,0.9,0,0
2372.5,0.9,0,0
2372.6,0.9,0,0
2372.7,0.9,0,0
2372.8,0.9,0,0
2372.9,0.9,0,0
2373,0.9,0,0
2373.2,0.9,0,0
2373.3,0.9,0,0
2373.4,0.9,0,0
2373.5,0.9,0,0
2373.6,0.9,0,0
2373.7,0.9,0,0
2373.8,0.9,0,0
2373.9,0.9,0,0
2374,0.9,0,0
2374.1,0.9,0,0
2374.2,0.9,0,0
2374.3,0.9,0,0
2374.4,0.9,0,0
2374.5,0.9,0,0
2374.6,0.9,0,0
2374.7,0.9,0,0
2374.9,0.9,0,0
2375,0.9,0,0
2375.1,0.9,0,0
2375.2,0.9,0,0
2375.3,0.9,0,0
2375.4,0.9,0,0
2375.5,0.9,0,0
2375.6,0.9,0,0
2375.7,0.9,0,0
2375.8,0.9,0,0
2375.9,0.9,0,0
2376,0.9,0,0
2376.1,0.9,0,0
2376.2,0.9,0,0
2376.3,0.9,0,0
2376.4,0.9,0,0
2376.6,0.9,0,0
2376.7,0.9,0,0
2376.8,0.9,0,0
2376.9,0.9,0,0
2377,0.9,0,0
2377.1,0.9,0,0
2377.2,0.9,0,0
2377.3,0.9,0,0
2377.4,0.9,0,0
2377.5,0.9,0,0
2377.6,0.9,0,0
2377.7,0.9,0,0
2377.8,0.9,0,0
2377.9,0.9,0,0
2378,0.9,0,0
2378.1,0.9,0,0
2378.3,0.9,0,0
2378.4,0.9,0,0
2378.5,0.9,0,0
2378.6,0.9,0,0
2378.7,0.9,0,0
2378.8,0.9,0,0
2378.9,0.9,0,0
2379,0.9,0,0
2379.1,0.9,0,0
2379.2,0.9,0,0
2379.3,0.9,0,0
2379.4,0.6,0,0
2379.5,0.9,0,0
2379.6,0.9,0,0
2379.7,0.9,0,0
2379.8,0.9,0,0
2380,0.9,0,0
2380.1,0.9,0,0
2380.2,0.9,0,0
2380.3,0.9,0,0
2380.4,0.9,0,0
2380.5,0.9,0,0
2380.6,0.9,0,0
2380.7,0.9,0,0
2380.8,0.9,0,0
2380.9,0.9,0,0
2381,0.9,0,0
2381.1,0.9,0,0
2381.2,0.9,0,0
2381.3,0.9,0,0
2381.4,0.9,0,0
2381.5,0.9,0,0
2381.7,0.9,0,0
2381.8,0.9,0,0
2381.9,0.9,0,0
2382,0.9,0,0
2382.1,0.9,0,0
2382.2,0.9,0,0
2382.3,0.9,0,0
2382.4,0.9,0,0
2382.5,0.9,0,0
2382.6,0.9,0,0
2382.7,0.9,0,0
2382.8,0.9,0,0
2382.9,0.9,0,0
2383,0.9,0,0
2383.1,0.9,0,0
2383.2,0.9,0,0
2383.4,0.9,0,0
2383.5,0.9,0,0
2383.6,0.9,0,0
2383.7,0.9,0,0
2383.8,0.9,0,0
2383.9,0.9,0,0
2384,0.9,0,0
2384.1,0.9,0,0
2384.2,0.9,0,0
2384.3,0.9,0,0
2384.4,0.9,0,0
2384.5,0.9,0,0
2384.6,0.9,0,0
2384.7,0.9,0,0
2384.8,0.9,0,0
2384.9,0.9,0,0
2385.1,0.9,0,0
2385.2,0.9,0,0
2385.3,0.9,0,0
2385.4,0.9,0,0
2385.5,0.9,0,0
2385.6,0.9,0,0
2385.7,0.9,0,0
2385.8,0.9,0,0
2385.9,0.9,0,0
2386,0.9,0,0
2386.1,0.9,0,0
2386.2,0.9,0,0
2386.3,0.9,0,0
2386.4,0.9,0,0
2386.5,0.9,0,0
2386.6,0.9,0,0
2386.8,0.9,0,0
2386.9,0.9,0,0
2387,0.9,0,0
2387.1,0.9,0,0
2387.2,0.9,0,0
2387.3,0.9,0,0
2387.4,0.9,0,0
2387.5,0.9,0,0
2387.6,0.9,0,0
2387.7,0.9,0,0
2387.8,0.9,0,0
2387.9,0.9,0,0
2388,0.9,0,0
2388.1,0.9,0,0
2388.2,0.9,0,0
2388.3,0.9,0,0
2388.4,0.9,0,0
2388.6,0.9,0,0
2388.7,0.9,0,0
2388.8,0.9,0,0
2388.9,0.9,0,0
2389,0.9,0,0
2389.1,0.9,0,0
2389.2,0.9,0,0
2389.3,0.9,0,0
2389.4,0.9,0,0
2389.5,0.9,0,0
2389.6,0.9,0,0
2389.7,0.9,0,0
2389.8,0.9,0,0
2389.9,0.9,0,0
2390,0.9,0,0
2390.2,0.9,0,0
2390.3,0.9,0,0
2390.4,0.9,0,0
2390.5,0.9,0,0
2390.6,0.9,0,0
2390.7,0.9,0,0
2390.8,0.9,0,0
2390.9,0.9,0,0
2391,0.9,0,0
2391.1,0.9,0,0
2391.2,0.9,0,0
2391.3,0.9,0,0
2391.4,0.9,0,0
2391.5,0.9,0,0
2391.6,0.9,0,0
2391.7,0.9,0,0
2391.9,0.9,0,0
2392,0.9,0,0
2392.1,0.9,0,0
2392.2,0.9,0,0
2392.3,0.9,0,0
2392.4,0.9,0,0
2392.5,0.9,0,0
2392.6,0.9,0,0
2392.7,0.6,0,0
2392.8,0.9,0,0
2392.9,0.9,0,0
2393,0.9,0,0
2393.1,0.9,0,0
2393.2,0.9,0,0
2393.3,0.9,0,0
2393.4,0.9,0,0
2393.5,0.9,0,0
2393.7,0.9,0,0
2393.8,0.9,0,0
2393.9,0.9,0,0
2394,0.9,0,0
2394.1,0.9,0,0
2394.2,0.9,0,0
2394.3,0.9,0,0
2394.4,0.9,0,0
2394.5,0.9,0,0
2394.6,0.9,0,0
2394.7,0.9,0,0
2394.8,0.9,0,0
2394.9,0.9,0,0
2395,0.9,0,0
2395.1,0.9,0,0
2395.2,0.9,0,0
2395.4,0.9,0,0
2395.5,0.9,0,0
2395.6,0.9,0,0
2395.7,0.9,0,0
2395.8,0.9,0,0
2395.9,0.9,0,0
2396,0.9,0,0
2396.1,0.9,0,0
2396.2,0.9,0,0
2396.3,0.6,0,0
2396.4,0.9,0,0
2396.5,0.9,0,0
2396.6,0.9,0,0
2396.7,0.9,0,0
2396.8,0.9,0,0
2396.9,0.9,0,0
2397,0.9,0,0
2397.2,0.9,0,0
2397.3,0.9,0,0
2397.4,0.9,0,0
2397.5,0.9,0,0
2397.6,0.9,0,0
2397.7,0.9,0,0
2397.8,0.9,0,0
2397.9,0.9,0,0
2398,0.9,0,0
2398.1,0.9,0,0
2398.2,0.9,0,0
2398.3,0.9,0,0
2398.4,0.9,0,0
2398.5,0.9,0,0
2398.6,0.9,0,0
2398.7,0.9,0,0
2398.9,0.9,0,0
2399,0.9,0,0
2399.1,0.9,0,0
2399.2,0.9,0,0
2399.3,0.9,0,0
2399.4,0.9,0,0
2399.5,0.9,0,0
2399.6,0.9,0,0
2399.7,0.9,0,0
2399.8,0.9,0,0
2399.9,0.6,0,0
2400,0.9,0,0
2400.1,0.9,0,0
2400.2,0.9,0,0
2400.3,0.9,0,0
2400.4,0.9,0,0
2400.5,0.9,0,0
2400.7,0.9,0,0
2400.8,0.9,0,0
2400.9,0.9,0,0
2401,0.9,0,0
2401.1,0.9,0,0
2401.2,0.9,0,0
2401.3,0.9,0,0
2401.4,0.9,0,0
2401.5,0.9,0,0
2401.6,0.9,0,0
2401.7,0.9,0,0
2401.8,0.9,0,0
2401.9,0.9,0,0
2402,0.9,0,0
2402.1,0.9,0,0
2402.2,0.9,0,0
2402.4,0.9,0,0
2402.5,0.9,0,0
2402.6,0.9,0,0
2402.7,0.9,0,0
2402.8,0.9,0,0
2402.9,0.9,0,0
2403,0.9,0,0
2403.1,0.9,0,0
2403.2,0.9,0,0
2403.3,0.9,0,0
2403.4,0.9,0,0
2403.5,0.6,0,0
2403.6,0.9,0,0
2403.7,0.9,0,0
2403.8,0.9,0,0
2403.9,0.9,0,0
2404.1,0.9,0,0
2404.2,0.9,0,0
2404.3,0.9,0,0
2404.4,0.9,0,0
2404.5,0.9,0,0
2404.6,0.9,0,0
2404.7,0.9,0,0
2404.8,0.9,0,0
2404.9,0.9,0,0
2405,0.9,0,0
2405.1,0.9,0,0
2405.2,0.9,0,0
2405.3,0.9,0,0
2405.4,0.9,0,0
2405.5,0.9,0,0
2405.6,0.9,0,0
2405.8,0.9,0,0
2405.9,0.9,0,0
2406,0.9,0,0
2406.1,0.9,0,0
2406.2,0.9,0,0
2406.3,0.9,0,0
2406.4,0.9,0,0
2406.5,0.9,0,0
2406.6,0.9,0,0
2406.7,0.9,0,0
2406.8,0.9,0,0
2406.9,0.9,0,0
2407,0.9,0,0
2407.1,0.9,0,0
2407.2,0.9,0,0
2407.3,0.9,0,0
2407.4,0.9,0,0
2407.6,0.9,0,0
2407.7,0.9,0,0
2407.8,0.9,0,0
2407.9,0.9,0,0
2408,0.9,0,0
2408.1,0.9,0,0
2408.2,0.9,0,0
2408.3,0.9,0,0
2408.4,0.9,0,0
2408.5,0.9,0,0
2408.6,0.9,0,0
2408.7,0.9,0,0
2408.8,0.9,0,0
2408.9,0.9,0,0
2409,0.9,0,0
2409.1,0.9,0,0
2409.3,0.9,0,0
2409.4,0.9,0,0
2409.5,0.9,0,0
2409.6,0.9,0,0
2409.7,0.9,0,0
2409.8,0.9,0,0
2409.9,0.9,0,0
2410,0.9,0,0
2410.1,0.9,0,0
2410.2,0.6,0,0
2410.3,0.9,0,0
2410.4,0.9,0,0
2410.5,0.9,0,0
2410.6,0.9,0,0
2410.7,0.9,0,0
2410.8,0.9,0,0
2411,0.9,0,0
2411.1,0.9,0,0
2411.2,0.9,0,0
2411.3,0.9,0,0
2411.4,0.9,0,0
2411.5,0.9,0,0
2411.6,0.9,0,0
2411.7,0.9,0,0
2411.8,0.9,0,0
2411.9,0.9,0,0
2412,0.9,0,0
2412.1,0.9,0,0
2412.2,0.9,0,0
2412.3,0.9,0,0
2412.4,0.9,0,0
2412.5,0.9,0,0
2412.6,0.9,0,0
2412.8,0.9,0,0
2412.9,0.9,0,0
2413,0.9,0,0
2413.1,0.9,0,0
2413.2,0.9,0,0
2413.3,0.9,0,0
2413.4,0.9,0,0
2413.5,0.9,0,0
2413.6,0.9,0,0
2413.7,0.9,0,0
2413.8,0.6,0,0
2413.9,0.9,0,0
2414,0.9,0,0
2414.1,0.9,0,0
2414.2,0.9,0,0
2414.3,0.9,0,0
2414.5,0.9,0,0
2414.6,0.9,0,0
2414.7,0.9,0,0
2414.8,0.9,0,0
2414.9,0.9,0,0
2415,0.9,0,0
2415.1,0.9,0,0
2415.2,0.9,0,0
2415.3,0.9,0,0
2415.4,0.9,0,0
2415.5,0.9,0,0
2415.6,0.9,0,0
2415.7,0.9,0,0
2415.8,0.9,0,0
2415.9,0.9,0,0
2416.1,0.9,0,0
2416.2,0.9,0,0
2416.3,0.9,0,0
2416.4,0.9,0,0
2416.5,0.9,0,0
2416.6,0.9,0,0
2416.7,0.9,0,0
2416.8,0.6,0,0
2416.9,0.9,0,0
2417,0.9,0,0
2417.1,0.9,0,0
2417.2,0.9,0,0
2417.3,0.9,0,0
2417.4,0.9,0,0
2417.5,0.9,0,0
2417.6,0.9,0,0
2417.7,0.9,0,0
2417.9,0.9,0,0
2418,0.9,0,0
2418.1,0.9,0,0
2418.2,0.9,0,0
2418.3,0.9,0,0
2418.4,0.9,0,0
2418.5,0.9,0,0
2418.6,0.9,0,0
2418.7,0.9,0,0
2418.8,0.9,0,0
2418.9,0.9,0,0
2419,0.9,0,0
2419.1,0.9,0,0
2419.2,0.9,0,0
2419.3,0.9,0,0
2419.4,0.9,0,0
2419.6,0.9,0,0
2419.7,0.9,0,0
2419.8,0.9,0,0
2419.9,0.9,0,0
2420,0.9,0,0
2420.1,0.9,0,0
2420.2,0.9,0,0
2420.3,0.9,0,0
2420.4,0.9,0,0
2420.5,0.9,0,0
2420.6,0.9,0,0
2420.7,0.9,0,0
2420.8,0.9,0,0
2420.9,0.9,0,0
2421,0.9,0,0
2421.1,0.9,0,0
2421.3,0.9,0,0
2421.4,0.9,0,0
2421.5,0.9,0,0
2421.6,0.9,0,0
2421.7,0.9,0,0
2421.8,0.9,0,0
2421.9,0.9,0,0
2422,0.9,0,0
2422.1,0.9,0,0
2422.2,0.9,0,0
2422.3,0.9,0,0
2422.4,0.9,0,0
2422.5,0.9,0,0
2422.6,0.9,0,0
2422.7,0.9,0,0
2422.8,0.9,0,0
2422.9,0.9,0,0
2423.1,0.9,0,0
2423.2,0.9,0,0
2423.3,0.9,0,0
2423.4,0.9,0,0
2423.5,0.9,0,0
2423.6,0.9,0,0
2423.7,0.9,0,0
2423.8,0.9,0,0
2423.9,0.9,0,0
2424,0.9,0,0
2424.1,0.9,0,0
2424.2,0.9,0,0
2424.3,0.9,0,0
2424.4,0.9,0,0
2424.5,0.9,0,0
2424.6,0.9,0,0
2424.8,0.9,0,0
2424.9,0.9,0,0
2425,0.9,0,0
2425.1,0.9,0,0
2425.2,0.9,0,0
2425.3,0.9,0,0
2425.4,0.9,0,0
2425.5,0.9,0,0
2425.6,0.9,0,0
2425.7,0.9,0,0
2425.8,0.9,0,0
2425.9,0.9,0,0
2426,0.9,0,0
2426.1,0.9,0,0
2426.2,0.9,0,0
2426.3,0.9,0,0
2426.5,0.9,0,0
2426.6,0.6,0,0
2426.7,0.9,0,0
2426.8,0.9,0,0
2426.9,0.9,0,0
2427,0.9,0,0
2427.1,0.9,0,0
2427.2,0.9,0,0
2427.3,0.9,0,0
2427.4,0.9,0,0
2427.5,0.9,0,0
2427.6,0.9,0,0
2427.7,0.9,0,0
2427.8,0.9,0,0
2427.9,0.9,0,0
2428,0.9,0,0
2428.2,0.9,0,0
2428.3,0.9,0,0
2428.4,0.9,0,0
2428.5,0.9,0,0
2428.6,0.6,0,0
2428.7,0.9,0,0
2428.8,0.9,0,0
2428.9,0.9,0,0
2429,0.9,0,0
2429.1,0.9,0,0
2429.2,0.9,0,0
2429.3,0.9,0,0
2429.4,0.9,0,0
2429.5,0.9,0,0
2429.6,0.9,0,0
2429.7,0.9,0,0
2429.9,0.9,0,0
2430,0.9,0,0
2430.1,0.9,0,0
2430.2,0.9,0,0
2430.3,0.9,0,0
2430.4,0.9,0,0
2430.5,0.9,0,0
2430.6,0.9,0,0
2430.7,0.9,0,0
2430.8,0.9,0,0
2430.9,0.9,0,0
2431,0.9,0,0
2431.1,0.9,0,0
2431.2,0.9,0,0
2431.3,0.9,0,0
2431.4,0.9,0,0
2431.5,0.9,0,0
2431.7,0.9,0,0
2431.8,0.9,0,0
2431.9,0.9,0,0
2432,0.9,0,0
2432.1,0.9,0,0
2432.2,0.9,0,0
2432.3,0.9,0,0
2432.4,0.9,0,0
2432.5,0.9,0,0
2432.6,0.9,0,0
2432.7,0.9,0,0
2432.8,0.9,0,0
2432.9,0.9,0,0
2433,0.9,0,0
2433.1,0.9,0,0
2433.2,0.9,0,0
2433.4,0.9,0,0
2433.5,0.9,0,0
2433.6,0.9,0,0
2433.7,0.9,0,0
2433.8,0.9,0,0
2433.9,0.9,0,0
2434,0.9,0,0
2434.1,0.9,0,0
2434.2,0.9,0,0
2434.3,0.9,0,0
2434.4,0.9,0,0
2434.5,0.9,0,0
2434.6,0.9,0,0
2434.7,0.9,0,0
2434.8,0.9,0,0
2434.9,0.9,0,0
2435.1,0.9,0,0
2435.2,0.9,0,0
2435.3,0.9,0,0
2435.4,0.9,0,0
2435.5,0.9,0,0
2435.6,0.9,0,0
2435.7,0.9,0,0
2435.8,0.9,0,0
2435.9,0.9,0,0
2436,0.9,0,0
2436.1,0.9,0,0
2436.2,0.9,0,0
2436.3,0.6,0,0
2436.4,0.9,0,0
2436.5,0.9,0,0
2436.6,0.9,0,0
2436.7,0.9,0,0
2436.9,0.9,0,0
2437,0.9,0,0
2437.1,0.9,0,0
2437.2,0.9,0,0
2437.3,0.9,0,0
2437.4,0.9,0,0
2437.5,0.9,0,0
2437.6,0.9,0,0
2437.7,0.9,0,0
2437.8,0.9,0,0
2437.9,0.9,0,0
2438,0.9,0,0
2438.1,0.9,0,0
2438.2,0.9,0,0
2438.3,0.9,0,0
2438.4,0.9,0,0
2438.6,0.9,0,0
2438.7,0.9,0,0
2438.8,0.9,0,0
2438.9,0.9,0,0
2439,0.9,0,0
2439.1,0.9,0,0
2439.2,0.9,0,0
2439.3,0.9,0,0
2439.4,0.9,0,0
2439.5,0.9,0,0
2439.6,0.9,0,0
2439.7,0.9,0,0
2439.8,0.9,0,0
2439.9,0.6,0,0
2440,0.9,0,0
2440.1,0.9,0,0
2440.2,0.9,0,0
2440.4,0.9,0,0
2440.5,0.9,0,0
2440.6,0.9,0,0
2440.7,0.9,0,0
2440.8,0.9,0,0
2440.9,0.9,0,0
2441,0.9,0,0
2441.1,0.9,0,0
2441.2,0.9,0,0
2441.3,0.9,0,0
2441.4,0.9,0,0
2441.5,0.9,0,0
2441.6,0.9,0,0
2441.7,0.9,0,0
2441.8,0.9,0,0
2441.9,0.9,0,0
2442.1,0.9,0,0
2442.2,0.9,0,0
2442.3,0.9,0,0
2442.4,0.9,0,0
2442.5,0.9,0,0
2442.6,0.9,0,0
2442.7,0.9,0,0
2442.8,0.9,0,0
2442.9,0.9,0,0
2443,0.9,0,0
2443.1,0.9,0,0
2443.2,0.9,0,0
2443.3,0.9,0,0
2443.4,0.9,0,0
2443.5,0.6,0,0
2443.6,0.9,0,0
2443.8,0.9,0,0
2443.9,0.9,0,0
2444,0.9,0,0
2444.1,0.9,0,0
2444.2,0.9,0,0
2444.3,0.9,0,0
2444.4,0.9,0,0
2444.5,0.9,0,0
2444.6,0.9,0,0
2444.7,0.9,0,0
2444.8,0.9,0,0
2444.9,0.9,0,0
2445,0.9,0,0
2445.1,0.9,0,0
2445.2,0.9,0,0
2445.3,0.9,0,0
2445.5,0.9,0,0
2445.6,0.9,0,0
2445.7,0.9,0,0
2445.8,0.9,0,0
2445.9,0.9,0,0
2446,0.9,0,0
2446.1,0.9,0,0
2446.2,0.9,0,0
2446.3,0.9,0,0
2446.4,0.9,0,0
2446.5,0.9,0,0
2446.6,0.9,0,0
2446.7,0.9,0,0
2446.8,0.9,0,0
2446.9,0.9,0,0
2447.1,0.9,0,0
2447.2,0.9,0,0
2447.3,0.9,0,0
2447.4,0.9,0,0
2447.5,0.9,0,0
2447.6,0.9,0,0
2447.7,0.9,0,0
2447.8,0.9,0,0
2447.9,0.9,0,0
2448,0.9,0,0
2448.1,0.9,0,0
2448.2,0.9,0,0
2448.3,0.9,0,0
2448.4,0.9,0,0
2448.5,0.9,0,0
2448.6,0.9,0,0
2448.8,0.9,0,0
2448.9,0.9,0,0
2449,0.9,0,0
2449.1,0.9,0,0
2449.2,0.9,0,0
2449.3,0.9,0,0
2449.4,0.9,0,0
2449.5,0.9,0,0
2449.6,0.9,0,0
2449.7,0.9,0,0
2449.8,0.9,0,0
2449.9,0.9,0,0
2450,0.9,0,0
2450.1,0.9,0,0
2450.2,0.9,0,0
2450.3,0.9,0,0
2450.5,0.9,0,0
2450.6,0.9,0,0
2450.7,0.6,0,0
2450.8,0.9,0,0
2450.9,0.9,0,0
2451,0.9,0,0
2451.1,0.9,0,0
2451.2,0.9,0,0
2451.3,0.9,0,0
2451.4,0.9,0,0
2451.5,0.9,0,0
2451.6,0.9,0,0
2451.7,0.9,0,0
2451.8,0.9,0,0
2451.9,0.9,0,0
2452,0.9,0,0
2452.2,0.9,0,0
2452.3,0.9,0,0
2452.4,0.9,0,0
2452.5,0.9,0,0
2452.6,0.9,0,0
2452.7,0.9,0,0
2452.8,0.9,0,0
2452.9,0.9,0,0
2453,0.9,0,0
2453.1,0.9,0,0
2453.2,0.9,0,0
2453.3,0.9,0,0
2453.4,0.9,0,0
2453.5,0.9,0,0
2453.6,0.9,0,0
2453.7,0.9,0,0
2453.9,0.9,0,0
2454,0.9,0,0
2454.1,0.9,0,0
2454.2,0.9,0,0
2454.3,0.9,0,0
2454.4,0.9,0,0
2454.5,0.9,0,0
2454.6,0.9,0,0
2454.7,0.9,0,0
2454.8,0.9,0,0
2454.9,0.9,0,0
2455,0.9,0,0
2455.1,0.9,0,0
2455.2,0.9,0,0
2455.3,0.9,0,0
2455.4,0.9,0,0
2455.6,0.9,0,0
2455.7,0.9,0,0
2455.8,0.9,0,0
2455.9,0.9,0,0
2456,0.9,0,0
2456.1,0.9,0,0
2456.2,0.9,0,0
2456.3,0.9,0,0
2456.4,0.9,0,0
2456.5,0.9,0,0
2456.6,0.9,0,0
2456.7,0.9,0,0
2456.8,0.9,0,0
2456.9,0.9,0,0
2457,0.9,0,0
2457.1,0.9,0,0
2457.3,0.9,0,0
2457.4,0.9,0,0
2457.5,0.9,0,0
2457.6,0.9,0,0
2457.7,0.9,0,0
2457.8,0.9,0,0
2457.9,0.9,0,0
2458,0.9,0,0
2458.1,0.9,0,0
2458.2,0.9,0,0
2458.3,0.9,0,0
2458.4,0.9,0,0
2458.5,0.9,0,0
2458.6,0.9,0,0
2458.7,0.9,0,0
2458.8,0.9,0,0
2458.9,0.9,0,0
2459.1,0.9,0,0
2459.2,0.9,0,0
2459.3,0.9,0,0
2459.4,0.9,0,0
2459.5,0.9,0,0
2459.6,0.9,0,0
2459.7,0.9,0,0
2459.8,0.9,0,0
2459.9,0.9,0,0
2460,0.9,0,0
2460.1,0.9,0,0
2460.2,0.9,0,0
2460.3,0.9,0,0
2460.4,0.9,0,0
2460.5,0.9,0,0
2460.7,0.9,0,0
2460.8,0.9,0,0
2460.9,0.9,0,0
2461,0.9,0,0
2461.1,0.9,0,0
2461.2,0.9,0,0
2461.3,0.9,0,0
2461.4,0.9,0,0
2461.5,0.9,0,0
2461.6,0.9,0,0
2461.7,0.9,0,0
2461.8,0.9,0,0
2461.9,0.9,0,0
2462,0.9,0,0
2462.1,0.9,0,0
2462.2,0.9,0,0
2462.4,0.9,0,0
2462.5,0.9,0,0
2462.6,0.9,0,0
2462.7,0.9,0,0
2462.8,0.9,0,0
2462.9,0.9,0,0
2463,0.9,0,0
2463.1,0.9,0,0
2463.2,0.9,0,0
2463.3,0.9,0,0
2463.4,0.9,0,0
2463.5,0.9,0,0
2463.6,0.9,0,0
2463.7,0.9,0,0
2463.8,0.9,0,0
2463.9,0.9,0,0
2464,0.9,0,0
2464.2,0.9,0,0
2464.3,0.9,0,0
2464.4,0.9,0,0
2464.5,0.9,0,0
2464.6,0.9,0,0
2464.7,0.9,0,0
2464.8,0.9,0,0
2464.9,0.9,0,0
2465,0.9,0,0
2465.1,0.9,0,0
2465.2,0.9,0,0
2465.3,0.9,0,0
2465.4,0.9,0,0
2465.5,0.9,0,0
2465.6,0.9,0,0
2465.7,0.9,0,0
2465.9,0.9,0,0
2466,0.9,0,0
2466.1,0.9,0,0
2466.2,0.9,0,0
2466.3,0.9,0,0
2466.4,0.9,0,0
2466.5,0.9,0,0
2466.6,0.9,0,0
2466.7,0.9,0,0
2466.8,0.9,0,0
2466.9,0.9,0,0
2467,0.9,0,0
2467.1,0.9,0,0
2467.2,0.9,0,0
2467.3,0.9,0,0
2467.4,0.9,0,0
2467.6,0.9,0,0
2467.7,0.9,0,0
2467.8,0.9,0,0
2467.9,0.9,0,0
2468,0.9,0,0
2468.1,0.9,0,0
2468.2,0.9,0,0
2468.3,0.9,0,0
2468.4,0.9,0,0
2468.5,0.9,0,0
2468.6,0.9,0,0
2468.7,0.9,0,0
2468.8,0.9,0,0
2468.9,0.9,0,0
2469,0.9,0,0
2469.1,0.9,0,0
2469.3,0.9,0,0
2469.4,0.9,0,0
2469.5,0.9,0,0
2469.6,0.9,0,0
2469.7,0.9,0,0
2469.8,0.9,0,0
2469.9,0.9,0,0
2470,0.9,0,0
2470.1,0.9,0,0
2470.2,0.9,0,0
2470.3,0.9,0,0
2470.4,0.9,0,0
2470.5,0.9,0,0
2470.6,0.9,0,0
2470.7,0.9,0,0
2470.8,0.9,0,0
2471,0.9,0,0
2471.1,0.9,0,0
2471.2,0.9,0,0
2471.3,0.9,0,0
2471.4,0.9,0,0
2471.5,0.9,0,0
2471.6,0.9,0,0
2471.7,0.9,0,0
2471.8,0.9,0,0
2471.9,0.9,0,0
2472,0.9,0,0
2472.1,0.9,0,0
2472.2,0.9,0,0
2472.3,0.9,0,0
2472.4,0.9,0,0
2472.5,0.9,0,0
2472.7,0.9,0,0
2472.8,0.9,0,0
2472.9,0.9,0,0
2473,0.9,0,0
2473.1,0.9,0,0
2473.2,0.9,0,0
2473.3,0.9,0,0
2473.4,0.9,0,0
2473.5,0.9,0,0
2473.6,0.9,0,0
2473.7,0.6,0,0
2473.8,0.9,0,0
2473.9,0.9,0,0
2474,0.9,0,0
2474.1,0.9,0,0
2474.2,0.9,0,0
2474.3,0.9,0,0
2474.5,0.9,0,0
2474.6,0.9,0,0
2474.7,0.9,0,0
2474.8,0.9,0,0
2474.9,0.9,0,0
2475,0.9,0,0
2475.1,0.9,0,0
2475.2,0.9,0,0
2475.3,0.9,0,0
2475.4,0.9,0,0
2475.5,0.9,0,0
2475.6,0.9,0,0
2475.7,0.9,0,0
2475.8,0.9,0,0
2475.9,0.9,0,0
2476,0.9,0,0
2476.2,0.9,0,0
2476.3,0.9,0,0
2476.4,0.9,0,0
2476.5,0.9,0,0
2476.6,0.9,0,0
2476.7,0.9,0,0
2476.8,0.9,0,0
2476.9,0.9,0,0
2477,0.9,0,0
2477.1,0.9,0,0
2477.2,0.9,0,0
2477.3,0.9,0,0
2477.4,0.9,0,0
2477.5,0.9,0,0
2477.6,0.9,0,0
2477.7,0.9,0,0
2477.8,0.9,0,0
2478,0.9,0,0
2478.1,0.9,0,0
2478.2,0.9,0,0
2478.3,0.9,0,0
2478.4,0.9,0,0
2478.5,0.9,0,0
2478.6,0.9,0,0
2478.7,0.9,0,0
2478.8,0.9,0,0
2478.9,0.9,0,0
2479,0.9,0,0
2479.1,0.9,0,0
2479.2,0.9,0,0
2479.3,0.6,0,0
2479.4,0.9,0,0
2479.5,0.9,0,0
2479.7,0.9,0,0
2479.8,0.9,0,0
2479.9,0.9,0,0
2480,0.9,0,0
2480.1,0.9,0,0
2480.2,0.9,0,0
2480.3,0.9,0,0
2480.4,0.9,0,0
2480.5,0.9,0,0
2480.6,0.9,0,0
2480.7,0.9,0,0
2480.8,0.9,0,0
2480.9,0.9,0,0
2481,0.9,0,0
2481.1,0.9,0,0
2481.2,0.9,0,0
2481.3,0.9,0,0
2481.5,0.9,0,0
2481.6,0.9,0,0
2481.7,0.9,0,0
2481.8,0.9,0,0
2481.9,0.9,0,0
2482,0.9,0,0
2482.1,0.9,0,0
2482.2,0.9,0,0
2482.3,0.9,0,0
2482.4,0.9,0,0
2482.5,0.9,0,0
2482.6,0.9,0,0
2482.7,0.9,0,0
2482.8,0.9,0,0
2482.9,0.9,0,0
2483,0.9,0,0
2483.2,0.9,0,0
2483.3,0.9,0,0
2483.4,0.9,0,0
2483.5,0.9,0,0
2483.6,0.9,0,0
2483.7,0.9,0,0
2483.8,0.9,0,0
2483.9,0.9,0,0
2484,0.9,0,0
2484.1,0.9,0,0
2484.2,0.9,0,0
2484.3,0.9,0,0
2484.4,0.9,0,0
2484.5,0.9,0,0
2484.6,0.9,0,0
2484.7,0.9,0,0
2484.9,0.9,0,0
2485,0.9,0,0
2485.1,0.9,0,0
2485.2,0.9,0,0
2485.3,0.9,0,0
2485.4,0.9,0,0
2485.5,0.9,0,0
2485.6,0.9,0,0
2485.7,0.9,0,0
2485.8,0.9,0,0
2485.9,0.9,0,0
2486,0.9,0,0
2486.1,0.9,0,0
2486.2,0.9,0,0
2486.3,0.9,0,0
2486.5,0.9,0,0
2486.6,0.9,0,0
2486.7,0.9,0,0
2486.8,0.9,0,0
2486.9,0.9,0,0
2487,0.9,0,0
2487.1,0.9,0,0
2487.2,0.9,0,0
2487.3,0.9,0,0
2487.4,0.9,0,0
2487.5,0.9,0,0
2487.6,0.9,0,0
2487.7,0.9,0,0
2487.8,0.9,0,0
2487.9,0.9,0,0
2488,0.9,0,0
2488.2,0.9,0,0
2488.3,0.9,0,0
2488.4,0.9,0,0
2488.5,0.9,0,0
2488.6,0.9,0,0
2488.7,0.9,0,0
2488.8,0.9,0,0
2488.9,0.9,0,0
2489,0.9,0,0
2489.1,0.9,0,0
2489.2,0.9,0,0
2489.3,0.9,0,0
2489.4,0.9,0,0
2489.5,0.9,0,0
2489.6,0.9,0,0
2489.7,0.9,0,0
2489.9,0.9,0,0
2490,0.9,0,0
2490.1,0.9,0,0
2490.2,0.9,0,0
2490.3,0.9,0,0
2490.4,0.9,0,0
2490.5,0.9,0,0
2490.6,0.9,0,0
2490.7,0.9,0,0
2490.8,0.9,0,0
2490.9,0.9,0,0
2491,0.9,0,0
2491.1,0.9,0,0
2491.2,0.9,0,0
2491.3,0.9,0,0
2491.4,0.9,0,0
2491.6,0.9,0,0
2491.7,0.9,0,0
2491.8,0.9,0,0
2491.9,0.9,0,0
2492,0.9,0,0
2492.1,0.9,0,0
2492.2,0.9,0,0
2492.3,0.9,0,0
2492.4,0.9,0,0
2492.5,0.9,0,0
2492.6,0.9,0,0
2492.7,0.9,0,0
2492.8,0.9,0,0
2492.9,0.9,0,0
2493,0.9,0,0
2493.1,0.9,0,0
2493.2,0.9,0,0
2493.4,0.9,0,0
2493.5,0.9,0,0
2493.6,0.9,0,0
2493.7,0.9,0,0
2493.8,0.9,0,0
2493.9,0.9,0,0
2494,0.9,0,0
2494.1,0.9,0,0
2494.2,0.9,0,0
2494.3,0.9,0,0
2494.4,0.9,0,0
2494.5,0.9,0,0
2494.6,0.9,0,0
2494.7,0.9,0,0
2494.8,0.9,0,0
2494.9,0.9,0,0
2495.1,0.9,0,0
2495.2,0.9,0,0
2495.3,0.9,0,0
2495.4,0.9,0,0
2495.5,0.9,0,0
2495.6,0.9,0,0
2495.7,0.9,0,0
2495.8,0.9,0,0
2495.9,0.9,0,0
2496,0.9,0,0
2496.1,0.9,0,0
2496.2,0.9,0,0
2496.3,0.9,0,0
2496.4,0.9,0,0
2496.5,0.9,0,0
2496.6,0.9,0,0
2496.8,0.9,0,0
2496.9,0.9,0,0
2497,0.9,0,0
2497.1,0.9,0,0
2497.2,0.9,0,0
2497.3,0.9,0,0
2497.4,0.9,0,0
2497.5,0.9,0,0
2497.6,0.9,0,0
2497.7,0.9,0,0
2497.8,0.9,0,0
2497.9,0.9,0,0
2498,0.9,0,0
2498.1,0.9,0,0
2498.2,0.9,0,0
2498.3,0.9,0,0
2498.5,0.9,0,0
2498.6,0.9,0,0
2498.7,0.9,0,0
2498.8,0.9,0,0
2498.9,0.9,0,0
2499,0.9,0,0
2499.1,0.9,0,0
2499.2,0.9,0,0
2499.3,0.9,0,0
2499.4,0.9,0,0
2499.5,0.9,0,0
2499.6,0.9,0,0
2499.7,0.9,0,0
2499.8,0.9,0,0
2499.9,0.9,0,0
2500,0.9,0,0
2500.2,0.9,0,0
2500.3,0.9,0,0
2500.4,0.6,0,0
2500.5,0.9,0,0
2500.6,0.9,0,0
2500.7,0.9,0,0
2500.8,0.9,0,0
2500.9,0.9,0,0
2501,0.9,0,0
2501.1,0.9,0,0
2501.2,0.9,0,0
2501.3,0.9,0,0
2501.4,0.9,0,0
2501.5,0.9,0,0
2501.6,0.9,0,0
2501.7,0.9,0,0
2501.9,0.9,0,0
2502,0.9,0,0
2502.1,0.9,0,0
2502.2,0.9,0,0
2502.3,0.9,0,0
2502.4,0.9,0,0
2502.5,0.9,0,0
2502.6,0.9,0,0
2502.7,0.9,0,0
2502.8,0.9,0,0
2502.9,0.9,0,0
2503,0.9,0,0
2503.1,0.9,0,0
2503.2,0.9,0,0
2503.3,0.9,0,0
2503.4,0.9,0,0
2503.6,0.9,0,0
2503.7,0.9,0,0
2503.8,0.9,0,0
2503.9,0.9,0,0
2504,0.9,0,0
2504.1,0.9,0,0
2504.2,0.9,0,0
2504.3,0.9,0,0
2504.4,0.9,0,0
2504.5,0.9,0,0
2504.6,0.9,0,0
2504.7,0.9,0,0
2504.8,0.9,0,0
2504.9,0.6,0,0
2505,0.9,0,0
2505.2,0.9,0,0
2505.3,0.9,0,0
2505.4,0.9,0,0
2505.5,0.9,0,0
2505.6,0.9,0,0
2505.7,0.9,0,0
2505.8,0.9,0,0
2505.9,0.9,0,0
2506,0.9,0,0
2506.1,0.9,0,0
2506.2,0.9,0,0
2506.3,0.9,0,0
2506.4,0.9,0,0
2506.5,0.9,0,0
2506.6,0.9,0,0
2506.7,0.9,0,0
2506.8,0.9,0,0
2507,0.6,0,0
2507.1,0.9,0,0
2507.2,0.9,0,0
2507.3,0.9,0,0
2507.4,0.9,0,0
2507.5,0.9,0,0
2507.6,0.9,0,0
2507.7,0.9,0,0
2507.8,0.9,0,0
2507.9,0.9,0,0
2508,0.9,0,0
2508.1,0.9,0,0
2508.2,0.9,0,0
2508.3,0.9,0,0
2508.4,0.9,0,0
2508.5,0.9,0,0
2508.7,0.9,0,0
2508.8,0.9,0,0
2508.9,0.9,0,0
2509,0.9,0,0
2509.1,0.9,0,0
2509.2,0.9,0,0
2509.3,0.9,0,0
2509.4,0.9,0,0
2509.5,0.9,0,0
2509.6,0.9,0,0
2509.7,0.9,0,0
2509.8,0.9,0,0
2509.9,0.9,0,0
2510,0.9,0,0
2510.1,0.9,0,0
2510.2,0.9,0,0
2510.4,0.9,0,0
2510.5,0.9,0,0
2510.6,0.9,0,0
2510.7,0.9,0,0
2510.8,0.9,0,0
2510.9,0.9,0,0
2511,0.9,0,0
2511.1,0.9,0,0
2511.2,0.9,0,0
2511.3,0.9,0,0
2511.4,0.9,0,0
2511.5,0.9,0,0
2511.6,0.9,0,0
2511.7,0.9,0,0
2511.8,0.9,0,0
2511.9,0.9,0,0
2512.1,0.9,0,0
2512.2,0.9,0,0
2512.3,0.9,0,0
2512.4,0.9,0,0
2512.5,0.9,0,0
2512.6,0.9,0,0
2512.7,0.9,0,0
2512.8,0.9,0,0
2512.9,0.9,0,0
2513,0.9,0,0
2513.1,0.9,0,0
2513.2,0.9,0,0
2513.3,0.9,0,0
2513.4,0.9,0,0
2513.5,0.9,0,0
2513.6,0.9,0,0
2513.8,0.9,0,0
2513.9,0.9,0,0
2514,0.9,0,0
2514.1,0.9,0,0
2514.2,0.9,0,0
2514.3,0.9,0,0
2514.4,0.9,0,0
2514.5,0.9,0,0
2514.6,0.9,0,0
2514.7,0.9,0,0
2514.8,0.9,0,0
2514.9,0.9,0,0
2515,0.9,0,0
2515.1,0.9,0,0
2515.2,0.9,0,0
2515.3,0.9,0,0
2515.4,0.9,0,0
2515.6,0.9,0,0
2515.7,0.9,0,0
2515.8,0.9,0,0
2515.9,0.9,0,0
2516,0.9,0,0
2516.1,0.9,0,0
2516.2,0.9,0,0
2516.3,0.9,0,0
2516.4,0.9,0,0
2516.5,0.9,0,0
2516.6,0.9,0,0
2516.7,0.9,0,0
2516.8,0.9,0,0
2516.9,0.9,0,0
2517,0.9,0,0
2517.1,0.9,0,0
2517.3,0.9,0,0
2517.4,0.9,0,0
2517.5,0.9,0,0
2517.6,0.9,0,0
2517.7,0.9,0,0
2517.8,0.9,0,0
2517.9,0.9,0,0
2518,0.9,0,0
2518.1,0.9,0,0
2518.2,0.9,0,0
2518.3,0.9,0,0
2518.4,0.9,0,0
2518.5,0.9,0,0
2518.6,0.9,0,0
2518.7,0.9,0,0
2518.8,0.9,0,0
2519,0.9,0,0
2519.1,0.9,0,0
2519.2,0.9,0,0
2519.3,0.9,0,0
2519.4,0.9,0,0
2519.5,0.9,0,0
2519.6,0.9,0,0
2519.7,0.9,0,0
2519.8,0.9,0,0
2519.9,0.9,0,0
2520,0.9,0,0
2520.1,0.9,0,0
2520.2,0.9,0,0
2520.3,0.9,0,0
2520.4,0.9,0,0
2520.5,0.9,0,0
2520.7,0.9,0,0
2520.8,0.9,0,0
2520.9,0.9,0,0
2521,0.9,0,0
2521.1,0.9,0,0
2521.2,0.9,0,0
2521.3,0.9,0,0
2521.4,0.9,0,0
2521.5,0.9,0,0
2521.6,0.9,0,0
2521.7,0.9,0,0
2521.8,0.9,0,0
2521.9,0.9,0,0
2522,0.9,0,0
2522.1,0.9,0,0
2522.3,0.9,0,0
2522.4,0.9,0,0
2522.5,0.9,0,0
2522.6,0.9,0,0
2522.7,0.9,0,0
2522.8,0.9,0,0
2522.9,0.9,0,0
2523,0.9,0,0
2523.1,0.9,0,0
2523.2,0.9,0,0
2523.3,0.9,0,0
2523.4,0.9,0,0
2523.5,0.9,0,0
2523.6,0.9,0,0
2523.7,0.9,0,0
2523.8,0.9,0,0
2524,0.9,0,0
2524.1,0.9,0,0
2524.2,0.9,0,0
2524.3,0.9,0,0
2524.4,0.9,0,0
2524.5,0.9,0,0
2524.6,0.9,0,0
2524.7,0.9,0,0
2524.8,0.9,0,0
2524.9,0.9,0,0
2525,0.9,0,0
2525.1,0.9,0,0
2525.2,0.9,0,0
2525.3,0.9,0,0
2525.4,0.9,0,0
2525.5,0.9,0,0
2525.6,0.9,0,0
2525.8,0.9,0,0
2525.9,0.9,0,0
2526,0.9,0,0
2526.1,0.9,0,0
2526.2,0.9,0,0
2526.3,0.9,0,0
2526.4,0.9,0,0
2526.5,0.9,0,0
2526.6,0.9,0,0
2526.7,0.9,0,0
2526.8,0.9,0,0
2526.9,0.9,0,0
2527,0.9,0,0
2527.1,0.9,0,0
2527.2,0.9,0,0
2527.3,0.9,0,0
2527.5,0.9,0,0
2527.6,0.9,0,0
2527.7,0.9,0,0
2527.8,0.9,0,0
2527.9,0.9,0,0
2528,0.9,0,0
2528.1,0.9,0,0
2528.2,0.9,0,0
2528.3,0.9,0,0
2528.4,0.9,0,0
2528.5,0.9,0,0
2528.6,0.9,0,0
2528.7,0.9,0,0
2528.8,0.6,0,0
2528.9,0.9,0,0
2529,0.9,0,0
2529.2,0.9,0,0
2529.3,0.9,0,0
2529.4,0.9,0,0
2529.5,0.9,0,0
2529.6,0.9,0,0
2529.7,0.9,0,0
2529.8,0.9,0,0
2529.9,0.9,0,0
2530,0.9,0,0
2530.1,0.9,0,0
2530.2,0.9,0,0
2530.3,0.9,0,0
2530.4,0.9,0,0
2530.5,0.9,0,0
2530.6,0.9,0,0
2530.7,0.9,0,0
2530.8,0.9,0,0
2531,0.9,0,0
2531.1,0.9,0,0
2531.2,0.9,0,0
2531.3,0.9,0,0
2531.4,0.9,0,0
2531.5,0.9,0,0
2531.6,0.9,0,0
2531.7,0.9,0,0
2531.8,0.9,0,0
2531.9,0.6,0,0
2532,0.9,0,0
2532.1,0.9,0,0
2532.2,0.9,0,0
2532.3,0.9,0,0
2532.4,0.9,0,0
2532.5,0.9,0,0
2532.7,0.9,0,0
2532.8,0.9,0,0
2532.9,0.9,0,0
2533,0.9,0,0
2533.1,0.9,0,0
2533.2,0.9,0,0
2533.3,0.9,0,0
2533.4,0.9,0,0
2533.5,0.9,0,0
2533.6,0.9,0,0
2533.7,0.9,0,0
2533.8,0.9,0,0
2533.9,0.9,0,0
2534,0.9,0,0
2534.1,0.9,0,0
2534.2,0.9,0,0
2534.4,0.9,0,0
2534.5,0.9,0,0
2534.6,0.9,0,0
2534.7,0.9,0,0
2534.8,0.9,0,0
2534.9,0.9,0,0
2535,0.6,0,0
2535.1,0.9,0,0
2535.2,0.9,0,0
2535.3,0.9,0,0
2535.4,0.9,0,0
2535.5,0.9,0,0
2535.6,0.9,0,0
2535.7,0.9,0,0
2535.8,0.9,0,0
2535.9,0.9,0,0
2536,0.9,0,0
2536.2,0.9,0,0
2536.3,0.9,0,0
2536.4,0.9,0,0
2536.5,0.9,0,0
2536.6,0.9,0,0
2536.7,0.9,0,0
2536.8,0.9,0,0
2536.9,0.9,0,0
2537,0.9,0,0
2537.1,0.9,0,0
2537.2,0.9,0,0
2537.3,0.9,0,0
2537.4,0.9,0,0
2537.5,0.9,0,0
2537.6,0.9,0,0
2537.7,0.9,0,0
2537.9,0.9,0,0
2538,0.9,0,0
2538.1,0.9,0,0
2538.2,0.9,0,0
2538.3,0.9,0,0
2538.4,0.9,0,0
2538.5,0.9,0,0
2538.6,0.9,0,0
2538.7,0.9,0,0
2538.8,0.9,0,0
2538.9,0.9,0,0
2539,0.9,0,0
2539.1,0.9,0,0
2539.2,0.9,0,0
2539.3,0.9,0,0
2539.5,0.9,0,0
2539.6,0.9,0,0
2539.7,0.9,0,0
2539.8,0.9,0,0
2539.9,0.9,0,0
2540,0.9,0,0
2540.1,0.9,0,0
2540.2,0.9,0,0
2540.3,0.9,0,0
2540.4,0.9,0,0
2540.5,0.9,0,0
2540.6,0.9,0,0
2540.7,0.9,0,0
2540.8,0.9,0,0
2540.9,0.9,0,0
2541,0.9,0,0
2541.2,0.9,0,0
2541.3,0.9,0,0
2541.4,0.9,0,0
2541.5,0.6,0,0
2541.6,0.9,0,0
2541.7,0.9,0,0
2541.8,0.9,0,0
2541.9,0.9,0,0
2542,0.9,0,0
2542.1,0.9,0,0
2542.2,0.9,0,0
2542.3,0.9,0,0
2542.4,0.9,0,0
2542.5,0.9,0,0
2542.6,0.9,0,0
2542.8,0.9,0,0
2542.9,0.9,0,0
2543,0.9,0,0
2543.1,0.9,0,0
2543.2,0.9,0,0
2543.3,0.9,0,0
2543.4,0.9,0,0
2543.5,0.9,0,0
2543.6,0.9,0,0
2543.7,0.9,0,0
2543.8,0.9,0,0
2543.9,0.9,0,0
2544,0.6,0,0
2544.1,0.9,0,0
2544.2,0.9,0,0
2544.3,0.9,0,0
2544.5,0.9,0,0
2544.6,0.9,0,0
2544.7,0.9,0,0
2544.8,0.9,0,0
2544.9,0.9,0,0
2545,0.9,0,0
2545.1,0.9,0,0
2545.2,0.9,0,0
2545.3,0.9,0,0
2545.4,0.9,0,0
2545.5,0.9,0,0
2545.6,0.9,0,0
2545.7,0.9,0,0
2545.8,0.9,0,0
2545.9,0.9,0,0
2546,0.9,0,0
2546.2,0.9,0,0
2546.3,0.9,0,0
2546.4,0.9,0,0
2546.5,0.9,0,0
2546.6,0.6,0,0
2546.7,0.9,0,0
2546.8,0.9,0,0
2546.9,0.9,0,0
2547,0.9,0,0
2547.1,0.9,0,0
2547.2,0.9,0,0
2547.3,0.9,0,0
2547.4,0.9,0,0
2547.5,0.9,0,0
2547.6,0.9,0,0
2547.7,0.9,0,0
2547.8,0.9,0,0
2548,0.9,0,0
2548.1,0.9,0,0
2548.2,0.9,0,0
2548.3,0.9,0,0
2548.4,0.9,0,0
2548.5,0.9,0,0
2548.6,0.9,0,0
2548.7,0.9,0,0
2548.8,0.9,0,0
2548.9,0.9,0,0
2549,0.9,0,0
2549.1,0.9,0,0
2549.2,0.9,0,0
2549.3,0.9,0,0
2549.4,0.9,0,0
2549.6,0.9,0,0
2549.7,0.9,0,0
2549.8,0.9,0,0
2549.9,0.9,0,0
2550,0.9,0,0
2550.1,0.9,0,0
2550.2,0.9,0,0
2550.3,0.9,0,0
2550.4,0.9,0,0
2550.5,0.9,0,0
2550.6,0.9,0,0
2550.7,0.9,0,0
2550.8,0.9,0,0
2550.9,0.9,0,0
2551,0.9,0,0
2551.1,0.9,0,0
2551.3,0.9,0,0
2551.4,0.9,0,0
2551.5,0.9,0,0
2551.6,0.9,0,0
2551.7,0.9,0,0
2551.8,0.9,0,0
2551.9,0.9,0,0
2552,0.9,0,0
2552.1,0.9,0,0
2552.2,0.9,0,0
2552.3,0.9,0,0
2552.4,0.9,0,0
2552.5,0.9,0,0
2552.6,0.9,0,0
2552.7,0.9,0,0
2552.8,0.9,0,0
2553,0.9,0,0
2553.1,0.9,0,0
2553.2,0.9,0,0
2553.3,0.6,0,0
2553.4,0.9,0,0
2553.5,0.9,0,0
2553.6,0.9,0,0
2553.7,0.9,0,0
2553.8,0.9,0,0
2553.9,0.9,0,0
2554,0.9,0,0
2554.1,0.9,0,0
2554.2,0.9,0,0
2554.3,0.9,0,0
2554.4,0.9,0,0
2554.5,0.9,0,0
2554.7,0.9,0,0
2554.8,0.9,0,0
2554.9,0.9,0,0
2555,0.9,0,0
2555.1,0.9,0,0
2555.2,0.9,0,0
2555.3,0.9,0,0
2555.4,0.9,0,0
2555.5,0.9,0,0
2555.6,0.9,0,0
2555.7,0.9,0,0
2555.8,0.9,0,0
2555.9,0.9,0,0
2556,0.9,0,0
2556.1,0.9,0,0
2556.2,0.9,0,0
2556.4,0.9,0,0
2556.5,0.9,0,0
2556.6,0.9,0,0
2556.7,0.9,0,0
2556.8,0.9,0,0
2556.9,0.9,0,0
2557,0.9,0,0
2557.1,0.9,0,0
2557.2,0.9,0,0
2557.3,0.9,0,0
2557.4,0.9,0,0
2557.5,0.9,0,0
2557.6,0.9,0,0
2557.7,0.9,0,0
2557.8,0.9,0,0
2557.9,0.9,0,0
2558.1,0.9,0,0
2558.2,0.9,0,0
2558.3,0.9,0,0
2558.4,0.9,0,0
2558.5,0.9,0,0
2558.6,0.9,0,0
2558.7,0.9,0,0
2558.8,0.9,0,0
2558.9,0.9,0,0
2559,0.9,0,0
2559.1,0.9,0,0
2559.2,0.9,0,0
2559.3,0.9,0,0
2559.4,0.9,0,0
2559.5,0.9,0,0
2559.7,0.9,0,0
2559.8,0.9,0,0
2559.9,0.9,0,0
2560,0.9,0,0
2560.1,0.9,0,0
2560.2,0.9,0,0
2560.3,0.9,0,0
2560.4,0.9,0,0
2560.5,0.9,0,0
2560.6,0.9,0,0
2560.7,0.9,0,0
2560.8,0.9,0,0
2560.9,0.9,0,0
2561,0.9,0,0
2561.1,0.9,0,0
2561.2,0.9,0,0
2561.3,0.9,0,0
2561.5,0.9,0,0
2561.6,0.9,0,0
2561.7,0.9,0,0
2561.8,0.9,0,0
2561.9,0.9,0,0
2562,0.9,0,0
2562.1,0.9,0,0
2562.2,0.9,0,0
2562.3,0.9,0,0
2562.4,0.9,0,0
2562.5,0.9,0,0
2562.6,0.9,0,0
2562.7,0.9,0,0
2562.8,0.9,0,0
2562.9,0.9,0,0
2563,0.9,0,0
2563.1,0.9,0,0
2563.3,0.9,0,0
2563.4,0.9,0,0
2563.5,0.9,0,0
2563.6,0.9,0,0
2563.7,0.9,0,0
2563.8,0.9,0,0
2563.9,0.9,0,0
2564,0.9,0,0
2564.1,0.9,0,0
2564.2,0.9,0,0
2564.3,0.9,0,0
2564.4,0.9,0,0
2564.5,0.9,0,0
2564.6,0.9,0,0
2564.7,0.9,0,0
2564.9,0.9,0,0
2565,0.9,0,0
2565.1,0.9,0,0
2565.2,0.9,0,0
2565.3,0.9,0,0
2565.4,0.9,0,0
2565.5,0.9,0,0
2565.6,0.9,0,0
2565.7,0.9,0,0
2565.8,0.9,0,0
2565.9,0.9,0,0
2566,0.6,0,0
2566.1,0.9,0,0
2566.2,0.9,0,0
2566.3,0.9,0,0
2566.4,0.9,0,0
2566.5,0.9,0,0
2566.7,0.9,0,0
2566.8,0.9,0,0
2566.9,0.9,0,0
2567,0.9,0,0
2567.1,0.9,0,0
2567.2,0.9,0,0
2567.3,0.9,0,0
2567.4,0.9,0,0
2567.5,0.9,0,0
2567.6,0.9,0,0
2567.7,0.9,0,0
2567.8,0.9,0,0
2567.9,0.9,0,0
2568,0.9,0,0
2568.1,0.9,0,0
2568.2,0.9,0,0
2568.4,0.9,0,0
2568.5,0.9,0,0
2568.6,0.9,0,0
2568.7,0.9,0,0
2568.8,0.9,0,0
2568.9,0.9,0,0
2569,0.9,0,0
2569.1,0.9,0,0
2569.2,0.9,0,0
2569.3,0.9,0,0
2569.4,0.9,0,0
2569.5,0.9,0,0
2569.6,0.9,0,0
2569.7,0.9,0,0
2569.8,0.9,0,0
2570,0.9,0,0
2570.1,0.9,0,0
2570.2,0.9,0,0
2570.3,0.9,0,0
2570.4,0.9,0,0
2570.5,0.9,0,0
2570.6,0.9,0,0
2570.7,0.9,0,0
2570.8,0.9,0,0
2570.9,0.9,0,0
2571,0.9,0,0
2571.1,0.9,0,0
2571.2,0.9,0,0
2571.3,0.9,0,0
2571.4,0.9,0,0
2571.5,0.9,0,0
2571.6,0.9,0,0
2571.8,0.9,0,0
2571.9,0.9,0,0
2572,0.9,0,0
2572.1,0.9,0,0
2572.2,0.9,0,0
2572.3,0.9,0,0
2572.4,0.9,0,0
2572.5,0.9,0,0
2572.6,0.9,0,0
2572.7,0.9,0,0
2572.8,0.9,0,0
2572.9,0.9,0,0
2573,0.9,0,0
2573.1,0.9,0,0
2573.2,0.9,0,0
2573.4,0.9,0,0
2573.5,0.9,0,0
2573.6,0.9,0,0
2573.7,0.9,0,0
2573.8,0.9,0,0
2573.9,0.9,0,0
2574,0.9,0,0
2574.1,0.9,0,0
2574.2,0.9,0,0
2574.3,0.9,0,0
2574.4,0.9,0,0
2574.5,0.9,0,0
2574.6,0.9,0,0
2574.7,0.9,0,0
2574.8,0.9,0,0
2574.9,0.9,0,0
2575.1,0.9,0,0
2575.2,0.9,0,0
2575.3,0.9,0,0
2575.4,0.9,0,0
2575.5,0.9,0,0
2575.6,0.9,0,0
2575.7,0.9,0,0
2575.8,0.9,0,0
2575.9,0.9,0,0
2576,0.9,0,0
2576.1,0.9,0,0
2576.2,0.9,0,0
2576.3,0.9,0,0
2576.4,0.9,0,0
2576.5,0.9,0,0
2576.6,0.9,0,0
2576.7,0.9,0,0
2576.9,0.9,0,0
2577,0.9,0,0
2577.1,0.9,0,0
2577.2,0.9,0,0
2577.3,0.9,0,0
2577.4,0.9,0,0
2577.5,0.9,0,0
2577.6,0.9,0,0
2577.7,0.9,0,0
2577.8,0.9,0,0
2577.9,0.9,0,0
2578,0.9,0,0
2578.1,0.9,0,0
2578.2,0.9,0,0
2578.3,0.9,0,0
2578.5,0.9,0,0
2578.6,0.9,0,0
2578.7,0.9,0,0
2578.8,0.9,0,0
2578.9,0.9,0,0
2579,0.9,0,0
2579.1,0.9,0,0
2579.2,0.9,0,0
2579.3,0.9,0,0
2579.4,0.9,0,0
2579.5,0.9,0,0
2579.6,0.9,0,0
2579.7,0.9,0,0
2579.8,0.9,0,0
2579.9,0.9,0,0
2580.1,0.9,0,0
2580.2,0.9,0,0
2580.3,0.9,0,0
2580.4,0.9,0,0
2580.5,0.9,0,0
2580.6,0.9,0,0
2580.7,0.9,0,0
2580.8,0.9,0,0
2580.9,0.9,0,0
2581,0.9,0,0
2581.1,0.9,0,0
2581.2,0.9,0,0
2581.3,0.9,0,0
2581.4,0.9,0,0
2581.5,0.9,0,0
2581.7,0.9,0,0
2581.8,0.9,0,0
2581.9,0.9,0,0
2582,0.9,0,0
2582.1,0.9,0,0
2582.2,0.9,0,0
2582.3,0.9,0,0
2582.4,0.9,0,0
2582.5,0.9,0,0
2582.6,0.9,0,0
2582.7,0.9,0,0
2582.8,0.9,0,0
2582.9,0.9,0,0
2583,0.9,0,0
2583.1,0.9,0,0
2583.2,0.6,0,0
2583.4,0.9,0,0
2583.5,0.9,0,0
2583.6,0.9,0,0
2583.7,0.9,0,0
2583.8,0.9,0,0
2583.9,0.9,0,0
2584,0.9,0,0
2584.1,0.9,0,0
2584.2,0.9,0,0
2584.3,0.9,0,0
2584.4,0.9,0,0
2584.5,0.9,0,0
2584.6,0.9,0,0
2584.7,0.9,0,0
2584.8,0.9,0,0
2584.9,0.9,0,0
2585.1,0.9,0,0
2585.2,0.9,0,0
2585.3,0.9,0,0
2585.4,0.9,0,0
2585.5,0.9,0,0
2585.6,0.9,0,0
2585.7,0.9,0,0
2585.8,0.9,0,0
2585.9,0.9,0,0
2586,0.9,0,0
2586.1,0.9,0,0
2586.2,0.9,0,0
2586.3,0.9,0,0
2586.4,0.9,0,0
2586.5,0.9,0,0
2586.6,0.9,0,0
2586.8,0.9,0,0
2586.9,0.9,0,0
2587,0.9,0,0
2587.1,0.9,0,0
2587.2,0.9,0,0
2587.3,0.9,0,0
2587.4,0.9,0,0
2587.5,0.9,0,0
2587.6,0.9,0,0
2587.7,0.9,0,0
2587.8,0.9,0,0
2587.9,0.9,0,0
2588,0.9,0,0
2588.1,0.9,0,0
2588.2,0.9,0,0
2588.3,0.9,0,0
2588.4,0.9,0,0
2588.6,0.9,0,0
2588.7,0.9,0,0
2588.8,0.9,0,0
2588.9,0.9,0,0
2589,0.9,0,0
2589.1,0.9,0,0
2589.2,0.9,0,0
2589.3,0.9,0,0
2589.4,0.9,0,0
2589.5,0.9,0,0
2589.6,0.9,0,0
2589.7,0.9,0,0
2589.8,0.9,0,0
2589.9,0.9,0,0
2590,0.9,0,0
2590.2,0.9,0,0
2590.3,0.9,0,0
2590.4,0.9,0,0
2590.5,0.9,0,0
2590.6,0.9,0,0
2590.7,0.9,0,0
2590.8,0.9,0,0
2590.9,0.9,0,0
2591,0.9,0,0
2591.1,0.9,0,0
2591.2,0.9,0,0
2591.3,0.9,0,0
2591.4,0.9,0,0
2591.5,0.9,0,0
2591.6,0.9,0,0
2591.7,0.9,0,0
2591.9,0.9,0,0
2592,0.9,0,0
2592.1,0.9,0,0
2592.2,0.9,0,0
2592.3,0.9,0,0
2592.4,0.9,0,0
2592.5,0.9,0,0
2592.6,0.9,0,0
2592.7,0.9,0,0
2592.8,0.9,0,0
2592.9,0.9,0,0
2593,0.9,0,0
2593.1,0.9,0,0
2593.2,0.9,0,0
2593.3,0.9,0,0
2593.5,0.9,0,0
2593.6,0.9,0,0
2593.7,0.9,0,0
2593.8,0.9,0,0
2593.9,0.9,0,0
2594,0.9,0,0
2594.1,0.9,0,0
2594.2,0.9,0,0
2594.3,0.9,0,0
2594.4,0.9,0,0
2594.5,0.9,0,0
2594.6,0.9,0,0
2594.7,0.9,0,0
2594.8,0.9,0,0
2594.9,0.9,0,0
2595,0.9,0,0
2595.1,0.9,0,0
2595.3,0.9,0,0
2595.4,0.6,0,0
2595.5,0.9,0,0
2595.6,0.9,0,0
2595.7,0.9,0,0
2595.8,0.9,0,0
2595.9,0.9,0,0
2596,0.9,0,0
2596.1,0.9,0,0
2596.2,0.9,0,0
2596.3,0.9,0,0
2596.4,0.9,0,0
2596.5,0.9,0,0
2596.6,0.9,0,0
2596.7,0.9,0,0
2596.8,0.9,0,0
2597,0.9,0,0
2597.1,0.9,0,0
2597.2,0.9,0,0
2597.3,0.9,0,0
2597.4,0.9,0,0
2597.5,0.9,0,0
2597.6,0.9,0,0
2597.7,0.9,0,0
2597.8,0.9,0,0
2597.9,0.9,0,0
2598,0.9,0,0
2598.1,0.9,0,0
2598.2,0.9,0,0
2598.3,0.9,0,0
2598.4,0.9,0,0
2598.5,0.9,0,0
2598.7,0.9,0,0
2598.8,0.9,0,0
2598.9,0.9,0,0
2599,0.9,0,0
2599.1,0.9,0,0
2599.2,0.9,0,0
2599.3,0.9,0,0
2599.4,0.9,0,0
2599.5,0.9,0,0
2599.6,0.9,0,0
2599.7,0.9,0,0
2599.8,0.9,0,0
2599.9,0.9,0,0
2600,0.9,0,0
2600.1,0.9,0,0
2600.2,0.9,0,0
2600.4,0.9,0,0
2600.5,0.9,0,0
2600.6,0.9,0,0
2600.7,0.9,0,0
2600.8,0.9,0,0
2600.9,0.9,0,0
2601,0.9,0,0
2601.1,0.9,0,0
2601.2,0.9,0,0
2601.3,0.9,0,0
2601.4,0.9,0,0
2601.5,0.9,0,0
2601.6,0.9,0,0
2601.7,0.9,0,0
2601.8,0.9,0,0
2601.9,0.9,0,0
2602.1,0.9,0,0
2602.2,0.9,0,0
2602.3,0.9,0,0
2602.4,0.9,0,0
2602.5,0.9,0,0
2602.6,0.9,0,0
2602.7,0.9,0,0
2602.8,0.9,0,0
2602.9,0.9,0,0
2603,0.9,0,0
2603.1,0.9,0,0
2603.2,0.9,0,0
2603.3,0.9,0,0
2603.4,0.9,0,0
2603.5,0.9,0,0
2603.6,0.9,0,0
2603.8,0.9,0,0
2603.9,0.9,0,0
2604,0.9,0,0
2604.1,0.9,0,0
2604.2,0.9,0,0
2604.3,0.9,0,0
2604.4,0.9,0,0
2604.5,0.9,0,0
2604.6,0.9,0,0
2604.7,0.9,0,0
2604.8,0.9,0,0
2604.9,0.9,0,0
2605,0.9,0,0
2605.1,0.9,0,0
2605.2,0.9,0,0
2605.3,0.9,0,0
2605.5,0.9,0,0
2605.6,0.6,0,0
2605.7,0.9,0,0
2605.8,0.9,0,0
2605.9,0.9,0,0
2606,0.9,0,0
2606.1,0.9,0,0
2606.2,0.9,0,0
2606.3,0.9,0,0
2606.4,0.9,0,0
2606.5,0.9,0,0
2606.6,0.9,0,0
2606.7,0.9,0,0
2606.8,0.9,0,0
2606.9,0.9,0,0
2607,0.9,0,0
2607.2,0.9,0,0
2607.3,0.9,0,0
2607.4,0.9,0,0
2607.5,0.9,0,0
2607.6,0.9,0,0
2607.7,0.9,0,0
2607.8,0.9,0,0
2607.9,0.9,0,0
2608,0.9,0,0
2608.1,0.9,0,0
2608.2,0.9,0,0
2608.3,0.9,0,0
2608.4,0.9,0,0
2608.5,0.9,0,0
2608.6,0.6,0,0
2608.7,0.9,0,0
2608.9,0.9,0,0
2609,0.9,0,0
2609.1,0.9,0,0
2609.2,0.9,0,0
2609.3,0.9,0,0
2609.4,0.9,0,0
2609.5,0.9,0,0
2609.6,0.9,0,0
2609.7,0.9,0,0
2609.8,0.9,0,0
2609.9,0.9,0,0
2610,0.9,0,0
2610.1,0.9,0,0
2610.2,0.9,0,0
2610.3,0.9,0,0
2610.4,0.9,0,0
2610.6,0.9,0,0
2610.7,0.9,0,0
2610.8,0.9,0,0
2610.9,0.9,0,0
2611,0.9,0,0
2611.1,0.9,0,0
2611.2,0.9,0,0
2611.3,0.9,0,0
2611.4,0.9,0,0
2611.5,0.9,0,0
2611.6,0.9,0,0
2611.7,0.9,0,0
2611.8,0.9,0,0
2611.9,0.9,0,0
2612,0.9,0,0
2612.1,0.9,0,0
2612.3,0.9,0,0
2612.4,0.9,0,0
2612.5,0.9,0,0
2612.6,0.9,0,0
2612.7,0.9,0,0
2612.8,0.9,0,0
2612.9,0.9,0,0
2613,0.9,0,0
2613.1,0.9,0,0
2613.2,0.9,0,0
2613.3,0.9,0,0
2613.4,0.9,0,0
2613.5,0.9,0,0
2613.6,0.9,0,0
2613.7,0.6,0,0
2613.8,0.9,0,0
2614,0.9,0,0
2614.1,0.9,0,0
2614.2,0.9,0,0
2614.3,0.9,0,0
2614.4,0.9,0,0
2614.5,0.9,0,0
2614.6,0.9,0,0
2614.7,0.9,0,0
2614.8,0.9,0,0
2614.9,0.9,0,0
2615,0.9,0,0
2615.1,0.9,0,0
2615.2,0.9,0,0
2615.3,0.9,0,0
2615.4,0.9,0,0
2615.5,0.9,0,0
2615.7,0.9,0,0
2615.8,0.9,0,0
2615.9,0.9,0,0
2616,0.9,0,0
2616.1,0.9,0,0
2616.2,0.9,0,0
2616.3,0.9,0,0
2616.4,0.9,0,0
2616.5,0.9,0,0
2616.6,0.9,0,0
2616.7,0.9,0,0
2616.8,0.9,0,0
2616.9,0.9,0,0
2617,0.9,0,0
2617.1,0.9,0,0
2617.2,0.9,0,0
2617.4,0.9,0,0
2617.5,0.9,0,0
2617.6,0.9,0,0
2617.7,0.9,0,0
2617.8,0.9,0,0
2617.9,0.9,0,0
2618,0.9,0,0
2618.1,0.9,0,0
2618.2,0.9,0,0
2618.3,0.9,0,0
2618.4,0.9,0,0
2618.5,0.9,0,0
2618.6,0.9,0,0
2618.7,0.9,0,0
2618.8,0.9,0,0
2618.9,0.9,0,0
2619,0.9,0,0
2619.2,0.9,0,0
2619.3,0.9,0,0
2619.4,0.9,0,0
2619.5,0.9,0,0
2619.6,0.9,0,0
2619.7,0.9,0,0
2619.8,0.9,0,0
2619.9,0.6,0,0
2620,0.9,0,0
2620.1,0.9,0,0
2620.2,0.9,0,0
2620.3,0.9,0,0
2620.4,0.9,0,0
2620.5,0.9,0,0
2620.6,0.9,0,0
2620.7,0.9,0,0
2620.9,0.9,0,0
2621,0.9,0,0
2621.1,0.9,0,0
2621.2,0.9,0,0
2621.3,0.9,0,0
2621.4,0.9,0,0
2621.5,0.9,0,0
2621.6,0.9,0,0
2621.7,0.9,0,0
2621.8,0.9,0,0
2621.9,0.9,0,0
2622,0.9,0,0
2622.1,0.9,0,0
2622.2,0.9,0,0
2622.3,0.9,0,0
2622.4,0.9,0,0
2622.6,0.9,0,0
2622.7,0.9,0,0
2622.8,0.9,0,0
2622.9,0.9,0,0
2623,0.9,0,0
2623.1,0.9,0,0
2623.2,0.9,0,0
2623.3,0.9,0,0
2623.4,0.9,0,0
2623.5,0.9,0,0
2623.6,0.9,0,0
2623.7,0.9,0,0
2623.8,0.9,0,0
2623.9,0.9,0,0
2624,0.9,0,0
2624.1,0.9,0,0
2624.3,0.9,0,0
2624.4,0.9,0,0
2624.5,0.9,0,0
2624.6,0.9,0,0
2624.7,0.9,0,0
2624.8,0.9,0,0
2624.9,0.9,0,0
2625,0.9,0,0
2625.1,0.9,0,0
2625.2,0.9,0,0
2625.3,0.9,0,0
2625.4,0.9,0,0
2625.5,0.9,0,0
2625.6,0.9,0,0
2625.7,0.9,0,0
2625.8,0.9,0,0
2626,0.9,0,0
2626.1,0.9,0,0
2626.2,0.9,0,0
2626.3,0.9,0,0
2626.4,0.9,0,0
2626.5,0.9,0,0
2626.6,0.9,0,0
2626.7,0.9,0,0
2626.8,0.9,0,0
2626.9,0.9,0,0
2627,0.9,0,0
2627.1,0.9,0,0
2627.2,0.9,0,0
2627.3,0.9,0,0
2627.4,0.9,0,0
2627.5,0.9,0,0
2627.7,0.9,0,0
2627.8,0.9,0,0
2627.9,0.9,0,0
2628,0.6,0,0
2628.1,0.9,0,0
2628.2,0.9,0,0
2628.3,0.9,0,0
2628.4,0.9,0,0
2628.5,0.9,0,0
2628.6,0.9,0,0
2628.7,0.9,0,0
2628.8,0.9,0,0
2628.9,0.9,0,0
2629,0.9,0,0
2629.1,0.9,0,0
2629.2,0.9,0,0
2629.4,0.9,0,0
2629.5,0.9,0,0
2629.6,0.9,0,0
2629.7,0.9,0,0
2629.8,0.9,0,0
2629.9,0.9,0,0
2630,0.9,0,0
2630.1,0.9,0,0
2630.2,0.9,0,0
2630.3,0.9,0,0
2630.4,0.9,0,0
2630.5,0.9,0,0
2630.6,0.9,0,0
2630.7,0.9,0,0
2630.8,0.9,0,0
2630.9,0.9,0,0
2631,0.9,0,0
2631.2,0.9,0,0
2631.3,0.9,0,0
2631.4,0.9,0,0
2631.5,0.9,0,0
2631.6,0.9,0,0
2631.7,0.9,0,0
2631.8,0.9,0,0
2631.9,0.9,0,0
2632,0.9,0,0
2632.1,0.9,0,0
2632.2,0.9,0,0
2632.3,0.9,0,0
2632.4,0.9,0,0
2632.5,0.9,0,0
2632.6,0.9,0,0
2632.7,0.9,0,0
2632.9,0.9,0,0
2633,0.9,0,0
2633.1,0.9,0,0
2633.2,0.9,0,0
2633.3,0.9,0,0
2633.4,0.9,0,0
2633.5,0.9,0,0
2633.6,0.9,0,0
2633.7,0.9,0,0
2633.8,0.9,0,0
2633.9,0.9,0,0
2634,0.9,0,0
2634.1,0.9,0,0
2634.2,0.9,0,0
2634.3,0.9,0,0
2634.4,0.9,0,0
2634.6,0.9,0,0
2634.7,0.6,0,0
2634.8,0.9,0,0
2634.9,0.9,0,0
2635,0.9,0,0
2635.1,0.9,0,0
2635.2,0.9,0,0
2635.3,0.9,0,0
2635.4,0.9,0,0
2635.5,0.9,0,0
2635.6,0.9,0,0
2635.7,0.9,0,0
2635.8,0.9,0,0
2635.9,0.9,0,0
2636,0.9,0,0
2636.2,0.9,0,0
2636.3,0.9,0,0
2636.4,0.9,0,0
2636.5,0.9,0,0
2636.6,0.9,0,0
2636.7,0.6,0,0
2636.8,0.9,0,0
2636.9,0.9,0,0
2637,0.9,0,0
2637.1,0.9,0,0
2637.2,0.9,0,0
2637.3,0.9,0,0
2637.4,0.9,0,0
2637.5,0.9,0,0
2637.6,0.9,0,0
2637.7,0.9,0,0
2637.9,0.9,0,0
2638,0.9,0,0
2638.1,0.9,0,0
2638.2,0.9,0,0
2638.3,0.9,0,0
2638.4,0.9,0,0
2638.5,0.9,0,0
2638.6,0.9,0,0
2638.7,0.9,0,0
2638.8,0.9,0,0
2638.9,0.9,0,0
2639,0.9,0,0
2639.1,0.9,0,0
2639.2,0.9,0,0
2639.3,0.9,0,0
2639.4,0.9,0,0
2639.5,0.9,0,0
2639.7,0.9,0,0
2639.8,0.9,0,0
2639.9,0.9,0,0
2640,0.9,0,0
2640.1,0.9,0,0
2640.2,0.9,0,0
2640.3,0.9,0,0
2640.4,0.9,0,0
2640.5,0.9,0,0
2640.6,0.9,0,0
2640.7,0.9,0,0
2640.8,0.9,0,0
2640.9,0.9,0,0
2641,0.9,0,0
2641.1,0.9,0,0
2641.2,0.9,0,0
2641.4,0.9,0,0
2641.5,0.9,0,0
2641.6,0.9,0,0
2641.7,0.9,0,0
2641.8,0.9,0,0
2641.9,0.9,0,0
2642,0.9,0,0
2642.1,0.9,0,0
2642.2,0.9,0,0
2642.3,0.9,0,0
2642.4,0.9,0,0
2642.5,0.9,0,0
2642.6,0.9,0,0
2642.7,0.9,0,0
2642.8,0.9,0,0
2642.9,0.9,0,0
2643,0.9,0,0
2643.2,0.9,0,0
2643.3,0.9,0,0
2643.4,0.9,0,0
2643.5,0.9,0,0
2643.6,0.9,0,0
2643.7,0.9,0,0
2643.8,0.9,0,0
2643.9,0.9,0,0
2644,0.9,0,0
2644.1,0.9,0,0
2644.2,0.9,0,0
2644.3,0.9,0,0
2644.4,0.9,0,0
2644.5,0.9,0,0
2644.6,0.9,0,0
2644.8,0.9,0,0
2644.9,0.9,0,0
2645,0.9,0,0
2645.1,0.9,0,0
2645.2,0.9,0,0
2645.3,0.9,0,0
2645.4,0.9,0,0
2645.5,0.9,0,0
2645.6,0.9,0,0
2645.7,0.9,0,0
2645.8,0.9,0,0
2645.9,0.9,0,0
2646,0.9,0,0
2646.1,0.9,0,0
2646.2,0.9,0,0
2646.3,0.9,0,0
2646.5,0.9,0,0
2646.6,0.9,0,0
2646.7,0.9,0,0
2646.8,0.9,0,0
2646.9,0.9,0,0
2647,0.9,0,0
2647.1,0.9,0,0
2647.2,0.9,0,0
2647.3,0.9,0,0
2647.4,0.9,0,0
2647.5,0.9,0,0
2647.6,0.9,0,0
2647.7,0.9,0,0
2647.8,0.9,0,0
2647.9,0.9,0,0
2648,0.9,0,0
2648.1,0.9,0,0
2648.3,0.9,0,0
2648.4,0.9,0,0
2648.5,0.9,0,0
2648.6,0.9,0,0
2648.7,0.9,0,0
2648.8,0.9,0,0
2648.9,0.9,0,0
2649,0.9,0,0
2649.1,0.9,0,0
2649.2,0.9,0,0
2649.3,0.9,0,0
2649.4,0.9,0,0
2649.5,0.9,0,0
2649.6,0.9,0,0
2649.7,0.9,0,0
2649.8,0.9,0,0
2650,0.6,0,0
2650.1,0.9,0,0
2650.2,0.9,0,0
2650.3,0.9,0,0
2650.4,0.9,0,0
2650.5,0.9,0,0
2650.6,0.9,0,0
2650.7,0.9,0,0
2650.8,0.9,0,0
2650.9,0.9,0,0
2651,0.9,0,0
2651.1,0.9,0,0
2651.2,0.9,0,0
2651.3,0.9,0,0
2651.4,0.9,0,0
2651.5,0.9,0,0
2651.7,0.9,0,0
2651.8,0.9,0,0
2651.9,0.9,0,0
2652,0.9,0,0
2652.1,0.9,0,0
2652.2,0.9,0,0
2652.3,0.9,0,0
2652.4,0.9,0,0
2652.5,0.9,0,0
2652.6,0.9,0,0
2652.7,0.9,0,0
2652.8,0.9,0,0
2652.9,0.9,0,0
2653,0.9,0,0
2653.1,0.9,0,0
2653.2,0.9,0,0
2653.4,0.9,0,0
2653.5,0.9,0,0
2653.6,0.9,0,0
2653.7,0.9,0,0
2653.8,0.9,0,0
2653.9,0.9,0,0
2654,0.9,0,0
2654.1,0.9,0,0
2654.2,0.9,0,0
2654.3,0.9,0,0
2654.4,0.9,0,0
2654.5,0.9,0,0
2654.6,0.9,0,0
2654.7,0.9,0,0
2654.8,0.9,0,0
2654.9,0.9,0,0
2655.1,0.9,0,0
2655.2,0.9,0,0
2655.3,0.9,0,0
2655.4,0.9,0,0
2655.5,0.9,0,0
2655.6,0.9,0,0
2655.7,0.9,0,0
2655.8,0.9,0,0
2655.9,0.9,0,0
2656,0.9,0,0
2656.1,0.9,0,0
2656.2,0.9,0,0
2656.3,0.9,0,0
2656.4,0.9,0,0
2656.5,0.9,0,0
2656.6,0.9,0,0
2656.8,0.9,0,0
2656.9,0.9,0,0
2657,0.9,0,0
2657.1,0.9,0,0
2657.2,0.9,0,0
2657.3,0.9,0,0
2657.4,0.9,0,0
2657.5,0.9,0,0
2657.6,0.9,0,0
2657.7,0.9,0,0
2657.8,0.9,0,0
2657.9,0.9,0,0
2658,0.9,0,0
2658.1,0.9,0,0
2658.2,0.9,0,0
2658.4,0.9,0,0
2658.5,0.9,0,0
2658.6,0.9,0,0
2658.7,0.9,0,0
2658.8,0.9,0,0
2658.9,0.9,0,0
2659,0.9,0,0
2659.1,0.9,0,0
2659.2,0.9,0,0
2659.3,0.9,0,0
2659.4,0.9,0,0
2659.5,0.9,0,0
2659.6,0.9,0,0
2659.7,0.9,0,0
2659.8,0.9,0,0
2659.9,0.9,0,0
2660,0.9,0,0
2660.2,0.6,0,0
2660.3,0.9,0,0
2660.4,0.9,0,0
2660.5,0.9,0,0
2660.6,0.9,0,0
2660.7,0.9,0,0
2660.8,0.9,0,0
2660.9,0.9,0,0
2661,0.9,0,0
2661.1,0.9,0,0
2661.2,0.9,0,0
2661.3,0.9,0,0
2661.4,0.9,0,0
2661.5,0.9,0,0
2661.6,0.9,0,0
2661.7,0.9,0,0
2661.9,0.9,0,0
2662,0.9,0,0
2662.1,0.9,0,0
2662.2,0.9,0,0
2662.3,0.9,0,0
2662.4,0.9,0,0
2662.5,0.9,0,0
2662.6,0.9,0,0
2662.7,0.9,0,0
2662.8,0.9,0,0
2662.9,0.9,0,0
2663,0.9,0,0
2663.1,0.9,0,0
2663.2,0.9,0,0
2663.3,0.9,0,0
2663.4,0.9,0,0
2663.5,0.9,0,0
2663.7,0.9,0,0
2663.8,0.9,0,0
2663.9,0.9,0,0
2664,0.9,0,0
2664.1,0.9,0,0
2664.2,0.9,0,0
2664.3,0.9,0,0
2664.4,0.9,0,0
2664.5,0.9,0,0
2664.6,0.9,0,0
2664.7,0.9,0,0
2664.8,0.9,0,0
2664.9,0.9,0,0
2665,0.9,0,0
2665.1,0.9,0,0
2665.2,0.9,0,0
2665.4,0.9,0,0
2665.5,0.9,0,0
2665.6,0.9,0,0
2665.7,0.9,0,0
2665.8,0.9,0,0
2665.9,0.9,0,0
2666,0.9,0,0
2666.1,0.9,0,0
2666.2,0.9,0,0
2666.3,0.9,0,0
2666.4,0.9,0,0
2666.5,0.9,0,0
2666.6,0.9,0,0
2666.7,0.9,0,0
2666.8,0.9,0,0
2666.9,0.9,0,0
2667.1,0.9,0,0
2667.2,0.9,0,0
2667.3,0.9,0,0
2667.4,0.9,0,0
2667.5,0.9,0,0
2667.6,0.9,0,0
2667.7,0.9,0,0
2667.8,0.9,0,0
2667.9,0.9,0,0
2668,0.9,0,0
2668.1,0.9,0,0
2668.2,0.9,0,0
2668.3,0.9,0,0
2668.4,0.9,0,0
2668.5,0.9,0,0
2668.6,0.9,0,0
2668.8,0.9,0,0
2668.9,0.9,0,0
2669,0.9,0,0
2669.1,0.9,0,0
2669.2,0.9,0,0
2669.3,0.9,0,0
2669.4,0.9,0,0
2669.5,0.9,0,0
2669.6,0.9,0,0
2669.7,0.9,0,0
2669.8,0.9,0,0
2669.9,0.9,0,0
2670,0.9,0,0
2670.1,0.9,0,0
2670.2,0.9,0,0
2670.3,0.9,0,0
2670.5,0.9,0,0
2670.6,0.9,0,0
2670.7,0.9,0,0
2670.8,0.9,0,0
2670.9,0.9,0,0
2671,0.9,0,0
2671.1,0.9,0,0
2671.2,0.9,0,0
2671.3,0.9,0,0
2671.4,0.9,0,0
2671.5,0.9,0,0
2671.6,0.9,0,0
2671.7,0.9,0,0
2671.8,0.9,0,0
2671.9,0.9,0,0
2672,0.9,0,0
2672.2,0.9,0,0
2672.3,0.9,0,0
2672.4,0.9,0,0
2672.5,0.6,0,0
2672.6,0.9,0,0
2672.7,0.9,0,0
2672.8,0.9,0,0
2672.9,0.9,0,0
2673,0.9,0,0
2673.1,0.9,0,0
2673.2,0.9,0,0
2673.3,0.9,0,0
2673.4,0.9,0,0
2673.5,0.9,0,0
2673.6,0.9,0,0
2673.7,0.9,0,0
2673.9,0.9,0,0
2674,0.9,0,0
2674.1,0.9,0,0
2674.2,0.9,0,0
2674.3,0.9,0,0
2674.4,0.9,0,0
2674.5,0.9,0,0
2674.6,0.9,0,0
2674.7,0.9,0,0
2674.8,0.9,0,0
2674.9,0.9,0,0
2675,0.9,0,0
2675.1,0.9,0,0
2675.2,0.9,0,0
2675.3,0.9,0,0
2675.4,0.9,0,0
2675.5,0.9,0,0
2675.7,0.9,0,0
2675.8,0.9,0,0
2675.9,0.9,0,0
2676,0.9,0,0
2676.1,0.6,0,0
2676.2,0.9,0,0
2676.3,0.9,0,0
2676.4,0.9,0,0
2676.5,0.9,0,0
2676.6,0.9,0,0
2676.7,0.9,0,0
2676.8,0.9,0,0
2676.9,0.9,0,0
2677,0.9,0,0
2677.1,0.9,0,0
2677.2,0.9,0,0
2677.4,0.9,0,0
2677.5,0.9,0,0
2677.6,0.9,0,0
2677.7,0.9,0,0
2677.8,0.9,0,0
2677.9,0.9,0,0
2678,0.9,0,0
2678.1,0.9,0,0
2678.2,0.9,0,0
2678.3,0.9,0,0
2678.4,0.9,0,0
2678.5,0.9,0,0
2678.6,0.9,0,0
2678.7,0.9,0,0
2678.8,0.9,0,0
2678.9,0.9,0,0
2679.1,0.9,0,0
2679.2,0.9,0,0
2679.3,0.9,0,0
2679.4,0.9,0,0
2679.5,0.9,0,0
2679.6,0.9,0,0
2679.7,0.6,0,0
2679.8,0.9,0,0
2679.9,0.9,0,0
2680,0.9,0,0
2680.1,0.9,0,0
2680.2,0.9,0,0
2680.3,0.9,0,0
2680.4,0.9,0,0
2680.5,0.9,0,0
2680.6,0.9,0,0
2680.8,0.9,0,0
2680.9,0.9,0,0
2681,0.9,0,0
2681.1,0.9,0,0
2681.2,0.9,0,0
2681.3,0.9,0,0
2681.4,0.9,0,0
2681.5,0.9,0,0
2681.6,0.9,0,0
2681.7,0.9,0,0
2681.8,0.9,0,0
2681.9,0.9,0,0
2682,0.9,0,0
2682.1,0.9,0,0
2682.2,0.9,0,0
2682.3,0.9,0,0
2682.5,0.9,0,0
2682.6,0.9,0,0
2682.7,0.9,0,0
2682.8,0.6,0,0
2682.9,0.9,0,0
2683,0.9,0,0
2683.1,0.9,0,0
2683.2,0.9,0,0
2683.3,0.9,0,0
2683.4,0.9,0,0
2683.5,0.9,0,0
2683.6,0.9,0,0
2683.7,0.9,0,0
2683.8,0.9,0,0
2683.9,0.9,0,0
2684,0.9,0,0
2684.2,0.9,0,0
2684.3,0.9,0,0
2684.4,0.9,0,0
2684.5,0.9,0,0
2684.6,0.9,0,0
2684.7,0.9,0,0
2684.8,0.9,0,0
2684.9,0.9,0,0
2685,0.9,0,0
2685.1,0.9,0,0
2685.2,0.9,0,0
2685.3,0.9,0,0
2685.4,0.9,0,0
2685.5,0.9,0,0
2685.6,0.9,0,0
2685.7,0.9,0,0
2685.9,0.9,0,0
2686,0.9,0,0
2686.1,0.9,0,0
2686.2,0.9,0,0
2686.3,0.9,0,0
2686.4,0.9,0,0
2686.5,0.9,0,0
2686.6,0.9,0,0
2686.7,0.9,0,0
2686.8,0.9,0,0
2686.9,0.9,0,0
2687,0.9,0,0
2687.1,0.9,0,0
2687.2,0.9,0,0
2687.3,0.6,0,0
2687.5,0.9,0,0
2687.6,0.9,0,0
2687.7,0.9,0,0
2687.8,0.9,0,0
2687.9,0.9,0,0
2688,0.9,0,0
2688.1,0.9,0,0
2688.2,0.9,0,0
2688.3,0.9,0,0
2688.4,0.9,0,0
2688.5,0.9,0,0
2688.6,0.9,0,0
2688.7,0.9,0,0
2688.8,0.9,0,0
2688.9,0.9,0,0
2689,0.9,0,0
2689.2,0.9,0,0
2689.3,0.9,0,0
2689.4,0.9,0,0
2689.5,0.9,0,0
2689.6,0.9,0,0
2689.7,0.9,0,0
2689.8,0.9,0,0
2689.9,0.9,0,0
2690,0.9,0,0
2690.1,0.9,0,0
2690.2,0.9,0,0
2690.3,0.9,0,0
2690.4,0.9,0,0
2690.5,0.9,0,0
2690.6,0.9,0,0
2690.7,0.9,0,0
2690.9,0.9,0,0
2691,0.9,0,0
2691.1,0.9,0,0
2691.2,0.9,0,0
2691.3,0.9,0,0
2691.4,0.9,0,0
2691.5,0.9,0,0
2691.6,0.9,0,0
2691.7,0.9,0,0
2691.8,0.9,0,0
2691.9,0.9,0,0
2692,0.9,0,0
2692.1,0.9,0,0
2692.2,0.9,0,0
2692.3,0.9,0,0
2692.4,0.9,0,0
2692.6,0.9,0,0
2692.7,0.9,0,0
2692.8,0.9,0,0
2692.9,0.9,0,0
2693,0.9,0,0
2693.1,0.9,0,0
2693.2,0.9,0,0
2693.3,0.9,0,0
2693.4,0.9,0,0
2693.5,0.9,0,0
2693.6,0.9,0,0
2693.7,0.9,0,0
2693.8,0.9,0,0
2693.9,0.9,0,0
2694,0.6,0,0
2694.1,0.9,0,0
2694.3,0.9,0,0
2694.4,0.9,0,0
2694.5,0.9,0,0
2694.6,0.9,0,0
2694.7,0.9,0,0
2694.8,0.9,0,0
2694.9,0.9,0,0
2695,0.6,0,0
2695.1,0.9,0,0
2695.2,0.9,0,0
2695.3,0.9,0,0
2695.4,0.9,0,0
2695.5,0.9,0,0
2695.6,0.9,0,0
2695.7,0.9,0,0
2695.8,0.9,0,0
2696,0.9,0,0
2696.1,0.9,0,0
2696.2,0.9,0,0
2696.3,0.9,0,0
2696.4,0.9,0,0
2696.5,0.9,0,0
2696.6,0.9,0,0
2696.7,0.9,0,0
2696.8,0.9,0,0
2696.9,0.9,0,0
2697,0.9,0,0
2697.1,0.9,0,0
2697.2,0.9,0,0
2697.3,0.9,0,0
2697.4,0.9,0,0
2697.5,0.9,0,0
2697.6,0.9,0,0
2697.8,0.9,0,0
2697.9,0.9,0,0
2698,0.9,0,0
2698.1,0.9,0,0
2698.2,0.9,0,0
2698.3,0.9,0,0
2698.4,0.9,0,0
2698.5,0.9,0,0
2698.6,0.9,0,0
2698.7,0.9,0,0
2698.8,0.9,0,0
2698.9,0.9,0,0
2699,0.9,0,0
2699.1,0.6,0,0
2699.2,0.9,0,0
2699.3,0.9,0,0
2699.5,0.9,0,0
2699.6,0.9,0,0
2699.7,0.9,0,0
2699.8,0.9,0,0
2699.9,0.9,0,0
2700,0.9,0,0
2700.1,0.9,0,0
2700.2,0.9,0,0
2700.3,0.9,0,0
2700.4,0.9,0,0
2700.5,0.9,0,0
2700.6,0.9,0,0
2700.7,0.9,0,0
2700.8,0.9,0,0
2700.9,0.9,0,0
2701,0.9,0,0
2701.1,0.9,0,0
2701.3,0.9,0,0
2701.4,0.9,0,0
2701.5,0.9,0,0
2701.6,0.9,0,0
2701.7,0.9,0,0
2701.8,0.9,0,0
2701.9,0.9,0,0
2702,0.9,0,0
2702.1,0.9,0,0
2702.2,0.9,0,0
2702.3,0.9,0,0
2702.4,0.9,0,0
2702.5,0.9,0,0
2702.6,0.9,0,0
2702.7,0.6,0,0
2702.8,0.9,0,0
2703,0.9,0,0
2703.1,0.9,0,0
2703.2,0.9,0,0
2703.3,0.9,0,0
2703.4,0.9,0,0
2703.5,0.9,0,0
2703.6,0.9,0,0
2703.7,0.9,0,0
2703.8,0.9,0,0
2703.9,0.9,0,0
2704,0.9,0,0
2704.1,0.9,0,0
2704.2,0.9,0,0
2704.3,0.9,0,0
2704.4,0.9,0,0
2704.5,0.9,0,0
2704.6,0.9,0,0
2704.8,0.9,0,0
2704.9,0.9,0,0
2705,0.9,0,0
2705.1,0.9,0,0
2705.2,0.9,0,0
2705.3,0.9,0,0
2705.4,0.9,0,0
2705.5,0.9,0,0
2705.6,0.9,0,0
2705.7,0.9,0,0
2705.8,0.9,0,0
2705.9,0.9,0,0
2706,0.9,0,0
2706.1,0.9,0,0
2706.2,0.9,0,0
2706.3,0.6,0,0
2706.5,0.9,0,0
2706.6,0.9,0,0
2706.7,0.9,0,0
2706.8,0.9,0,0
2706.9,0.9,0,0
2707,0.9,0,0
2707.1,0.9,0,0
2707.2,0.9,0,0
2707.3,0.9,0,0
2707.4,0.9,0,0
2707.5,0.9,0,0
2707.6,0.9,0,0
2707.7,0.9,0,0
2707.8,0.9,0,0
2707.9,0.9,0,0
2708,0.9,0,0
2708.1,0.9,0,0
2708.3,0.9,0,0
2708.4,0.9,0,0
2708.5,0.9,0,0
2708.6,0.9,0,0
2708.7,0.9,0,0
2708.8,0.9,0,0
2708.9,0.9,0,0
2709,0.9,0,0
2709.1,0.9,0,0
2709.2,0.9,0,0
2709.3,0.9,0,0
2709.4,0.9,0,0
2709.5,0.9,0,0
2709.6,0.9,0,0
2709.7,0.9,0,0
2709.8,0.9,0,0
2710,0.9,0,0
2710.1,0.9,0,0
2710.2,0.9,0,0
2710.3,0.9,0,0
2710.4,0.9,0,0
2710.5,0.9,0,0
2710.6,0.9,0,0
2710.7,0.9,0,0
2710.8,0.9,0,0
2710.9,0.9,0,0
2711,0.9,0,0
2711.1,0.9,0,0
2711.2,0.9,0,0
2711.3,0.9,0,0
2711.4,0.9,0,0
2711.5,0.9,0,0
2711.7,0.9,0,0
2711.8,0.9,0,0
2711.9,0.9,0,0
2712,0.9,0,0
2712.1,0.9,0,0
2712.2,0.9,0,0
2712.3,0.9,0,0
2712.4,0.9,0,0
2712.5,0.9,0,0
2712.6,0.9,0,0
2712.7,0.9,0,0
2712.8,0.9,0,0
2712.9,0.9,0,0
2713,0.9,0,0
2713.1,0.9,0,0
2713.2,0.9,0,0
2713.3,0.9,0,0
2713.5,0.9,0,0
2713.6,0.9,0,0
2713.7,0.9,0,0
2713.8,0.9,0,0
2713.9,0.9,0,0
2714,0.9,0,0
2714.1,0.9,0,0
2714.2,0.9,0,0
2714.3,0.9,0,0
2714.4,0.9,0,0
2714.5,0.9,0,0
2714.6,0.9,0,0
2714.7,0.9,0,0
2714.8,0.9,0,0
2714.9,0.9,0,0
2715.1,0.9,0,0
2715.2,0.9,0,0
2715.3,0.9,0,0
2715.4,0.9,0,0
2715.5,0.9,0,0
2715.6,0.9,0,0
2715.7,0.9,0,0
2715.8,0.9,0,0
2715.9,0.9,0,0
2716,0.9,0,0
2716.1,0.9,0,0
2716.2,0.9,0,0
2716.3,0.9,0,0
2716.4,0.9,0,0
2716.5,0.9,0,0
2716.6,0.9,0,0
2716.8,0.9,0,0
2716.9,0.9,0,0
2717,0.9,0,0
2717.1,0.9,0,0
2717.2,0.9,0,0
2717.3,0.9,0,0
2717.4,0.9,0,0
2717.5,0.9,0,0
2717.6,0.9,0,0
2717.7,0.9,0,0
2717.8,0.9,0,0
2717.9,0.9,0,0
2718,0.9,0,0
2718.1,0.9,0,0
2718.2,0.9,0,0
2718.3,0.9,0,0
2718.5,0.9,0,0
2718.6,0.9,0,0
2718.7,0.9,0,0
2718.8,0.9,0,0
2718.9,0.9,0,0
2719,0.9,0,0
2719.1,0.9,0,0
2719.2,0.9,0,0
2719.3,0.9,0,0
2719.4,0.9,0,0
2719.5,0.9,0,0
2719.6,0.9,0,0
2719.7,0.9,0,0
2719.8,0.9,0,0
2719.9,0.9,0,0
2720,0.9,0,0
2720.2,0.9,0,0
2720.3,0.9,0,0
2720.4,0.9,0,0
2720.5,0.9,0,0
2720.6,0.9,0,0
2720.7,0.9,0,0
2720.8,0.9,0,0
2720.9,0.9,0,0
2721,0.9,0,0
2721.1,0.9,0,0
2721.2,0.9,0,0
2721.3,0.9,0,0
2721.4,0.9,0,0
2721.5,0.9,0,0
2721.6,0.9,0,0
2721.7,0.9,0,0
2721.9,0.9,0,0
2722,0.9,0,0
2722.1,0.9,0,0
2722.2,0.9,0,0
2722.3,0.9,0,0
2722.4,0.9,0,0
2722.5,0.9,0,0
2722.6,0.9,0,0
2722.7,0.9,0,0
2722.8,0.9,0,0
2722.9,0.9,0,0
2723,0.9,0,0
2723.1,0.9,0,0
2723.2,0.6,0,0
2723.3,0.9,0,0
2723.4,0.9,0,0
2723.6,0.9,0,0
2723.7,0.9,0,0
2723.8,0.9,0,0
2723.9,0.9,0,0
2724,0.9,0,0
2724.1,0.9,0,0
2724.2,0.9,0,0
2724.3,0.9,0,0
2724.4,0.9,0,0
2724.5,0.9,0,0
2724.6,0.9,0,0
2724.7,0.9,0,0
2724.8,0.9,0,0
2724.9,0.9,0,0
2725,0.9,0,0
2725.1,0.9,0,0
2725.2,0.9,0,0
2725.4,0.9,0,0
2725.5,0.9,0,0
2725.6,0.9,0,0
2725.7,0.9,0,0
2725.8,0.9,0,0
2725.9,0.9,0,0
2726,0.9,0,0
2726.1,0.9,0,0
2726.2,0.9,0,0
2726.3,0.9,0,0
2726.4,0.9,0,0
2726.5,0.9,0,0
2726.6,0.9,0,0
2726.7,0.9,0,0
2726.8,0.9,0,0
2726.9,0.9,0,0
2727.1,0.9,0,0
2727.2,0.9,0,0
2727.3,0.9,0,0
2727.4,0.9,0,0
2727.5,0.9,0,0
2727.6,0.9,0,0
2727.7,0.9,0,0
2727.8,0.9,0,0
2727.9,0.9,0,0
2728,0.9,0,0
2728.1,0.9,0,0
2728.2,0.9,0,0
2728.3,0.9,0,0
2728.4,0.9,0,0
2728.5,0.9,0,0
2728.6,0.9,0,0
2728.8,0.9,0,0
2728.9,0.9,0,0
2729,0.9,0,0
2729.1,0.9,0,0
2729.2,0.9,0,0
2729.3,0.9,0,0
2729.4,0.9,0,0
2729.5,0.9,0,0
2729.6,0.9,0,0
2729.7,0.9,0,0
2729.8,0.9,0,0
2729.9,0.9,0,0
2730,0.9,0,0
2730.1,0.9,0,0
2730.2,0.9,0,0
2730.3,0.9,0,0
2730.5,0.9,0,0
2730.6,0.9,0,0
2730.7,0.9,0,0
2730.8,0.9,0,0
2730.9,0.9,0,0
2731,0.9,0,0
2731.1,0.9,0,0
2731.2,0.9,0,0
2731.3,0.9,0,0
2731.4,0.9,0,0
2731.5,0.9,0,0
2731.6,0.9,0,0
2731.7,0.9,0,0
2731.8,0.9,0,0
2731.9,0.6,0,0
2732,0.9,0,0
2732.2,0.9,0,0
2732.3,0.9,0,0
2732.4,0.9,0,0
2732.5,0.9,0,0
2732.6,0.9,0,0
2732.7,0.9,0,0
2732.8,0.9,0,0
2732.9,0.9,0,0
2733,0.9,0,0
2733.1,0.9,0,0
2733.2,0.9,0,0
2733.3,0.9,0,0
2733.4,0.9,0,0
2733.5,0.9,0,0
2733.6,0.9,0,0
2733.7,0.9,0,0
2733.9,0.9,0,0
2734,0.9,0,0
2734.1,0.9,0,0
2734.2,0.9,0,0
2734.3,0.9,0,0
2734.4,0.9,0,0
2734.5,0.9,0,0
2734.6,0.9,0,0
2734.7,0.9,0,0
2734.8,0.9,0,0
2734.9,0.9,0,0
2735,0.6,0,0
2735.1,0.9,0,0
2735.2,0.9,0,0
2735.3,0.9,0,0
2735.4,0.9,0,0
2735.5,0.9,0,0
2735.7,0.9,0,0
2735.8,0.9,0,0
2735.9,0.9,0,0
2736,0.9,0,0
2736.1,0.9,0,0
2736.2,0.9,0,0
2736.3,0.9,0,0
2736.4,0.9,0,0
2736.5,0.9,0,0
2736.6,0.9,0,0
2736.7,0.9,0,0
2736.8,0.9,0,0
2736.9,0.9,0,0
2737,0.9,0,0
2737.1,0.9,0,0
2737.3,0.9,0,0
2737.4,0.9,0,0
2737.5,0.9,0,0
2737.6,0.9,0,0
2737.7,0.9,0,0
2737.8,0.9,0,0
2737.9,0.9,0,0
2738,0.9,0,0
2738.1,0.9,0,0
2738.2,0.9,0,0
2738.3,0.9,0,0
2738.4,0.9,0,0
2738.5,0.9,0,0
2738.6,0.9,0,0
2738.7,0.9,0,0
2738.8,0.9,0,0
2739,0.9,0,0
2739.1,0.9,0,0
2739.2,0.9,0,0
2739.3,0.9,0,0
2739.4,0.9,0,0
2739.5,0.9,0,0
2739.6,0.9,0,0
2739.7,0.9,0,0
2739.8,0.9,0,0
2739.9,0.9,0,0
2740,0.9,0,0
2740.1,0.9,0,0
2740.2,0.9,0,0
2740.3,0.9,0,0
2740.4,0.9,0,0
2740.5,0.9,0,0
2740.7,0.9,0,0
2740.8,0.9,0,0
2740.9,0.9,0,0
2741,0.9,0,0
2741.1,0.9,0,0
2741.2,0.6,0,0
2741.3,0.9,0,0
2741.4,0.9,0,0
2741.5,0.9,0,0
2741.6,0.9,0,0
2741.7,0.9,0,0
2741.8,0.9,0,0
2741.9,0.9,0,0
2742,0.9,0,0
2742.1,0.9,0,0
2742.2,0.9,0,0
2742.4,0.9,0,0
2742.5,0.9,0,0
2742.6,0.9,0,0
2742.7,0.9,0,0
2742.8,0.9,0,0
2742.9,0.9,0,0
2743,0.9,0,0
2743.1,0.9,0,0
2743.2,0.9,0,0
2743.3,0.9,0,0
2743.4,0.9,0,0
2743.5,0.9,0,0
2743.6,0.9,0,0
2743.7,0.9,0,0
2743.8,0.9,0,0
2743.9,0.9,0,0
2744.1,0.9,0,0
2744.2,0.9,0,0
2744.3,0.9,0,0
2744.4,0.9,0,0
2744.5,0.9,0,0
2744.6,0.9,0,0
2744.7,0.9,0,0
2744.8,0.9,0,0
2744.9,0.9,0,0
2745,0.9,0,0
2745.1,0.9,0,0
2745.2,0.9,0,0
2745.3,0.9,0,0
2745.4,0.9,0,0
2745.5,0.9,0,0
2745.7,0.9,0,0
2745.8,0.9,0,0
2745.9,0.9,0,0
2746,0.9,0,0
2746.1,0.9,0,0
2746.2,0.9,0,0
2746.3,0.9,0,0
2746.4,0.9,0,0
2746.5,0.9,0,0
2746.6,0.9,0,0
2746.7,0.9,0,0
2746.8,0.9,0,0
2746.9,0.9,0,0
2747,0.9,0,0
2747.1,0.9,0,0
2747.3,0.9,0,0
2747.4,0.9,0,0
2747.5,0.9,0,0
2747.6,0.9,0,0
2747.7,0.9,0,0
2747.8,0.9,0,0
2747.9,0.9,0,0
2748,0.9,0,0
2748.1,0.9,0,0
2748.2,0.9,0,0
2748.3,0.9,0,0
2748.4,0.9,0,0
2748.5,0.9,0,0
2748.6,0.9,0,0
2748.7,0.9,0,0
2748.8,0.9,0,0
2748.9,0.9,0,0
2749.1,0.9,0,0
2749.2,0.9,0,0
2749.3,0.9,0,0
2749.4,0.9,0,0
2749.5,0.9,0,0
2749.6,0.9,0,0
2749.7,0.9,0,0
2749.8,0.9,0,0
2749.9,0.9,0,0
2750,0.9,0,0
2750.1,0.9,0,0
2750.2,0.9,0,0
2750.3,0.9,0,0
2750.4,0.9,0,0
2750.5,0.9,0,0
2750.6,0.9,0,0
2750.8,0.9,0,0
2750.9,0.9,0,0
2751,0.9,0,0
2751.1,0.9,0,0
2751.2,0.9,0,0
2751.3,0.9,0,0
2751.4,0.9,0,0
2751.5,0.9,0,0
2751.6,0.9,0,0
2751.7,0.9,0,0
2751.8,0.6,0,0
2751.9,0.9,0,0
2752,0.9,0,0
2752.1,0.9,0,0
2752.2,0.9,0,0
2752.3,0.9,0,0
2752.5,0.9,0,0
2752.6,0.9,0,0
2752.7,0.9,0,0
2752.8,0.9,0,0
2752.9,0.9,0,0
2753,0.9,0,0
2753.1,0.9,0,0
2753.2,0.9,0,0
2753.3,0.9,0,0
2753.4,0.9,0,0
2753.5,0.9,0,0
2753.6,0.9,0,0
2753.7,0.9,0,0
2753.8,0.9,0,0
2753.9,0.9,0,0
2754,0.9,0,0
2754.2,0.9,0,0
2754.3,0.9,0,0
2754.4,0.9,0,0
2754.5,0.9,0,0
2754.6,0.9,0,0
2754.7,0.9,0,0
2754.8,0.9,0,0
2754.9,0.9,0,0
2755,0.9,0,0
2755.1,0.9,0,0
2755.2,0.9,0,0
2755.3,0.9,0,0
2755.4,0.9,0,0
2755.5,0.9,0,0
2755.6,0.9,0,0
2755.7,0.9,0,0
2755.9,0.9,0,0
2756,0.9,0,0
2756.1,0.9,0,0
2756.2,0.9,0,0
2756.3,0.9,0,0
2756.4,0.9,0,0
2756.5,0.9,0,0
2756.6,0.9,0,0
2756.7,0.9,0,0
2756.8,0.9,0,0
2756.9,0.9,0,0
2757,0.9,0,0
2757.1,0.9,0,0
2757.2,0.9,0,0
2757.3,0.9,0,0
2757.4,0.9,0,0
2757.6,0.9,0,0
2757.7,0.9,0,0
2757.8,0.9,0,0
2757.9,0.9,0,0
2758,0.9,0,0
2758.1,0.9,0,0
2758.2,0.9,0,0
2758.3,0.9,0,0
2758.4,0.9,0,0
2758.5,0.9,0,0
2758.6,0.9,0,0
2758.7,0.9,0,0
2758.8,0.9,0,0
2758.9,0.9,0,0
2759,0.9,0,0
2759.1,0.9,0,0
2759.3,0.9,0,0
2759.4,0.9,0,0
2759.5,0.9,0,0
2759.6,0.9,0,0
2759.7,0.9,0,0
2759.8,0.9,0,0
2759.9,0.9,0,0
2760,0.9,0,0
2760.1,0.9,0,0
2760.2,0.9,0,0
2760.3,0.9,0,0
2760.4,0.9,0,0
2760.5,0.9,0,0
2760.6,0.9,0,0
2760.7,0.9,0,0
2760.8,0.9,0,0
2761,0.9,0,0
2761.1,0.9,0,0
2761.2,0.9,0,0
2761.3,0.9,0,0
2761.4,0.9,0,0
2761.5,0.9,0,0
2761.6,0.6,0,0
2761.7,0.9,0,0
2761.8,0.9,0,0
2761.9,0.9,0,0
2762,0.9,0,0
2762.1,0.9,0,0
2762.2,0.9,0,0
2762.3,0.9,0,0
2762.4,0.9,0,0
2762.5,0.9,0,0
2762.6,0.9,0,0
2762.8,0.9,0,0
2762.9,0.9,0,0
2763,0.9,0,0
2763.1,0.9,0,0
2763.2,0.9,0,0
2763.3,0.9,0,0
2763.4,0.9,0,0
2763.5,0.9,0,0
2763.6,0.9,0,0
2763.7,0.9,0,0
2763.8,0.9,0,0
2763.9,0.9,0,0
2764,0.9,0,0
2764.1,0.9,0,0
2764.2,0.9,0,0
2764.3,0.9,0,0
2764.5,0.9,0,0
2764.6,0.9,0,0
2764.7,0.9,0,0
2764.8,0.9,0,0
2764.9,0.9,0,0
2765,0.9,0,0
2765.1,0.9,0,0
2765.2,0.9,0,0
2765.3,0.9,0,0
2765.4,0.9,0,0
2765.5,0.9,0,0
2765.6,0.9,0,0
2765.7,0.9,0,0
2765.8,0.9,0,0
2765.9,0.9,0,0
2766,0.9,0,0
2766.2,0.9,0,0
2766.3,0.9,0,0
2766.4,0.9,0,0
2766.5,0.9,0,0
2766.6,0.9,0,0
2766.7,0.9,0,0
2766.8,0.9,0,0
2766.9,0.9,0,0
2767,0.9,0,0
2767.1,0.9,0,0
2767.2,0.9,0,0
2767.3,0.9,0,0
2767.4,0.9,0,0
2767.5,0.9,0,0
2767.6,0.9,0,0
2767.7,0.9,0,0
2767.8,0.9,0,0
2768,0.9,0,0
2768.1,0.9,0,0
2768.2,0.9,0,0
2768.3,0.9,0,0
2768.4,0.9,0,0
2768.5,0.9,0,0
2768.6,0.9,0,0
2768.7,0.9,0,0
2768.8,0.9,0,0
2768.9,0.9,0,0
2769,0.9,0,0
2769.1,0.9,0,0
2769.2,0.9,0,0
2769.3,0.9,0,0
2769.4,0.9,0,0
2769.5,0.9,0,0
2769.7,0.9,0,0
2769.8,0.9,0,0
2769.9,0.9,0,0
2770,0.9,0,0
2770.1,0.9,0,0
2770.2,0.9,0,0
2770.3,0.9,0,0
2770.4,0.9,0,0
2770.5,0.9,0,0
2770.6,0.9,0,0
2770.7,0.9,0,0
2770.8,0.9,0,0
2770.9,0.9,0,0
2771,0.9,0,0
2771.1,0.9,0,0
2771.2,0.9,0,0
2771.4,0.9,0,0
2771.5,0.9,0,0
2771.6,0.9,0,0
2771.7,0.9,0,0
2771.8,0.9,0,0
2771.9,0.9,0,0
2772,0.9,0,0
2772.1,0.9,0,0
2772.2,0.9,0,0
2772.3,0.9,0,0
2772.4,0.9,0,0
2772.5,0.9,0,0
2772.6,0.9,0,0
2772.7,0.9,0,0
2772.8,0.9,0,0
2772.9,0.9,0,0
2773,0.9,0,0
2773.2,0.9,0,0
2773.3,0.9,0,0
2773.4,0.9,0,0
2773.5,0.9,0,0
2773.6,0.9,0,0
2773.7,0.9,0,0
2773.8,0.9,0,0
2773.9,0.9,0,0
2774,0.9,0,0
2774.1,0.9,0,0
2774.2,0.9,0,0
2774.3,0.9,0,0
2774.4,0.9,0,0
2774.5,0.6,0,0
2774.6,0.9,0,0
2774.8,0.9,0,0
2774.9,0.9,0,0
2775,0.9,0,0
2775.1,0.9,0,0
2775.2,0.9,0,0
2775.3,0.9,0,0
2775.4,0.9,0,0
2775.5,0.9,0,0
2775.6,0.9,0,0
2775.7,0.9,0,0
2775.8,0.9,0,0
2775.9,0.9,0,0
2776,0.9,0,0
2776.1,0.9,0,0
2776.2,0.9,0,0
2776.3,0.9,0,0
2776.5,0.9,0,0
2776.6,0.9,0,0
2776.7,0.9,0,0
2776.8,0.9,0,0
2776.9,0.9,0,0
2777,0.9,0,0
2777.1,0.9,0,0
2777.2,0.9,0,0
2777.3,0.9,0,0
2777.4,0.9,0,0
2777.5,0.9,0,0
2777.6,0.9,0,0
2777.7,0.9,0,0
2777.8,0.9,0,0
2777.9,0.9,0,0
2778,0.9,0,0
2778.1,0.9,0,0
2778.3,0.9,0,0
2778.4,0.9,0,0
2778.5,0.9,0,0
2778.6,0.9,0,0
2778.7,0.9,0,0
2778.8,0.9,0,0
2778.9,0.9,0,0
2779,0.9,0,0
2779.1,0.6,0,0
2779.2,0.9,0,0
2779.3,0.9,0,0
2779.4,0.9,0,0
2779.5,0.9,0,0
2779.6,0.9,0,0
2779.7,0.9,0,0
2779.8,0.9,0,0
2780,0.9,0,0
2780.1,0.9,0,0
2780.2,0.9,0,0
2780.3,0.9,0,0
2780.4,0.9,0,0
2780.5,0.9,0,0
2780.6,0.9,0,0
2780.7,0.9,0,0
2780.8,0.9,0,0
2780.9,0.9,0,0
2781,0.9,0,0
2781.1,0.9,0,0
2781.2,0.9,0,0
2781.3,0.9,0,0
2781.4,0.9,0,0
2781.5,0.9,0,0
2781.6,0.9,0,0
2781.8,0.9,0,0
2781.9,0.9,0,0
2782,0.9,0,0
2782.1,0.9,0,0
2782.2,0.6,0,0
2782.3,0.9,0,0
2782.4,0.9,0,0
2782.5,0.9,0,0
2782.6,0.9,0,0
2782.7,0.9,0,0
2782.8,0.9,0,0
2782.9,0.9,0,0
2783,0.9,0,0
2783.1,0.9,0,0
2783.2,0.9,0,0
2783.3,0.9,0,0
2783.5,0.9,0,0
2783.6,0.9,0,0
2783.7,0.9,0,0
2783.8,0.9,0,0
2783.9,0.9,0,0
2784,0.9,0,0
2784.1,0.9,0,0
2784.2,0.9,0,0
2784.3,0.9,0,0
2784.4,0.9,0,0
2784.5,0.9,0,0
2784.6,0.9,0,0
2784.7,0.9,0,0
2784.8,0.9,0,0
2784.9,0.9,0,0
2785.1,0.9,0,0
2785.2,0.9,0,0
2785.3,0.9,0,0
2785.4,0.9,0,0
2785.5,0.9,0,0
2785.6,0.9,0,0
2785.7,0.9,0,0
2785.8,0.9,0,0
2785.9,0.9,0,0
2786,0.9,0,0
2786.1,0.9,0,0
2786.2,0.9,0,0
2786.3,0.9,0,0
2786.4,0.9,0,0
2786.5,0.9,0,0
2786.6,0.6,0,0
2786.8,0.6,0,0
2786.9,0.6,0,0
2787,0.9,0,0
2787.1,0.9,0,0
2787.2,0.9,0,0
2787.3,0.9,0,0
2787.4,0.9,0,0
2787.5,0.9,0,0
2787.6,0.9,0,0
2787.7,0.6,0,0
2787.8,0.9,0,0
2787.9,0.9,0,0
2788,0.9,0,0
2788.1,0.9,0,0
2788.2,0.9,0,0
2788.3,0.9,0,0
2788.5,0.9,0,0
2788.6,0.9,0,0
2788.7,0.9,0,0
2788.8,0.9,0,0
2788.9,0.9,0,0
2789,0.9,0,0
2789.1,0.9,0,0
2789.2,0.9,0,0
2789.3,0.9,0,0
2789.4,0.9,0,0
2789.5,0.9,0,0
2789.6,0.9,0,0
2789.7,0.9,0,0
2789.8,0.9,0,0
2789.9,0.9,0,0
2790,0.9,0,0
2790.2,0.9,0,0
2790.3,0.9,0,0
2790.4,0.9,0,0
2790.5,0.9,0,0
2790.6,0.9,0,0
2790.7,0.9,0,0
2790.8,0.9,0,0
2790.9,0.9,0,0
2791,0.9,0,0
2791.1,0.9,0,0
2791.2,0.9,0,0
2791.3,0.9,0,0
2791.4,0.9,0,0
2791.5,0.9,0,0
2791.6,0.9,0,0
2791.7,0.9,0,0
2791.9,0.9,0,0
2792,0.9,0,0
2792.1,0.9,0,0
2792.2,0.9,0,0
2792.3,0.9,0,0
2792.4,0.9,0,0
2792.5,0.9,0,0
2792.6,0.9,0,0
2792.7,0.9,0,0
2792.8,0.9,0,0
2792.9,0.9,0,0
2793,0.9,0,0
2793.1,0.9,0,0
2793.2,0.9,0,0
2793.3,0.9,0,0
2793.5,0.9,0,0
2793.6,0.9,0,0
2793.7,0.9,0,0
2793.8,0.9,0,0
2793.9,0.9,0,0
2794,0.9,0,0
2794.1,0.9,0,0
2794.2,0.9,0,0
2794.3,0.9,0,0
2794.4,0.9,0,0
2794.5,0.9,0,0
2794.6,0.9,0,0
2794.7,0.9,0,0
2794.8,0.9,0,0
2794.9,0.9,0,0
2795,0.9,0,0
2795.2,0.9,0,0
2795.3,0.6,0,0
2795.4,0.9,0,0
2795.5,0.9,0,0
2795.6,0.9,0,0
2795.7,0.9,0,0
2795.8,0.9,0,0
2795.9,0.9,0,0
2796,0.9,0,0
2796.1,0.9,0,0
2796.2,0.9,0,0
2796.3,0.9,0,0
2796.4,0.9,0,0
2796.5,0.6,0,0
2796.6,0.9,0,0
2796.7,0.9,0,0
2796.9,0.9,0,0
2797,0.9,0,0
2797.1,0.9,0,0
2797.2,0.9,0,0
2797.3,0.9,0,0
2797.4,0.9,0,0
2797.5,0.9,0,0
2797.6,0.9,0,0
2797.7,0.9,0,0
2797.8,0.9,0,0
2797.9,0.9,0,0
2798,0.9,0,0
2798.1,0.9,0,0
2798.2,0.9,0,0
2798.3,0.9,0,0
2798.4,0.9,0,0
2798.6,0.9,0,0
2798.7,0.9,0,0
2798.8,0.9,0,0
2798.9,0.9,0,0
2799,0.9,0,0
2799.1,0.9,0,0
2799.2,0.9,0,0
2799.3,0.9,0,0
2799.4,0.9,0,0
2799.5,0.9,0,0
2799.6,0.9,0,0
2799.7,0.9,0,0
2799.8,0.9,0,0
2799.9,0.9,0,0
2800,0.9,0,0
2800.1,0.9,0,0
2800.3,0.9,0,0
2800.4,0.9,0,0
2800.5,0.9,0,0
2800.6,0.9,0,0
2800.7,0.9,0,0
2800.8,0.9,0,0
2800.9,0.6,0,0
2801,0.9,0,0
2801.1,0.9,0,0
2801.2,0.9,0,0
2801.3,0.9,0,0
2801.4,0.9,0,0
2801.5,0.9,0,0
2801.6,0.9,0,0
2801.7,0.9,0,0
2801.8,0.9,0,0
2802,0.9,0,0
2802.1,0.9,0,0
2802.2,0.9,0,0
2802.3,0.9,0,0
2802.4,0.9,0,0
2802.5,0.9,0,0
2802.6,0.9,0,0
2802.7,0.9,0,0
2802.8,0.9,0,0
2802.9,0.9,0,0
2803,0.9,0,0
2803.1,0.9,0,0
2803.2,0.9,0,0
2803.3,0.9,0,0
2803.4,0.9,0,0
2803.5,0.9,0,0
2803.7,0.9,0,0
2803.8,0.9,0,0
2803.9,0.9,0,0
2804,0.9,0,0
2804.1,0.9,0,0
2804.2,0.9,0,0
2804.3,0.9,0,0
2804.4,0.9,0,0
2804.5,0.6,0,0
2804.6,0.9,0,0
2804.7,0.9,0,0
2804.8,0.9,0,0
2804.9,0.9,0,0
2805,0.9,0,0
2805.1,0.9,0,0
2805.2,0.9,0,0
2805.4,0.9,0,0
2805.5,0.9,0,0
2805.6,0.9,0,0
2805.7,0.9,0,0
2805.8,0.9,0,0
2805.9,0.9,0,0
2806,0.9,0,0
2806.1,0.9,0,0
2806.2,0.9,0,0
2806.3,0.9,0,0
2806.4,0.9,0,0
2806.5,0.9,0,0
2806.6,0.9,0,0
2806.7,0.9,0,0
2806.8,0.9,0,0
2806.9,0.9,0,0
2807.1,0.9,0,0
2807.2,0.9,0,0
2807.3,0.9,0,0
2807.4,0.9,0,0
2807.5,0.9,0,0
2807.6,0.9,0,0
2807.7,0.9,0,0
2807.8,0.9,0,0
2807.9,0.9,0,0
2808,0.9,0,0
2808.1,0.9,0,0
2808.2,0.9,0,0
2808.3,0.9,0,0
2808.4,0.9,0,0
2808.5,0.9,0,0
2808.6,0.6,0,0
2808.8,0.9,0,0
2808.9,0.9,0,0
2809,0.9,0,0
2809.1,0.9,0,0
2809.2,0.9,0,0
2809.3,0.9,0,0
2809.4,0.9,0,0
2809.5,0.9,0,0
2809.6,0.9,0,0
2809.7,0.9,0,0
2809.8,0.9,0,0
2809.9,0.9,0,0
2810,0.9,0,0
2810.1,0.9,0,0
2810.2,0.9,0,0
2810.3,0.9,0,0
2810.5,0.9,0,0
2810.6,0.9,0,0
2810.7,0.9,0,0
2810.8,0.9,0,0
2810.9,0.9,0,0
2811,0.9,0,0
2811.1,0.9,0,0
2811.2,0.9,0,0
2811.3,0.9,0,0
2811.4,0.9,0,0
2811.5,0.9,0,0
2811.6,0.9,0,0
2811.7,0.9,0,0
2811.8,0.9,0,0
2811.9,0.9,0,0
2812,0.9,0,0
2812.2,0.9,0,0
2812.3,0.6,0,0
2812.4,0.9,0,0
2812.5,0.9,0,0
2812.6,0.9,0,0
2812.7,0.9,0,0
2812.8,0.9,0,0
2812.9,0.9,0,0
2813,0.9,0,0
2813.1,0.9,0,0
2813.2,0.9,0,0
2813.3,0.9,0,0
2813.4,0.9,0,0
2813.5,0.9,0,0
2813.6,0.9,0,0
2813.7,0.9,0,0
2813.8,0.9,0,0
2814,0.9,0,0
2814.1,0.9,0,0
2814.2,0.9,0,0
2814.3,0.9,0,0
2814.4,0.9,0,0
2814.5,0.9,0,0
2814.6,0.9,0,0
2814.7,0.9,0,0
2814.8,0.9,0,0
2814.9,0.9,0,0
2815,0.3,0,0
2815.1,0.9,0,0
2815.2,0.6,0,0
2815.3,0.9,0,0
2815.4,0.6,0,0
2815.5,0.6,0,0
2815.7,0.9,0,0
2815.8,0.6,0,0
2815.9,0.9,0,0
2816,0.9,0,0
2816.1,0.9,0,0
2816.2,0.9,0,0
2816.3,0.6,0,0
2816.4,0.9,0,0
2816.5,0.9,0,0
2816.6,0.9,0,0
2816.7,0.9,0,0
2816.8,0.9,0,0
2816.9,0.9,0,0
2817,0.9,0,0
2817.1,0.9,0,0
2817.2,0.9,0,0
2817.4,0.9,0,0
2817.5,0.9,0,0
2817.6,0.6,0,0
2817.7,0.6,0,0
2817.8,0.6,0,0
2817.9,0.6,0,0
2818,0.9,0,0
2818.1,0.9,0,0
2818.2,0.9,0,0
2818.3,0.9,0,0
2818.4,0.9,0,0
2818.5,0.9,0,0
2818.6,0.9,0,0
2818.7,0.9,0,0
2818.8,0.9,0,0
2818.9,0.9,0,0
2819.1,0.9,0,0
2819.2,0.9,0,0
2819.3,0.9,0,0
2819.4,0.9,0,0
2819.5,0.9,0,0
2819.6,0.9,0,0
2819.7,0.9,0,0
2819.8,0.6,0,0
2819.9,0.9,0,0
2820,0.9,0,0
2820.1,0.9,0,0
2820.2,0.9,0,0
2820.3,0.9,0,0
2820.4,0.9,0,0
2820.5,0.9,0,0
2820.6,0.9,0,0
2820.8,0.9,0,0
2820.9,0.9,0,0
2821,0.9,0,0
2821.1,0.9,0,0
2821.2,0.9,0,0
2821.3,0.9,0,0
2821.4,0.6,0,0
2821.5,0.9,0,0
2821.6,0.9,0,0
2821.7,0.9,0,0
2821.8,0.9,0,0
2821.9,0.9,0,0
2822,0.9,0,0
2822.1,0.9,0,0
2822.2,0.9,0,0
2822.3,0.6,0,0
2822.5,0.6,0,0
2822.6,0.9,0,0
2822.7,0.9,0,0
2822.8,0.9,0,0
2822.9,0.9,0,0
2823,0.9,0,0
2823.1,0.9,0,0
2823.2,0.6,0,0
2823.3,0.9,0,0
2823.4,0.9,0,0
2823.5,0.9,0,0
2823.6,0.9,0,0
2823.7,0.9,0,0
2823.8,0.9,0,0
2823.9,0.9,0,0
2824,0.9,0,0
2824.2,0.9,0,0
2824.3,0.9,0,0
2824.4,0.6,0,0
2824.5,0.9,0,0
2824.6,0.9,0,0
2824.7,0.9,0,0
2824.8,0.9,0,0
2824.9,0.9,0,0
2825,0.9,0,0
2825.1,0.9,0,0
2825.2,0.9,0,0
2825.3,0.9,0,0
2825.4,0.9,0,0
2825.5,0.6,0,0
2825.6,0.9,0,0
2825.8,0.9,0,0
2825.9,0.6,0,0
2826,0.9,0,0
2826.1,0.9,0,0
2826.2,0.9,0,0
2826.3,0.9,0,0
2826.4,0.9,0,0
2826.5,0.9,0,0
2826.6,0.9,0,0
2826.7,0.9,0,0
2826.8,0.9,0,0
2826.9,0.9,0,0
2827,0.9,0,0
2827.1,0.9,0,0
2827.2,0.9,0,0
2827.3,0.9,0,0
2827.4,0.9,0,0
2827.6,0.9,0,0
2827.7,0.9,0,0
2827.8,0.9,0,0
2827.9,0.9,0,0
2828,0.9,0,0
2828.1,0.9,0,0
2828.2,0.9,0,0
2828.3,0.9,0,0
2828.4,0.9,0,0
2828.5,0.9,0,0
2828.6,0.9,0,0
2828.7,0.9,0,0
2828.8,0.9,0,0
2828.9,0.9,0,0
2829,0.9,0,0
2829.1,0.9,0,0
2829.3,0.9,0,0
2829.4,0.9,0,0
2829.5,0.9,0,0
2829.6,0.9,0,0
2829.7,0.9,0,0
2829.8,0.9,0,0
2829.9,0.9,0,0
2830,0.6,0,0
2830.1,0.9,0,0
2830.2,0.6,0,0
2830.3,0.9,0,0
2830.4,0.9,0,0
2830.5,0.9,0,0
2830.6,0.9,0,0
2830.7,0.9,0,0
2830.9,0.9,0,0
2831,0.9,0,0
2831.1,0.9,0,0
2831.2,0.9,0,0
2831.3,0.9,0,0
2831.4,0.9,0,0
2831.5,0.9,0,0
2831.6,0.9,0,0
2831.7,0.9,0,0
2831.8,0.9,0,0
2831.9,0.9,0,0
2832,0.6,0,0
2832.1,0.9,0,0
2832.2,0.9,0,0
2832.3,0.9,0,0
2832.4,0.9,0,0
2832.5,0.9,0,0
2832.7,0.9,0,0
2832.8,0.9,0,0
2832.9,0.9,0,0
2833,0.9,0,0
2833.1,0.9,0,0
2833.2,0.9,0,0
2833.3,0.9,0,0
2833.4,0.9,0,0
2833.5,0.9,0,0
2833.6,0.9,0,0
2833.7,0.9,0,0
2833.8,0.9,0,0
2833.9,0.9,0,0
2834,0.9,0,0
2834.1,0.9,0,0
2834.2,0.9,0,0
2834.4,0.9,0,0
2834.5,0.9,0,0
2834.6,0.9,0,0
2834.7,0.9,0,0
2834.8,0.9,0,0
2834.9,0.9,0,0
2835,0.9,0,0
2835.1,0.9,0,0
2835.2,0.9,0,0
2835.3,0.9,0,0
2835.4,0.9,0,0
2835.5,0.9,0,0
2835.6,0.9,0,0
2835.7,0.9,0,0
2835.8,0.9,0,0
2835.9,0.9,0,0
2836.1,0.9,0,0
2836.2,0.6,0,0
2836.3,0.9,0,0
2836.4,0.9,0,0
2836.5,0.9,0,0
2836.6,0.9,0,0
2836.7,0.9,0,0
2836.8,0.9,0,0
2836.9,0.9,0,0
2837,0.9,0,0
2837.1,0.9,0,0
2837.2,0.9,0,0
2837.3,0.9,0,0
2837.4,0.9,0,0
2837.5,0.9,0,0
2837.6,0.9,0,0
2837.7,0.9,0,0
2837.9,0.9,0,0
2838,0.9,0,0
2838.1,0.9,0,0
2838.2,0.9,0,0
2838.3,0.9,0,0
2838.4,0.9,0,0
2838.5,0.9,0,0
2838.6,0.9,0,0
2838.7,0.9,0,0
2838.8,0.9,0,0
2838.9,0.9,0,0
2839,0.9,0,0
2839.1,0.9,0,0
2839.2,0.9,0,0
2839.3,0.9,0,0
2839.4,0.9,0,0
2839.6,0.9,0,0
2839.7,0.9,0,0
2839.8,0.6,0,0
2839.9,0.9,0,0
2840,0.9,0,0
2840.1,0.9,0,0
2840.2,0.9,0,0
2840.3,0.9,0,0
2840.4,0.9,0,0
2840.5,0.9,0,0
2840.6,0.9,0,0
2840.7,0.9,0,0
2840.8,0.9,0,0
2840.9,0.9,0,0
2841,0.9,0,0
2841.1,0.9,0,0
2841.2,0.9,0,0
2841.4,0.9,0,0
2841.5,0.9,0,0
2841.6,0.9,0,0
2841.7,0.9,0,0
2841.8,0.9,0,0
2841.9,0.9,0,0
2842,0.9,0,0
2842.1,0.9,0,0
2842.2,0.9,0,0
2842.3,0.9,0,0
2842.4,1.4,0,0
2842.5,0.9,0,0
2842.6,0.9,0,0
2842.7,6.2,0,0
2842.8,9.3,0,0
2842.9,22.9,1,0
2843.1,0.9,0,0
2843.2,0.9,0,0
2843.3,0.9,0,0
2843.4,0.9,0,0
2843.5,0.9,0,0
2843.6,0.9,0,0
2843.7,0.9,0,0
2843.8,0.9,0,0
2843.9,0.9,0,0
2844,0.9,0,0
2844.1,0.9,0,0
2844.2,0.9,0,0
2844.3,0.9,0,0
2844.4,0.9,0,0
2844.6,0.9,0,0
2844.7,0.9,0,0
2844.8,0.9,0,0
2844.9,0.9,0,0
2845,0.9,0,0
2845.1,0.9,0,0
2845.2,0.9,0,0
2845.3,0.9,0,0
2845.4,0.6,0,0
2845.5,0.9,0,0
2845.6,0.9,0,0
2845.7,0.9,0,0
2845.8,0.9,0,0
2845.9,0.9,0,0
2846,0.9,0,0
2846.1,0.9,0,0
2846.3,0.9,0,0
2846.4,0.9,0,0
2846.5,0.9,0,0
2846.6,0.9,0,0
2846.7,0.9,0,0
2846.8,0.9,0,0
2846.9,0.9,0,0
2847,0.9,0,0
2847.1,0.9,0,0
2847.2,0.9,0,0
2847.3,0.9,0,0
2847.4,0.6,0,0
2847.5,0.9,0,0
2847.6,0.9,0,0
2847.7,0.9,0,0
2847.8,0.9,0,0
2848,0.9,0,0
2848.1,0.9,0,0
2848.2,0.9,0,0
2848.3,0.9,0,0
2848.4,0.9,0,0
2848.5,0.9,0,0
2848.6,0.9,0,0
2848.7,0.9,0,0
2848.8,0.9,0,0
2848.9,0.9,0,0
2849,0.9,0,0
2849.1,0.9,0,0
2849.2,0.9,0,0
2849.3,0.9,0,0
2849.4,0.9,0,0
2849.5,0.9,0,0
2849.6,0.9,0,0
2849.8,0.9,0,0
2849.9,0.9,0,0
2850,0.6,0,0
2850.1,0.9,0,0
2850.2,0.9,0,0
2850.3,0.9,0,0
2850.4,0.9,0,0
2850.5,0.9,0,0
2850.6,0.9,0,0
2850.7,0.9,0,0
2850.8,0.9,0,0
2850.9,0.9,0,0
2851,0.9,0,0
2851.1,0.9,0,0
2851.2,0.6,0,0
2851.4,0.6,0,0
2851.5,0.9,0,0
2851.6,0.9,0,0
2851.7,0.9,0,0
2851.8,0.9,0,0
2851.9,0.9,0,0
2852,0.9,0,0
2852.1,0.9,0,0
2852.2,0.9,0,0
2852.3,0.9,0,0
2852.4,0.9,0,0
2852.5,0.9,0,0
2852.6,0.9,0,0
2852.7,0.9,0,0
2852.8,0.9,0,0
2853,0.9,0,0
2853.1,0.9,0,0
2853.2,0.9,0,0
2853.3,0.9,0,0
2853.4,0.9,0,0
2853.5,0.9,0,0
2853.6,0.9,0,0
2853.7,0.9,0,0
2853.8,0.9,0,0
2853.9,0.9,0,0
2854,0.6,0,0
2854.1,0.9,0,0
2854.2,0.9,0,0
2854.3,0.9,0,0
2854.4,0.9,0,0
2854.5,0.6,0,0
2854.6,0.9,0,0
2854.8,0.9,0,0
2854.9,0.9,0,0
2855,0.9,0,0
2855.1,0.9,0,0
2855.2,0.9,0,0
2855.3,0.9,0,0
2855.4,0.9,0,0
2855.5,0.9,0,0
2855.6,0.9,0,0
2855.7,0.9,0,0
2855.8,0.9,0,0
2855.9,0.9,0,0
2856,0.9,0,0
2856.1,0.9,0,0
2856.2,0.9,0,0
2856.3,0.9,0,0
2856.5,0.9,0,0
2856.6,0.9,0,0
2856.7,0.9,0,0
2856.8,0.9,0,0
2856.9,0.9,0,0
2857,0.9,0,0
2857.1,0.9,0,0
2857.2,0.9,0,0
2857.3,0.9,0,0
2857.4,0.9,0,0
2857.5,0.9,0,0
2857.6,0.9,0,0
2857.7,0.9,0,0
2857.8,0.9,0,0
2857.9,0.9,0,0
2858,0.9,0,0
2858.2,0.6,0,0
2858.3,0.9,0,0
2858.4,0.9,0,0
2858.5,0.9,0,0
2858.6,0.9,0,0
2858.7,0.9,0,0
2858.8,0.9,0,0
2858.9,0.9,0,0
2859,0.9,0,0
2859.1,0.9,0,0
2859.2,0.9,0,0
2859.3,0.9,0,0
2859.4,0.9,0,0
2859.5,0.9,0,0
2859.6,0.9,0,0
2859.7,0.9,0,0
2859.8,0.9,0,0
2860,0.9,0,0
2860.1,0.9,0,0
2860.2,0.9,0,0
2860.3,0.9,0,0
2860.4,0.9,0,0
2860.5,0.9,0,0
2860.6,0.9,0,0
2860.7,0.9,0,0
2860.8,0.9,0,0
2860.9,0.9,0,0
2861,0.9,0,0
2861.1,0.9,0,0
2861.2,0.9,0,0
2861.3,0.9,0,0
2861.4,0.9,0,0
2861.6,0.9,0,0
2861.7,0.9,0,0
2861.8,0.9,0,0
2861.9,0.9,0,0
2862,0.6,0,0
2862.1,0.6,0,0
2862.2,0.9,0,0
2862.3,0.9,0,0
2862.4,0.9,0,0
2862.5,0.6,0,0
2862.6,0.9,0,0
2862.7,0.9,0,0
2862.8,0.9,0,0
2862.9,0.9,0,0
2863,0.9,0,0
2863.1,0.6,0,0
2863.3,0.6,0,0
2863.4,0.9,0,0
2863.5,0.9,0,0
2863.6,0.9,0,0
2863.7,0.9,0,0
2863.8,0.9,0,0
2863.9,0.6,0,0
2864,0.9,0,0
2864.1,0.9,0,0
2864.2,0.9,0,0
2864.3,0.9,0,0
2864.4,0.9,0,0
2864.5,0.9,0,0
2864.6,0.9,0,0
2864.7,0.9,0,0
2864.8,0.9,0,0
2865,0.9,0,0
2865.1,0.9,0,0
2865.2,0.9,0,0
2865.3,0.6,0,0
2865.4,0.9,0,0
2865.5,0.9,0,0
2865.6,0.9,0,0
2865.7,0.9,0,0
2865.8,0.9,0,0
2865.9,0.9,0,0
2866,0.9,0,0
2866.1,0.9,0,0
2866.2,0.6,0,0
2866.3,0.6,0,0
2866.4,0.6,0,0
2866.6,0.9,0,0
2866.7,0.6,0,0
2866.8,0.9,0,0
2866.9,0.6,0,0
2867,0.9,0,0
2867.1,0.9,0,0
2867.2,0.9,0,0
2867.3,0.9,0,0
2867.4,0.9,0,0
2867.5,0.9,0,0
2867.6,0.9,0,0
2867.7,0.9,0,0
2867.8,0.9,0,0
2867.9,0.6,0,0
2868,0.9,0,0
2868.1,0.9,0,0
2868.3,0.9,0,0
2868.4,0.9,0,0
2868.5,0.9,0,0
2868.6,0.9,0,0
2868.7,0.9,0,0
2868.8,0.9,0,0
2868.9,0.9,0,0
2869,0.9,0,0
2869.1,0.9,0,0
2869.2,0.9,0,0
2869.3,0.6,0,0
2869.4,0.9,0,0
2869.5,0.9,0,0
2869.6,0.9,0,0
2869.7,0.9,0,0
2869.8,0.9,0,0
2869.9,0.9,0,0
2870.1,0.9,0,0
2870.2,0.9,0,0
2870.3,0.9,0,0
2870.4,0.9,0,0
2870.5,0.9,0,0
2870.6,0.9,0,0
2870.7,0.9,0,0
2870.8,0.9,0,0
2870.9,0.9,0,0
2871,0.9,0,0
2871.1,0.9,0,0
2871.2,0.9,0,0
2871.3,0.9,0,0
2871.4,0.6,0,0
2871.5,0.6,0,0
2871.6,0.6,0,0
2871.8,0.9,0,0
2871.9,0.9,0,0
2872,0.9,0,0
2872.1,0.9,0,0
2872.2,0.9,0,0
2872.3,0.9,0,0
2872.4,0.9,0,0
2872.5,0.9,0,0
2872.6,0.9,0,0
2872.7,0.6,0,0
2872.8,0.6,0,0
2872.9,0.9,0,0
2873,0.9,0,0
2873.1,0.9,0,0
2873.2,0.6,0,0
2873.3,0.9,0,0
2873.4,0.9,0,0
2873.6,0.9,0,0
2873.7,0.9,0,0
2873.8,0.9,0,0
2873.9,0.9,0,0
2874,0.9,0,0
2874.1,0.9,0,0
2874.2,0.9,0,0
2874.3,0.9,0,0
2874.4,0.9,0,0
2874.5,0.9,0,0
2874.6,0.9,0,0
2874.7,0.9,0,0
2874.8,0.9,0,0
2874.9,0.9,0,0
2875,0.9,0,0
2875.2,0.6,0,0
2875.3,0.6,0,0
2875.4,0.9,0,0
2875.5,0.9,0,0
2875.6,0.9,0,0
2875.7,0.9,0,0
2875.8,0.9,0,0
2875.9,0.9,0,0
2876,0.9,0,0
2876.1,0.9,0,0
2876.2,0.9,0,0
2876.3,0.9,0,0
2876.4,0.9,0,0
2876.5,0.9,0,0
2876.6,0.9,0,0
2876.7,0.9,0,0
2876.9,0.9,0,0
2877,0.9,0,0
2877.1,0.9,0,0
2877.2,0.9,0,0
2877.3,0.9,0,0
2877.4,0.9,0,0
2877.5,0.9,0,0
2877.6,0.9,0,0
2877.7,0.9,0,0
2877.8,0.9,0,0
2877.9,0.9,0,0
2878,0.9,0,0
2878.1,0.9,0,0
2878.2,0.9,0,0
2878.3,0.9,0,0
2878.4,0.6,0,0
2878.6,0.9,0,0
2878.7,0.9,0,0
2878.8,0.9,0,0
2878.9,0.9,0,0
2879,0.9,0,0
2879.1,0.9,0,0
2879.2,0.9,0,0
2879.3,0.9,0,0
2879.4,0.9,0,0
2879.5,0.9,0,0
2879.6,0.9,0,0
2879.7,0.9,0,0
2879.8,0.9,0,0
2879.9,0.9,0,0
2880,0.9,0,0
2880.1,0.9,0,0
2880.2,0.9,0,0
2880.4,0.9,0,0
2880.5,0.9,0,0
2880.6,0.9,0,0
2880.7,0.9,0,0
2880.8,0.9,0,0
2880.9,0.9,0,0
2881,0.9,0,0
2881.1,0.9,0,0
2881.2,0.9,0,0
2881.3,0.9,0,0
2881.4,0.9,0,0
2881.5,0.9,0,0
2881.6,0.9,0,0
2881.7,0.9,0,0
2881.8,0.6,0,0
2881.9,0.6,0,0
2882,0.9,0,0
2882.2,0.9,0,0
2882.3,0.9,0,0
2882.4,0.9,0,0
2882.5,0.9,0,0
2882.6,0.9,0,0
2882.7,0.9,0,0
2882.8,0.9,0,0
2882.9,0.9,0,0
2883,0.9,0,0
2883.1,0.9,0,0
2883.2,0.9,0,0
2883.3,0.9,0,0
2883.4,0.9,0,0
2883.5,0.9,0,0
2883.6,0.9,0,0
2883.7,0.9,0,0
2883.9,0.9,0,0
2884,0.9,0,0
2884.1,0.9,0,0
2884.2,0.9,0,0
2884.3,0.9,0,0
2884.4,0.9,0,0
2884.5,0.9,0,0
2884.6,0.6,0,0
2884.7,0.9,0,0
2884.8,0.9,0,0
2884.9,0.9,0,0
2885,0.9,0,0
2885.1,0.9,0,0
2885.2,0.9,0,0
2885.3,0.9,0,0
2885.4,0.9,0,0
2885.6,0.9,0,0
2885.7,0.9,0,0
2885.8,0.9,0,0
2885.9,0.9,0,0
2886,0.9,0,0
2886.1,0.9,0,0
2886.2,0.9,0,0
2886.3,0.9,0,0
2886.4,0.9,0,0
2886.5,0.9,0,0
2886.6,0.9,0,0
2886.7,0.9,0,0
2886.8,0.9,0,0
2886.9,0.9,0,0
2887,0.9,0,0
2887.1,0.9,0,0
2887.2,0.9,0,0
2887.4,0.9,0,0
2887.5,0.9,0,0
2887.6,0.9,0,0
2887.7,0.9,0,0
2887.8,0.9,0,0
2887.9,0.9,0,0
2888,0.9,0,0
2888.1,0.9,0,0
2888.2,0.9,0,0
2888.3,0.9,0,0
2888.4,0.9,0,0
2888.5,0.9,0,0
2888.6,0.9,0,0
2888.7,0.6,0,0
2888.8,0.9,0,0
2888.9,0.9,0,0
2889.1,0.9,0,0
2889.2,0.9,0,0
2889.3,0.9,0,0
2889.4,0.9,0,0
2889.5,0.9,0,0
2889.6,0.9,0,0
2889.7,0.9,0,0
2889.8,0.9,0,0
2889.9,0.6,0,0
2890,0.6,0,0
2890.1,0.9,0,0
2890.2,0.6,0,0
2890.3,0.9,0,0
2890.4,0.9,0,0
2890.5,0.9,0,0
2890.6,0.9,0,0
2890.8,0.9,0,0
2890.9,0.9,0,0
2891,0.9,0,0
2891.1,0.9,0,0
2891.2,0.9,0,0
2891.3,0.9,0,0
2891.4,0.9,0,0
2891.5,0.9,0,0
2891.6,0.9,0,0
2891.7,0.9,0,0
2891.8,0.9,0,0
2891.9,0.9,0,0
2892,0.9,0,0
2892.1,0.9,0,0
2892.2,0.9,0,0
2892.3,0.9,0,0
2892.5,0.9,0,0
2892.6,0.9,0,0
2892.7,0.9,0,0
2892.8,0.9,0,0
2892.9,0.9,0,0
2893,0.9,0,0
2893.1,0.9,0,0
2893.2,0.9,0,0
2893.3,0.9,0,0
2893.4,0.9,0,0
2893.5,0.9,0,0
2893.6,0.9,0,0
2893.7,0.9,0,0
2893.8,0.6,0,0
2893.9,0.9,0,0
2894,0.9,0,0
2894.2,0.9,0,0
2894.3,0.9,0,0
2894.4,0.9,0,0
2894.5,0.9,0,0
2894.6,0.9,0,0
2894.7,0.9,0,0
2894.8,0.9,0,0
2894.9,0.9,0,0
2895,0.9,0,0
2895.1,0.9,0,0
2895.2,0.9,0,0
2895.3,0.9,0,0
2895.4,0.9,0,0
2895.5,0.9,0,0
2895.6,0.9,0,0
2895.7,0.9,0,0
2895.8,0.9,0,0
2896,0.9,0,0
2896.1,0.9,0,0
2896.2,0.9,0,0
2896.3,0.9,0,0
2896.4,0.9,0,0
2896.5,0.9,0,0
2896.6,0.9,0,0
2896.7,0.9,0,0
2896.8,0.9,0,0
2896.9,0.9,0,0
2897,0.9,0,0
2897.1,0.9,0,0
2897.2,0.9,0,0
2897.3,0.9,0,0
2897.4,0.6,0,0
2897.5,0.9,0,0
2897.7,0.9,0,0
2897.8,0.6,0,0
2897.9,0.9,0,0
2898,0.6,0,0
2898.1,0.9,0,0
2898.2,0.9,0,0
2898.3,0.9,0,0
2898.4,0.9,0,0
2898.5,0.9,0,0
2898.6,0.9,0,0
2898.7,0.9,0,0
2898.8,0.9,0,0
2898.9,0.9,0,0
2899,0.9,0,0
2899.1,0.9,0,0
2899.2,0.9,0,0
2899.4,0.9,0,0
2899.5,0.6,0,0
2899.6,0.9,0,0
2899.7,0.9,0,0
2899.8,0.9,0,0
2899.9,0.9,0,0
2900,0.6,0,0
2900.1,0.9,0,0
2900.2,0.6,0,0
2900.3,0.6,0,0
2900.4,0.9,0,0
2900.5,0.6,0,0
2900.6,0.9,0,0
2900.7,0.9,0,0
2900.8,0.9,0,0
2900.9,0.9,0,0
2901.1,0.9,0,0
2901.2,0.6,0,0
2901.3,0.6,0,0
2901.4,0.6,0,0
2901.5,0.9,0,0
2901.6,0.9,0,0
2901.7,0.9,0,0
2901.8,0.9,0,0
2901.9,0.9,0,0
2902,0.9,0,0
2902.1,0.9,0,0
2902.2,0.9,0,0
2902.3,0.9,0,0
2902.4,0.9,0,0
2902.5,0.6,0,0
2902.6,0.9,0,0
2902.8,0.9,0,0
2902.9,0.6,0,0
2903,0.9,0,0
2903.1,0.3,0,0
2903.2,0.9,0,0
2903.3,0.9,0,0
2903.4,0.9,0,0
2903.5,0.9,0,0
2903.6,0.9,0,0
2903.7,0.9,0,0
2903.8,0.9,0,0
2903.9,0.9,0,0
2904,0.9,0,0
2904.1,0.6,0,0
2904.2,0.9,0,0
2904.3,0.9,0,0
2904.5,0.9,0,0
2904.6,0.9,0,0
2904.7,0.6,0,0
2904.8,0.9,0,0
2904.9,0.6,0,0
2905,0.9,0,0
2905.1,0.9,0,0
2905.2,0.9,0,0
2905.3,0.9,0,0
2905.4,0.9,0,0
2905.5,0.9,0,0
2905.6,0.6,0,0
2905.7,0.9,0,0
2905.8,0.6,0,0
2905.9,0.9,0,0
2906,0.9,0,0
2906.2,0.9,0,0
2906.3,0.9,0,0
2906.4,0.9,0,0
2906.5,0.9,0,0
2906.6,0.9,0,0
2906.7,0.9,0,0
2906.8,0.9,0,0
2906.9,0.9,0,0
2907,0.6,0,0
2907.1,0.9,0,0
2907.2,0.6,0,0
2907.3,0.9,0,0
2907.4,0.9,0,0
2907.5,0.9,0,0
2907.6,0.6,0,0
2907.7,0.6,0,0
2907.8,0.9,0,0
2908,0.9,0,0
2908.1,0.6,0,0
2908.2,0.6,0,0
2908.3,0.9,0,0
2908.4,0.9,0,0
2908.5,0.9,0,0
2908.6,0.9,0,0
2908.7,0.6,0,0
2908.8,0.6,0,0
2908.9,0.9,0,0
2909,0.9,0,0
2909.1,0.6,0,0
2909.2,0.9,0,0
2909.3,0.9,0,0
2909.4,0.9,0,0
2909.5,0.6,0,0
2909.7,0.9,0,0
2909.8,0.9,0,0
2909.9,0.9,0,0
2910,0.6,0,0
2910.1,0.9,0,0
2910.2,0.9,0,0
2910.3,0.9,0,0
2910.4,0.9,0,0
2910.5,0.9,0,0
2910.6,0.9,0,0
2910.7,0.9,0,0
2910.8,0.6,0,0
2910.9,0.9,0,0
2911,0.9,0,0
2911.1,0.9,0,0
2911.2,0.9,0,0
2911.4,0.9,0,0
2911.5,0.9,0,0
2911.6,0.9,0,0
2911.7,0.6,0,0
2911.8,0.9,0,0
2911.9,0.9,0,0
2912,0.6,0,0
2912.1,0.6,0,0
2912.2,0.9,0,0
2912.3,0.9,0,0
2912.4,0.6,0,0
2912.5,0.9,0,0
2912.6,0.9,0,0
2912.7,0.6,0,0
2912.8,0.6,0,0
2912.9,0.6,0,0
2913.1,0.6,0,0
2913.2,0.9,0,0
2913.3,0.9,0,0
2913.4,0.9,0,0
2913.5,0.9,0,0
2913.6,0.9,0,0
2913.7,0.9,0,0
2913.8,0.9,0,0
2913.9,0.9,0,0
2914,0.9,0,0
2914.1,0.9,0,0
2914.2,0.9,0,0
2914.3,0.9,0,0
2914.4,0.9,0,0
2914.5,0.6,0,0
2914.6,0.9,0,0
2914.8,0.6,0,0
2914.9,0.6,0,0
2915,0.9,0,0
2915.1,0.9,0,0
2915.2,0.9,0,0
2915.3,0.6,0,0
2915.4,0.9,0,0
2915.5,0.9,0,0
2915.6,0.9,0,0
2915.7,0.9,0,0
2915.8,0.9,0,0
2915.9,0.9,0,0
2916,0.9,0,0
2916.1,0.9,0,0
2916.2,0.6,0,0
2916.3,0.9,0,0
2916.5,0.9,0,0
2916.6,0.9,0,0
2916.7,0.9,0,0
2916.8,0.9,0,0
2916.9,0.9,0,0
2917,0.9,0,0
2917.1,0.9,0,0
2917.2,0.9,0,0
2917.3,0.9,0,0
2917.4,0.6,0,0
2917.5,0.6,0,0
2917.6,0.9,0,0
2917.7,0.9,0,0
2917.8,0.9,0,0
2917.9,0.6,0,0
2918,0.9,0,0
2918.2,0.9,0,0
2918.3,0.9,0,0
2918.4,0.9,0,0
2918.5,0.9,0,0
2918.6,0.9,0,0
2918.7,0.9,0,0
2918.8,0.9,0,0
2918.9,0.9,0,0
2919,0.9,0,0
2919.1,0.9,0,0
2919.2,0.9,0,0
2919.3,0.9,0,0
2919.4,0.6,0,0
2919.5,0.9,0,0
2919.6,0.9,0,0
2919.7,0.6,0,0
2919.9,0.9,0,0
2920,0.9,0,0
2920.1,0.9,0,0
2920.2,0.9,0,0
2920.3,0.9,0,0
2920.4,0.6,0,0
2920.5,0.9,0,0
2920.6,0.9,0,0
2920.7,0.9,0,0
2920.8,0.9,0,0
2920.9,0.9,0,0
2921,0.9,0,0
2921.1,0.9,0,0
2921.2,0.9,0,0
2921.3,0.9,0,0
2921.4,0.9,0,0
2921.6,0.9,0,0
2921.7,0.9,0,0
2921.8,0.9,0,0
2921.9,0.9,0,0
2922,0.9,0,0
2922.1,0.9,0,0
2922.2,0.9,0,0
2922.3,0.9,0,0
2922.4,0.9,0,0
2922.5,0.9,0,0
2922.6,0.9,0,0
2922.7,0.9,0,0
2922.8,0.9,0,0
2922.9,0.9,0,0
2923,0.9,0,0
2923.1,0.9,0,0
2923.3,0.9,0,0
2923.4,0.9,0,0
2923.5,0.9,0,0
2923.6,0.9,0,0
2923.7,0.9,0,0
2923.8,0.9,0,0
2923.9,0.6,0,0
2924,0.9,0,0
2924.1,0.9,0,0
2924.2,0.9,0,0
2924.3,0.9,0,0
2924.4,0.9,0,0
2924.5,0.9,0,0
2924.6,0.9,0,0
2924.7,0.9,0,0
2924.8,0.9,0,0
2925,0.9,0,0
2925.1,0.9,0,0
2925.2,0.9,0,0
2925.3,0.9,0,0
2925.4,0.9,0,0
2925.5,0.9,0,0
2925.6,0.9,0,0
2925.7,0.9,0,0
2925.8,0.9,0,0
2925.9,0.9,0,0
2926,0.9,0,0
2926.1,0.9,0,0
2926.2,0.9,0,0
2926.3,0.9,0,0
2926.4,0.9,0,0
2926.5,0.9,0,0
2926.7,0.9,0,0
2926.8,0.9,0,0
2926.9,0.9,0,0
2927,0.9,0,0
2927.1,0.6,0,0
2927.2,0.9,0,0
2927.3,0.9,0,0
2927.4,0.9,0,0
2927.5,0.9,0,0
2927.6,0.9,0,0
2927.7,0.9,0,0
2927.8,0.9,0,0
2927.9,0.9,0,0
2928,0.9,0,0
2928.1,0.9,0,0
2928.2,0.9,0,0
2928.4,0.9,0,0
2928.5,0.9,0,0
2928.6,0.9,0,0
2928.7,0.9,0,0
2928.8,0.9,0,0
2928.9,0.9,0,0
2929,0.9,0,0
2929.1,0.9,0,0
2929.2,0.9,0,0
2929.3,0.9,0,0
2929.4,0.9,0,0
2929.5,0.9,0,0
2929.6,0.9,0,0
2929.7,0.9,0,0
2929.8,0.9,0,0
2929.9,0.9,0,0
2930.1,0.6,0,0
2930.2,0.6,0,0
2930.3,0.9,0,0
2930.4,0.6,0,0
2930.5,0.9,0,0
2930.6,0.9,0,0
2930.7,0.6,0,0
2930.8,0.6,0,0
2930.9,0.6,0,0
2931,0.9,0,0
2931.1,0.6,0,0
2931.2,0.9,0,0
2931.3,0.9,0,0
2931.4,0.9,0,0
2931.5,0.9,0,0
2931.6,0.9,0,0
2931.8,0.9,0,0
2931.9,0.9,0,0
2932,0.9,0,0
2932.1,0.9,0,0
2932.2,0.9,0,0
2932.3,0.9,0,0
2932.4,0.9,0,0
2932.5,0.9,0,0
2932.6,0.9,0,0
2932.7,0.9,0,0
2932.8,0.9,0,0
2932.9,0.9,0,0
2933,0.9,0,0
2933.1,0.9,0,0
2933.2,0.9,0,0
2933.3,0.9,0,0
2933.5,0.9,0,0
2933.6,0.9,0,0
2933.7,0.9,0,0
2933.8,0.9,0,0
2933.9,0.9,0,0
2934,0.9,0,0
2934.1,0.9,0,0
2934.2,0.9,0,0
2934.3,0.9,0,0
2934.4,0.9,0,0
2934.5,0.9,0,0
2934.6,0.9,0,0
2934.7,0.6,0,0
2934.8,0.9,0,0
2934.9,0.9,0,0
2935,0.6,0,0
2935.1,0.9,0,0
2935.3,0.9,0,0
2935.4,0.9,0,0
2935.5,0.9,0,0
2935.6,0.9,0,0
2935.7,0.9,0,0
2935.8,0.9,0,0
2935.9,0.9,0,0
2936,0.9,0,0
2936.1,0.9,0,0
2936.2,0.9,0,0
2936.3,0.9,0,0
2936.4,0.9,0,0
2936.5,0.9,0,0
2936.6,0.9,0,0
2936.7,0.9,0,0
2936.8,0.9,0,0
2937,0.9,0,0
2937.1,0.9,0,0
2937.2,0.9,0,0
2937.3,0.9,0,0
2937.4,0.9,0,0
2937.5,0.9,0,0
2937.6,0.9,0,0
2937.7,0.9,0,0
2937.8,0.9,0,0
2937.9,0.9,0,0
2938,0.9,0,0
2938.1,0.9,0,0
2938.2,0.9,0,0
2938.3,0.6,0,0
2938.4,0.9,0,0
2938.5,0.9,0,0
2938.6,0.9,0,0
2938.8,0.9,0,0
2938.9,0.9,0,0
2939,0.9,0,0
2939.1,0.9,0,0
2939.2,0.9,0,0
2939.3,0.9,0,0
2939.4,0.6,0,0
2939.5,0.9,0,0
2939.6,0.9,0,0
2939.7,0.9,0,0
2939.8,0.9,0,0
2939.9,0.9,0,0
2940,0.9,0,0
2940.1,0.9,0,0
2940.2,0.9,0,0
2940.3,0.6,0,0
2940.5,0.6,0,0
2940.6,0.6,0,0
2940.7,0.6,0,0
2940.8,0.6,0,0
2940.9,0.9,0,0
2941,0.6,0,0
2941.1,0.6,0,0
2941.2,0.9,0,0
2941.3,0.9,0,0
2941.4,0.9,0,0
2941.5,0.9,0,0
2941.6,0.9,0,0
2941.7,0.9,0,0
2941.8,0.9,0,0
2941.9,0.6,0,0
2942.1,0.9,0,0
2942.2,0.9,0,0
2942.3,0.9,0,0
2942.4,0.9,0,0
2942.5,0.6,0,0
2942.6,0.9,0,0
2942.7,0.6,0,0
2942.8,0.6,0,0
2942.9,0.6,0,0
2943,0.9,0,0
2943.1,0.9,0,0
2943.2,0.9,0,0
2943.3,0.9,0,0
2943.4,0.9,0,0
2943.5,0.9,0,0
2943.6,0.9,0,0
2943.8,0.9,0,0
2943.9,0.9,0,0
2944,0.9,0,0
2944.1,0.9,0,0
2944.2,0.9,0,0
2944.3,0.9,0,0
2944.4,0.9,0,0
2944.5,0.9,0,0
2944.6,0.9,0,0
2944.7,0.9,0,0
2944.8,0.9,0,0
2944.9,0.9,0,0
2945,0.6,0,0
2945.1,0.6,0,0
2945.2,0.9,0,0
2945.3,0.9,0,0
2945.5,0.9,0,0
2945.6,0.9,0,0
2945.7,0.9,0,0
2945.8,0.9,0,0
2945.9,0.6,0,0
2946,0.9,0,0
2946.1,0.9,0,0
2946.2,0.9,0,0
2946.3,0.9,0,0
2946.4,0.9,0,0
2946.5,0.9,0,0
2946.6,0.9,0,0
2946.7,0.9,0,0
2946.8,0.9,0,0
2946.9,0.9,0,0
2947,0.9,0,0
2947.2,0.9,0,0
2947.3,0.9,0,0
2947.4,0.9,0,0
2947.5,0.9,0,0
2947.6,0.9,0,0
2947.7,0.9,0,0
2947.8,0.9,0,0
2947.9,0.9,0,0
2948,0.9,0,0
2948.1,0.9,0,0
2948.2,0.9,0,0
2948.3,0.9,0,0
2948.4,0.9,0,0
2948.5,0.9,0,0
2948.6,0.9,0,0
2948.7,0.9,0,0
2948.9,0.9,0,0
2949,0.9,0,0
2949.1,0.9,0,0
2949.2,0.9,0,0
2949.3,0.9,0,0
2949.4,0.9,0,0
2949.5,0.6,0,0
2949.6,0.9,0,0
2949.7,0.9,0,0
2949.8,0.9,0,0
2949.9,0.9,0,0
2950,0.9,0,0
2950.1,0.9,0,0
2950.2,0.9,0,0
2950.3,0.9,0,0
2950.4,0.9,0,0
2950.6,0.9,0,0
2950.7,0.9,0,0
2950.8,0.9,0,0
2950.9,0.9,0,0
2951,0.9,0,0
2951.1,0.9,0,0
2951.2,0.9,0,0
2951.3,0.9,0,0
2951.4,0.6,0,0
2951.5,0.6,0,0
2951.6,0.9,0,0
2951.7,0.6,0,0
2951.8,0.9,0,0
2951.9,0.9,0,0
2952,0.9,0,0
2952.1,0.9,0,0
2952.3,0.9,0,0
2952.4,0.9,0,0
2952.5,0.9,0,0
2952.6,0.6,0,0
2952.7,0.6,0,0
2952.8,0.9,0,0
2952.9,0.9,0,0
2953,0.6,0,0
2953.1,0.6,0,0
2953.2,0.9,0,0
2953.3,0.9,0,0
2953.4,0.9,0,0
2953.5,0.9,0,0
2953.6,0.9,0,0
2953.7,0.9,0,0
2953.8,0.9,0,0
2954,0.9,0,0
2954.1,0.9,0,0
2954.2,0.9,0,0
2954.3,0.9,0,0
2954.4,0.9,0,0
2954.5,0.9,0,0
2954.6,0.9,0,0
2954.7,0.9,0,0
2954.8,0.9,0,0
2954.9,0.9,0,0
2955,0.9,0,0
2955.1,0.9,0,0
2955.2,0.9,0,0
2955.3,0.9,0,0
2955.4,0.9,0,0
2955.5,0.9,0,0
2955.7,0.9,0,0
2955.8,0.9,0,0
2955.9,0.9,0,0
2956,0.9,0,0
2956.1,0.9,0,0
2956.2,0.9,0,0
2956.3,0.9,0,0
2956.4,0.9,0,0
2956.5,0.9,0,0
2956.6,0.6,0,0
2956.7,0.9,0,0
2956.8,0.9,0,0
2956.9,0.9,0,0
2957,0.9,0,0
2957.1,0.9,0,0
2957.2,0.9,0,0
2957.4,0.9,0,0
2957.5,0.9,0,0
2957.6,0.9,0,0
2957.7,0.9,0,0
2957.8,0.9,0,0
2957.9,0.9,0,0
2958,0.9,0,0
2958.1,0.9,0,0
2958.2,0.9,0,0
2958.3,0.9,0,0
2958.4,0.9,0,0
2958.5,0.9,0,0
2958.6,0.9,0,0
2958.7,0.9,0,0
2958.8,0.9,0,0
2958.9,0.9,0,0
2959.1,0.9,0,0
2959.2,0.9,0,0
2959.3,0.9,0,0
2959.4,0.9,0,0
2959.5,0.9,0,0
2959.6,0.6,0,0
2959.7,0.6,0,0
2959.8,0.6,0,0
2959.9,0.9,0,0
2960,0.9,0,0
2960.1,0.9,0,0
2960.2,0.9,0,0
2960.3,0.9,0,0
2960.4,0.9,0,0
2960.5,0.9,0,0
2960.6,0.9,0,0
2960.8,0.9,0,0
2960.9,0.9,0,0
2961,0.9,0,0
2961.1,0.9,0,0
2961.2,0.9,0,0
2961.3,0.9,0,0
2961.4,0.9,0,0
2961.5,0.9,0,0
2961.6,0.9,0,0
2961.7,0.9,0,0
2961.8,0.9,0,0
2961.9,0.9,0,0
2962,0.9,0,0
2962.1,0.9,0,0
2962.2,0.9,0,0
2962.3,0.6,0,0
2962.4,0.9,0,0
2962.6,0.9,0,0
2962.7,0.9,0,0
2962.8,0.6,0,0
2962.9,0.9,0,0
2963,0.6,0,0
2963.1,0.6,0,0
2963.2,0.9,0,0
2963.3,0.9,0,0
2963.4,0.9,0,0
2963.5,0.9,0,0
2963.6,0.6,0,0
2963.7,0.9,0,0
2963.8,0.6,0,0
2963.9,0.9,0,0
2964,0.9,0,0
2964.1,0.9,0,0
2964.3,0.9,0,0
2964.4,0.9,0,0
2964.5,0.9,0,0
2964.6,0.9,0,0
2964.7,0.9,0,0
2964.8,0.9,0,0
2964.9,0.9,0,0
2965,0.9,0,0
2965.1,0.9,0,0
2965.2,0.9,0,0
2965.3,0.9,0,0
2965.4,0.9,0,0
2965.5,0.9,0,0
2965.6,0.9,0,0
2965.7,0.9,0,0
2965.8,0.9,0,0
2965.9,0.9,0,0
2966.1,0.9,0,0
2966.2,0.9,0,0
2966.3,0.9,0,0
2966.4,0.6,0,0
2966.5,0.9,0,0
2966.6,0.9,0,0
2966.7,0.6,0,0
2966.8,0.6,0,0
2966.9,0.9,0,0
2967,0.9,0,0
2967.1,0.6,0,0
2967.2,0.9,0,0
2967.3,0.6,0,0
2967.4,0.9,0,0
2967.5,0.9,0,0
2967.6,0.9,0,0
2967.8,0.9,0,0
2967.9,0.9,0,0
2968,0.9,0,0
2968.1,0.9,0,0
2968.2,0.6,0,0
2968.3,0.9,0,0
2968.4,0.9,0,0
2968.5,0.6,0,0
2968.6,0.6,0,0
2968.7,0.6,0,0
2968.8,0.9,0,0
2968.9,0.6,0,0
2969,0.6,0,0
2969.1,0.6,0,0
2969.2,0.9,0,0
2969.3,0.6,0,0
2969.4,0.9,0,0
2969.6,0.9,0,0
2969.7,0.9,0,0
2969.8,0.9,0,0
2969.9,0.6,0,0
2970,0.6,0,0
2970.1,0.9,0,0
2970.2,0.6,0,0
2970.3,0.6,0,0
2970.4,0.6,0,0
2970.5,0.9,0,0
2970.6,0.6,0,0
2970.7,0.9,0,0
2970.8,0.6,0,0
2970.9,0.9,0,0
2971,0.9,0,0
2971.1,0.6,0,0
2971.3,0.6,0,0
2971.4,0.6,0,0
2971.5,0.6,0,0
2971.6,0.9,0,0
2971.7,0.9,0,0
2971.8,0.9,0,0
2971.9,0.6,0,0
2972,0.9,0,0
2972.1,0.9,0,0
2972.2,0.6,0,0
2972.3,0.6,0,0
2972.4,0.6,0,0
2972.5,0.6,0,0
2972.6,0.6,0,0
2972.7,0.9,0,0
2972.8,0.6,0,0
2973,0.6,0,0
2973.1,0.6,0,0
2973.2,0.9,0,0
2973.3,0.6,0,0
2973.4,0.9,0,0
2973.5,0.9,0,0
2973.6,0.6,0,0
2973.7,0.9,0,0
2973.8,0.6,0,0
2973.9,0.9,0,0
2974,0.6,0,0
2974.1,0.9,0,0
2974.2,0.6,0,0
2974.3,0.9,0,0
2974.4,0.9,0,0
2974.5,0.6,0,0
2974.7,0.6,0,0
2974.8,0.6,0,0
2974.9,0.6,0,0
2975,0.6,0,0
2975.1,0.9,0,0
2975.2,0.6,0,0
2975.3,0.9,0,0
2975.4,0.9,0,0
2975.5,0.9,0,0
2975.6,0.9,0,0
2975.7,0.9,0,0
2975.8,0.6,0,0
2975.9,0.9,0,0
2976,0.9,0,0
2976.1,0.3,0,0
2976.2,0.9,0,0
2976.4,0.9,0,0
2976.5,0.9,0,0
2976.6,0.9,0,0
2976.7,0.9,0,0
2976.8,0.6,0,0
2976.9,0.9,0,0
2977,0.9,0,0
2977.1,0.9,0,0
2977.2,0.9,0,0
2977.3,0.9,0,0
2977.4,0.9,0,0
2977.5,0.6,0,0
2977.6,0.9,0,0
2977.7,0.9,0,0
2977.8,0.9,0,0
2977.9,0.9,0,0
2978,0.9,0,0
2978.2,0.6,0,0
2978.3,0.9,0,0
2978.4,0.9,0,0
2978.5,0.9,0,0
2978.6,0.6,0,0
2978.7,0.6,0,0
2978.8,0.6,0,0
2978.9,0.6,0,0
2979,0.9,0,0
2979.1,0.6,0,0
2979.2,0.9,0,0
2979.3,0.9,0,0
2979.4,0.6,0,0
2979.5,0.6,0,0
2979.6,0.6,0,0
2979.7,0.6,0,0
2979.9,0.9,0,0
2980,0.6,0,0
2980.1,0.6,0,0
2980.2,0.9,0,0
2980.3,0.9,0,0
2980.4,0.9,0,0
2980.5,0.6,0,0
2980.6,0.9,0,0
2980.7,0.9,0,0
2980.8,0.9,0,0
2980.9,0.6,0,0
2981,0.6,0,0
2981.1,0.6,0,0
2981.2,0.6,0,0
2981.3,0.9,0,0
2981.4,0.6,0,0
2981.6,0.9,0,0
2981.7,0.9,0,0
2981.8,0.9,0,0
2981.9,0.6,0,0
2982,0.9,0,0
2982.1,0.6,0,0
2982.2,0.6,0,0
2982.3,0.9,0,0
2982.4,0.6,0,0
2982.5,0.9,0,0
2982.6,0.6,0,0
2982.7,0.9,0,0
2982.8,0.6,0,0
2982.9,0.9,0,0
2983,0.9,0,0
2983.1,0.9,0,0
2983.3,0.6,0,0
2983.4,0.6,0,0
2983.5,0.6,0,0
2983.6,0.6,0,0
2983.7,0.6,0,0
2983.8,0.6,0,0
2983.9,0.6,0,0
2984,0.6,0,0
2984.1,0.9,0,0
2984.2,0.6,0,0
2984.3,0.9,0,0
2984.4,0.9,0,0
2984.5,0.9,0,0
2984.6,0.6,0,0
2984.7,0.6,0,0
2984.8,0.6,0,0
2985,0.6,0,0
2985.1,0.6,0,0
2985.2,0.6,0,0
2985.3,0.9,0,0
2985.4,0.6,0,0
2985.5,0.6,0,0
2985.6,0.6,0,0
2985.7,0.9,0,0
2985.8,0.6,0,0
2985.9,0.3,0,0
2986,0.6,0,0
2986.1,0.6,0,0
2986.2,0.6,0,0
2986.3,0.6,0,0
2986.4,0.6,0,0
2986.5,0.6,0,0
2986.7,0.9,0,0
2986.8,0.6,0,0
2986.9,0.9,0,0
2987,0.9,0,0
2987.1,0.9,0,0
2987.2,0.9,0,0
2987.3,0.9,0,0
2987.4,0.9,0,0
2987.5,0.6,0,0
2987.6,0.6,0,0
2987.7,0.6,0,0
2987.8,0.6,0,0
2987.9,0.6,0,0
2988,0.6,0,0
2988.1,0.6,0,0
2988.2,0.9,0,0
2988.3,0.9,0,0
2988.5,0.6,0,0
2988.6,0.6,0,0
2988.7,0.6,0,0
2988.8,0.9,0,0
2988.9,0.6,0,0
2989,0.6,0,0
2989.1,0.6,0,0
2989.2,0.6,0,0
2989.3,0.6,0,0
2989.4,0.9,0,0
2989.5,0.9,0,0
2989.6,0.9,0,0
2989.7,0.9,0,0
2989.8,0.6,0,0
2989.9,0.6,0,0
2990,0.6,0,0
2990.2,0.6,0,0
2990.3,0.6,0,0
2990.4,0.9,0,0
2990.5,0.6,0,0
2990.6,0.9,0,0
2990.7,0.6,0,0
2990.8,0.9,0,0
2990.9,0.6,0,0
2991,0.6,0,0
2991.1,0.6,0,0
2991.2,0.6,0,0
2991.3,0.9,0,0
2991.4,0.6,0,0
2991.5,0.9,0,0
2991.6,0.9,0,0
2991.7,0.9,0,0
2991.8,0.6,0,0
2992,0.9,0,0
2992.1,0.6,0,0
2992.2,0.6,0,0
2992.3,0.9,0,0
2992.4,0.6,0,0
2992.5,0.9,0,0
2992.6,0.6,0,0
2992.7,0.9,0,0
2992.8,0.6,0,0
2992.9,0.9,0,0
2993,0.9,0,0
2993.1,0.6,0,0
2993.2,0.9,0,0
2993.3,0.9,0,0
2993.4,0.6,0,0
2993.5,0.6,0,0
2993.7,0.9,0,0
2993.8,0.6,0,0
2993.9,0.6,0,0
2994,0.6,0,0
2994.1,0.9,0,0
2994.2,0.6,0,0
2994.3,0.9,0,0
2994.4,0.9,0,0
2994.5,0.9,0,0
2994.6,0.6,0,0
2994.7,0.6,0,0
2994.8,0.6,0,0
2994.9,0.6,0,0
2995,0.6,0,0
2995.1,0.6,0,0
2995.2,0.6,0,0
2995.3,0.6,0,0
2995.5,0.6,0,0
2995.6,0.6,0,0
2995.7,0.9,0,0
2995.8,0.6,0,0
2995.9,0.6,0,0
2996,0.6,0,0
2996.1,0.6,0,0
2996.2,0.6,0,0
2996.3,0.6,0,0
2996.4,0.6,0,0
2996.5,0.6,0,0
2996.6,0.6,0,0
2996.7,0.3,0,0
2996.8,0.6,0,0
2996.9,0.6,0,0
2997,0.6,0,0
2997.2,0.6,0,0
2997.3,0.6,0,0
2997.4,0.6,0,0
2997.5,0.6,0,0
2997.6,0.6,0,0
2997.7,0.6,0,0
2997.8,0.6,0,0
2997.9,0.6,0,0
2998,0.6,0,0
2998.1,0.6,0,0
2998.2,0.6,0,0
2998.3,0.6,0,0
2998.4,0.9,0,0
2998.5,0.6,0,0
2998.6,0.6,0,0
2998.7,0.6,0,0
2998.9,0.6,0,0
2999,0.6,0,0
2999.1,0.6,0,0
2999.2,0.6,0,0
2999.3,0.6,0,0
2999.4,0.6,0,0
2999.5,0.6,0,0
2999.6,0.6,0,0
2999.7,0.6,0,0
2999.8,0.6,0,0
2999.9,0.6,0,0
3000,0.6,0,0
3000.1,0.6,0,0
3000.2,0.6,0,0
3000.3,0.6,0,0
3000.4,0.6,0,0
3000.6,0.6,0,0
3000.7,0.6,0,0
3000.8,0.6,0,0
3000.9,0.6,0,0
3001,0.6,0,0
3001.1,0.6,0,0
3001.2,0.9,0,0
3001.3,0.6,0,0
3001.4,0.6,0,0
3001.5,0.6,0,0
3001.6,0.6,0,0
3001.7,0.6,0,0
3001.8,0.6,0,0
3001.9,0.6,0,0
3002,0.6,0,0
3002.1,0.6,0,0
3002.3,0.6,0,0
3002.4,0.6,0,0
3002.5,0.6,0,0
3002.6,0.6,0,0
3002.7,0.6,0,0
3002.8,0.6,0,0
3002.9,0.6,0,0
3003,0.6,0,0
3003.1,0.6,0,0
3003.2,0.6,0,0
3003.3,0.6,0,0
3003.4,0.6,0,0
3003.5,0.3,0,0
3003.6,0.6,0,0
3003.7,0.6,0,0
3003.8,0.6,0,0
3004,0.9,0,0
3004.1,0.6,0,0
3004.2,0.6,0,0
3004.3,0.6,0,0
3004.4,0.6,0,0
3004.5,0.6,0,0
3004.6,0.6,0,0
3004.7,0.6,0,0
3004.8,0.6,0,0
3004.9,0.6,0,0
3005,0.6,0,0
3005.1,0.6,0,0
3005.2,0.6,0,0
3005.3,0.6,0,0
3005.4,0.6,0,0
3005.6,0.6,0,0
3005.7,0.6,0,0
3005.8,0.6,0,0
3005.9,0.6,0,0
3006,0.6,0,0
3006.1,0.6,0,0
3006.2,0.6,0,0
3006.3,0.6,0,0
3006.4,0.6,0,0
3006.5,0.6,0,0
3006.6,0.6,0,0
3006.7,0.9,0,0
3006.8,0.6,0,0
3006.9,0.6,0,0
3007,0.6,0,0
3007.2,0.6,0,0
3007.3,0.6,0,0
3007.4,0.6,0,0
3007.5,0.6,0,0
3007.6,0.6,0,0
3007.7,0.6,0,0
3007.8,0.3,0,0
3007.9,0.6,0,0
3008,0.6,0,0
3008.1,0.6,0,0
3008.2,0.6,0,0
3008.3,0.6,0,0
3008.4,0.6,0,0
3008.5,0.6,0,0
3008.6,0.6,0,0
3008.7,0.6,0,0
3008.8,0.6,0,0
3009,0.6,0,0
3009.1,0.6,0,0
3009.2,0.6,0,0
3009.3,0.6,0,0
3009.4,0.6,0,0
3009.5,0.9,0,0
3009.6,0.6,0,0
3009.7,0.6,0,0
3009.8,0.6,0,0
3009.9,0.6,0,0
3010,0.6,0,0
3010.1,0.6,0,0
3010.2,0.6,0,0
3010.3,0.6,0,0
3010.4,0.6,0,0
3010.5,0.6,0,0
3010.7,0.6,0,0
3010.8,0.6,0,0
3010.9,0.6,0,0
3011,0.6,0,0
3011.1,0.6,0,0
3011.2,0.6,0,0
3011.3,0.6,0,0
3011.4,0.3,0,0
3011.5,0.6,0,0
3011.6,0.6,0,0
3011.7,0.6,0,0
3011.8,0.6,0,0
3011.9,0.6,0,0
3012,0.6,0,0
3012.1,0.6,0,0
3012.2,0.9,0,0
3012.4,0.6,0,0
3012.5,0.6,0,0
3012.6,0.6,0,0
3012.7,0.6,0,0
3012.8,0.6,0,0
3012.9,0.6,0,0
3013,0.6,0,0
3013.1,0.6,0,0
3013.2,0.6,0,0
3013.3,0.6,0,0
3013.4,0.6,0,0
3013.5,0.6,0,0
3013.6,0.6,0,0
3013.7,0.6,0,0
3013.8,0.6,0,0
3013.9,0.6,0,0
3014.1,0.6,0,0
3014.2,0.6,0,0
3014.3,0.6,0,0
3014.4,0.6,0,0
3014.5,0.6,0,0
3014.6,0.6,0,0
3014.7,0.6,0,0
3014.8,0.6,0,0
3014.9,0.6,0,0
3015,0.9,0,0
3015.1,0.6,0,0
3015.2,0.6,0,0
3015.3,0.6,0,0
3015.4,0.6,0,0
3015.5,0.6,0,0
3015.6,0.6,0,0
3015.8,0.6,0,0
3015.9,0.6,0,0
3016,0.6,0,0
3016.1,0.6,0,0
3016.2,0.6,0,0
3016.3,0.6,0,0
3016.4,0.6,0,0
3016.5,0.6,0,0
3016.6,0.6,0,0
3016.7,0.6,0,0
3016.8,0.6,0,0
3016.9,0.6,0,0
3017,0.6,0,0
3017.1,0.6,0,0
3017.2,0.6,0,0
3017.3,0.6,0,0
3017.5,0.6,0,0
3017.6,0.6,0,0
3017.7,0.6,0,0
3017.8,0.9,0,0
3017.9,0.6,0,0
3018,0.6,0,0
3018.1,0.3,0,0
3018.2,0.6,0,0
3018.3,0.6,0,0
3018.4,0.6,0,0
3018.5,0.6,0,0
3018.6,0.6,0,0
3018.7,0.6,0,0
3018.8,0.6,0,0
3018.9,0.6,0,0
3019,0.6,0,0
3019.1,0.6,0,0
3019.3,0.6,0,0
3019.4,0.6,0,0
3019.5,0.6,0,0
3019.6,0.6,0,0
3019.7,0.6,0,0
3019.8,0.6,0,0
3019.9,0.6,0,0
3020,0.6,0,0
3020.1,0.6,0,0
3020.2,0.6,0,0
3020.3,0.6,0,0
3020.4,0.6,0,0
3020.5,0.9,0,0
3020.6,0.6,0,0
3020.7,0.6,0,0
3020.8,0.6,0,0
3021,0.6,0,0
3021.1,0.6,0,0
3021.2,0.6,0,0
3021.3,0.6,0,0
3021.4,0.6,0,0
3021.5,0.6,0,0
3021.6,0.6,0,0
3021.7,0.3,0,0
3021.8,0.6,0,0
3021.9,0.6,0,0
3022,0.6,0,0
3022.1,0.6,0,0
3022.2,0.6,0,0
3022.3,0.6,0,0
3022.4,0.6,0,0
3022.6,0.6,0,0
3022.7,0.3,0,0
3022.8,0.6,0,0
3022.9,0.6,0,0
3023,0.6,0,0
3023.1,0.6,0,0
3023.2,0.6,0,0
3023.3,0.9,0,0
3023.4,0.6,0,0
3023.5,0.6,0,0
3023.6,0.6,0,0
3023.7,0.6,0,0
3023.8,0.6,0,0
3023.9,0.6,0,0
3024,0.6,0,0
3024.1,0.6,0,0
3024.2,0.6,0,0
3024.4,0.6,0,0
3024.5,0.6,0,0
3024.6,0.6,0,0
3024.7,0.6,0,0
3024.8,0.6,0,0
3024.9,0.9,0,0
3025,0.6,0,0
3025.1,0.6,0,0
3025.2,0.9,0,0
3025.3,0.6,0,0
3025.4,0.6,0,0
3025.5,0.6,0,0
3025.6,0.6,0,0
3025.7,0.6,0,0
3025.8,0.6,0,0
3025.9,0.6,0,0
3026.1,0.9,0,0
3026.2,0.6,0,0
3026.3,0.6,0,0
3026.4,0.6,0,0
3026.5,0.6,0,0
3026.6,0.6,0,0
3026.7,0.6,0,0
3026.8,0.6,0,0
3026.9,0.6,0,0
3027,0.6,0,0
3027.1,0.6,0,0
3027.2,0.6,0,0
3027.3,0.6,0,0
3027.4,0.6,0,0
3027.5,0.6,0,0
3027.6,0.6,0,0
3027.8,0.6,0,0
3027.9,0.6,0,0
3028,0.6,0,0
3028.1,0.6,0,0
3028.2,0.6,0,0
3028.3,0.6,0,0
3028.4,0.6,0,0
3028.5,0.6,0,0
3028.6,0.6,0,0
3028.7,0.6,0,0
3028.8,0.6,0,0
3028.9,0.6,0,0
3029,0.6,0,0
3029.1,0.6,0,0
3029.2,0.6,0,0
3029.3,0.6,0,0
3029.5,0.6,0,0
3029.6,0.6,0,0
3029.7,0.6,0,0
3029.8,0.6,0,0
3029.9,0.6,0,0
3030,0.6,0,0
3030.1,0.6,0,0
3030.2,0.6,0,0
3030.3,0.6,0,0
3030.4,0.6,0,0
3030.5,0.6,0,0
3030.6,0.6,0,0
3030.7,0.6,0,0
3030.8,0.6,0,0
3030.9,0.6,0,0
3031,0.6,0,0
3031.1,0.6,0,0
3031.3,0.6,0,0
3031.4,0.6,0,0
3031.5,0.6,0,0
3031.6,0.6,0,0
3031.7,0.6,0,0
3031.8,0.6,0,0
3031.9,0.6,0,0
3032,0.6,0,0
3032.1,0.6,0,0
3032.2,0.6,0,0
3032.3,0.6,0,0
3032.4,0.6,0,0
3032.5,0.6,0,0
3032.6,0.6,0,0
3032.7,0.6,0,0
3032.8,0.6,0,0
3033,0.6,0,0
3033.1,0.6,0,0
3033.2,0.6,0,0
3033.3,0.6,0,0
3033.4,0.6,0,0
3033.5,0.6,0,0
3033.6,0.6,0,0
3033.7,0.6,0,0
3033.8,0.6,0,0
3033.9,0.6,0,0
3034,0.6,0,0
3034.1,0.6,0,0
3034.2,0.6,0,0
3034.3,0.6,0,0
3034.4,0.9,0,0
3034.5,0.6,0,0
3034.7,0.6,0,0
3034.8,0.6,0,0
3034.9,0.6,0,0
3035,0.3,0,0
3035.1,0.6,0,0
3035.2,0.6,0,0
3035.3,0.6,0,0
3035.4,0.6,0,0
3035.5,0.6,0,0
3035.6,0.6,0,0
3035.7,0.6,0,0
3035.8,0.6,0,0
3035.9,0.6,0,0
3036,0.6,0,0
3036.1,0.6,0,0
3036.2,0.6,0,0
3036.3,0.6,0,0
3036.5,0.6,0,0
3036.6,0.6,0,0
3036.7,0.6,0,0
3036.8,0.6,0,0
3036.9,0.6,0,0
3037,0.6,0,0
3037.1,0.6,0,0
3037.2,0.6,0,0
3037.3,0.6,0,0
3037.4,0.6,0,0
3037.5,0.6,0,0
3037.6,0.6,0,0
3037.7,0.6,0,0
3037.8,0.6,0,0
3037.9,0.6,0,0
3038,0.6,0,0
3038.2,0.6,0,0
3038.3,0.6,0,0
3038.4,0.6,0,0
3038.5,0.6,0,0
3038.6,0.6,0,0
3038.7,0.6,0,0
3038.8,0.6,0,0
3038.9,0.6,0,0
3039,0.6,0,0
3039.1,0.6,0,0
3039.2,0.6,0,0
3039.3,0.6,0,0
3039.4,0.6,0,0
3039.5,0.6,0,0
3039.6,0.6,0,0
3039.7,0.6,0,0
3039.8,0.6,0,0
3040,0.9,0,0
3040.1,0.6,0,0
3040.2,0.6,0,0
3040.3,0.6,0,0
3040.4,0.6,0,0
3040.5,0.6,0,0
3040.6,0.6,0,0
3040.7,0.6,0,0
3040.8,0.6,0,0
3040.9,0.6,0,0
3041,0.6,0,0
3041.1,0.6,0,0
3041.2,0.6,0,0
3041.3,0.6,0,0
3041.4,0.6,0,0
3041.5,0.6,0,0
3041.7,0.6,0,0
3041.8,0.6,0,0
3041.9,0.6,0,0
3042,0.6,0,0
3042.1,0.6,0,0
3042.2,0.6,0,0
3042.3,0.6,0,0
3042.4,0.6,0,0
3042.5,0.6,0,0
3042.6,0.6,0,0
3042.7,0.9,0,0
3042.8,0.6,0,0
3042.9,0.6,0,0
3043,0.6,0,0
3043.1,0.6,0,0
3043.2,0.6,0,0
3043.4,0.6,0,0
3043.5,0.6,0,0
3043.6,0.6,0,0
3043.7,0.6,0,0
3043.8,0.6,0,0
3043.9,0.6,0,0
3044,0.6,0,0
3044.1,0.6,0,0
3044.2,0.3,0,0
3044.3,0.6,0,0
3044.4,0.6,0,0
3044.5,0.6,0,0
3044.6,0.6,0,0
3044.7,0.6,0,0
3044.8,0.6,0,0
3044.9,0.6,0,0
3045,0.6,0,0
3045.2,0.6,0,0
3045.3,0.6,0,0
3045.4,0.6,0,0
3045.5,0.9,0,0
3045.6,0.6,0,0
3045.7,0.6,0,0
3045.8,0.6,0,0
3045.9,0.6,0,0
3046,0.6,0,0
3046.1,0.6,0,0
3046.2,0.6,0,0
3046.3,0.6,0,0
3046.4,0.6,0,0
3046.5,0.6,0,0
3046.6,0.6,0,0
3046.7,0.9,0,0
3046.9,0.6,0,0
3047,0.6,0,0
3047.1,0.6,0,0
3047.2,0.6,0,0
3047.3,0.6,0,0
3047.4,0.6,0,0
3047.5,0.6,0,0
3047.6,0.6,0,0
3047.7,0.6,0,0
3047.8,0.6,0,0
3047.9,0.6,0,0
3048,0.6,0,0
3048.1,0.6,0,0
3048.2,0.9,0,0
3048.3,0.9,0,0
3048.4,0.6,0,0
3048.6,0.6,0,0
3048.7,0.6,0,0
3048.8,0.6,0,0
3048.9,0.6,0,0
3049,0.6,0,0
3049.1,0.6,0,0
3049.2,0.6,0,0
3049.3,0.6,0,0
3049.4,0.6,0,0
3049.5,0.6,0,0
3049.6,0.6,0,0
3049.7,0.6,0,0
3049.8,0.6,0,0
3049.9,0.6,0,0
3050,0.6,0,0
3050.1,0.6,0,0
3050.2,0.9,0,0
3050.4,0.6,0,0
3050.5,0.6,0,0
3050.6,0.6,0,0
3050.7,0.6,0,0
3050.8,0.6,0,0
3050.9,0.6,0,0
3051,0.9,0,0
3051.1,0.6,0,0
3051.2,0.6,0,0
3051.3,0.6,0,0
3051.4,0.6,0,0
3051.5,0.6,0,0
3051.6,0.6,0,0
3051.7,0.6,0,0
3051.8,0.6,0,0
3051.9,0.6,0,0
3052.1,0.6,0,0
3052.2,0.6,0,0
3052.3,0.6,0,0
3052.4,0.6,0,0
3052.5,0.6,0,0
3052.6,0.6,0,0
3052.7,0.9,0,0
3052.8,0.6,0,0
3052.9,0.6,0,0
3053,0.6,0,0
3053.1,0.6,0,0
3053.2,0.6,0,0
3053.3,0.6,0,0
3053.4,0.6,0,0
3053.5,0.6,0,0
3053.6,0.6,0,0
3053.7,0.9,0,0
3053.9,0.6,0,0
3054,0.6,0,0
3054.1,0.6,0,0
3054.2,0.9,0,0
3054.3,0.9,0,0
3054.4,0.9,0,0
3054.5,0.9,0,0
3054.6,0.6,0,0
3054.7,0.6,0,0
3054.8,0.6,0,0
3054.9,0.6,0,0
3055,0.6,0,0
3055.1,0.6,0,0
3055.2,0.6,0,0
3055.3,0.9,0,0
3055.4,0.6,0,0
3055.6,0.9,0,0
3055.7,0.6,0,0
3055.8,0.9,0,0
3055.9,0.9,0,0
3056,0.9,0,0
3056.1,0.9,0,0
3056.2,0.6,0,0
3056.3,0.6,0,0
3056.4,0.6,0,0
3056.5,0.9,0,0
3056.6,0.6,0,0
3056.7,0.6,0,0
3056.8,0.6,0,0
3056.9,0.6,0,0
3057,0.6,0,0
3057.1,0.6,0,0
3057.2,0.6,0,0
3057.4,0.6,0,0
3057.5,0.6,0,0
3057.6,0.6,0,0
3057.7,0.6,0,0
3057.8,0.6,0,0
3057.9,0.9,0,0
3058,0.9,0,0
3058.1,0.9,0,0
3058.2,0.6,0,0
3058.3,0.9,0,0
3058.4,0.6,0,0
3058.5,0.9,0,0
3058.6,0.6,0,0
3058.7,0.6,0,0
3058.8,0.6,0,0
3058.9,0.6,0,0
3059.1,0.6,0,0
3059.2,0.6,0,0
3059.3,0.9,0,0
3059.4,0.6,0,0
3059.5,0.9,0,0
3059.6,0.6,0,0
3059.7,0.6,0,0
3059.8,0.6,0,0
3059.9,0.6,0,0
3060,0.6,0,0
3060.1,0.6,0,0
3060.2,0.6,0,0
3060.3,0.6,0,0
3060.4,0.6,0,0
3060.5,0.6,0,0
3060.6,0.9,0,0
3060.8,0.9,0,0
3060.9,0.9,0,0
3061,0.6,0,0
3061.1,0.6,0,0
3061.2,0.6,0,0
3061.3,0.6,0,0
3061.4,0.9,0,0
3061.5,0.6,0,0
3061.6,0.6,0,0
3061.7,0.6,0,0
3061.8,0.6,0,0
3061.9,0.6,0,0
3062,0.6,0,0
3062.1,0.6,0,0
3062.2,0.6,0,0
3062.3,0.6,0,0
3062.4,0.6,0,0
3062.6,0.6,0,0
3062.7,0.6,0,0
3062.8,0.6,0,0
3062.9,0.6,0,0
3063,0.6,0,0
3063.1,0.6,0,0
3063.2,0.6,0,0
3063.3,0.6,0,0
3063.4,0.6,0,0
3063.5,0.6,0,0
3063.6,0.6,0,0
3063.7,0.6,0,0
3063.8,0.6,0,0
3063.9,0.6,0,0
3064,0.6,0,0
3064.2,0.6,0,0
3064.3,0.6,0,0
3064.4,0.6,0,0
3064.5,0.6,0,0
3064.6,0.6,0,0
3064.7,0.6,0,0
3064.8,0.6,0,0
3064.9,0.6,0,0
3065,0.6,0,0
3065.1,0.6,0,0
3065.2,0.6,0,0
3065.3,0.6,0,0
3065.4,0.6,0,0
3065.5,0.6,0,0
3065.6,0.6,0,0
3065.7,0.3,0,0
3065.9,0.6,0,0
3066,0.6,0,0
3066.1,0.6,0,0
3066.2,0.6,0,0
3066.3,0.6,0,0
3066.4,0.6,0,0
3066.5,0.6,0,0
3066.6,0.6,0,0
3066.7,0.6,0,0
3066.8,0.6,0,0
3066.9,0.6,0,0
3067,0.6,0,0
3067.1,0.6,0,0
3067.2,0.6,0,0
3067.3,0.6,0,0
3067.4,0.6,0,0
3067.6,0.6,0,0
3067.7,0.6,0,0
3067.8,0.6,0,0
3067.9,0.6,0,0
3068,0.6,0,0
3068.1,0.6,0,0
3068.2,0.6,0,0
3068.3,0.6,0,0
3068.4,0.6,0,0
3068.5,0.9,0,0
3068.6,0.6,0,0
3068.7,0.9,0,0
3068.8,0.6,0,0
3068.9,0.6,0,0
3069,0.6,0,0
3069.1,0.6,0,0
3069.3,0.9,0,0
3069.4,0.6,0,0
3069.5,0.6,0,0
3069.6,0.6,0,0
3069.7,0.6,0,0
3069.8,0.6,0,0
3069.9,0.9,0,0
3070,0.9,0,0
3070.1,0.6,0,0
3070.2,0.6,0,0
3070.3,0.6,0,0
3070.4,0.6,0,0
3070.5,0.6,0,0
3070.6,0.6,0,0
3070.7,0.6,0,0
3070.8,0.6,0,0
3071,0.6,0,0
3071.1,0.6,0,0
3071.2,0.6,0,0
3071.3,0.9,0,0
3071.4,0.6,0,0
3071.5,0.6,0,0
3071.6,0.6,0,0
3071.7,0.6,0,0
3071.8,0.3,0,0
3071.9,0.9,0,0
3072,0.6,0,0
3072.1,0.6,0,0
3072.2,0.6,0,0
3072.3,0.6,0,0
3072.4,0.6,0,0
3072.5,0.6,0,0
3072.6,0.6,0,0
3072.8,0.6,0,0
3072.9,0.6,0,0
3073,0.6,0,0
3073.1,0.6,0,0
3073.2,0.9,0,0
3073.3,0.6,0,0
3073.4,0.6,0,0
3073.5,0.6,0,0
3073.6,0.6,0,0
3073.7,0.6,0,0
3073.8,0.6,0,0
3073.9,0.6,0,0
3074,0.6,0,0
3074.1,0.6,0,0
3074.2,0.6,0,0
3074.3,0.6,0,0
3074.5,0.6,0,0
3074.6,0.9,0,0
3074.7,0.9,0,0
3074.8,0.6,0,0
3074.9,0.6,0,0
3075,0.6,0,0
3075.1,0.6,0,0
3075.2,0.6,0,0
3075.3,0.9,0,0
3075.4,0.9,0,0
3075.5,0.6,0,0
3075.6,0.6,0,0
3075.7,0.6,0,0
3075.8,0.6,0,0
3075.9,0.6,0,0
3076,0.6,0,0
3076.2,0.9,0,0
3076.3,0.6,0,0
3076.4,0.6,0,0
3076.5,0.6,0,0
3076.6,0.6,0,0
3076.7,0.6,0,0
3076.8,0.6,0,0
3076.9,0.6,0,0
3077,0.6,0,0
3077.1,0.6,0,0
3077.2,0.6,0,0
3077.3,0.6,0,0
3077.4,0.6,0,0
3077.5,0.6,0,0
3077.6,0.6,0,0
3077.7,0.6,0,0
3077.8,0.6,0,0
3078,0.6,0,0
3078.1,0.6,0,0
3078.2,0.6,0,0
3078.3,0.6,0,0
3078.4,0.6,0,0
3078.5,0.6,0,0
3078.6,0.6,0,0
3078.7,0.9,0,0
3078.8,0.6,0,0
3078.9,0.6,0,0
3079,0.6,0,0
3079.1,0.6,0,0
3079.2,0.6,0,0
3079.3,0.6,0,0
3079.4,0.6,0,0
3079.5,0.6,0,0
3079.6,0.6,0,0
3079.8,0.6,0,0
3079.9,0.6,0,0
3080,0.6,0,0
3080.1,0.6,0,0
3080.2,0.6,0,0
3080.3,0.6,0,0
3080.4,0.6,0,0
3080.5,0.6,0,0
3080.6,0.6,0,0
3080.7,0.6,0,0
3080.8,0.6,0,0
3080.9,0.6,0,0
3081,0.6,0,0
3081.1,0.6,0,0
3081.2,0.6,0,0
3081.3,0.6,0,0
3081.5,0.9,0,0
3081.6,0.6,0,0
3081.7,0.6,0,0
3081.8,0.6,0,0
3081.9,0.6,0,0
3082,0.6,0,0
3082.1,0.6,0,0
3082.2,0.6,0,0
3082.3,0.6,0,0
3082.4,0.6,0,0
3082.5,0.6,0,0
3082.6,0.3,0,0
3082.7,0.6,0,0
3082.8,0.6,0,0
3082.9,0.6,0,0
3083,0.6,0,0
3083.1,0.6,0,0
3083.3,0.6,0,0
3083.4,0.9,0,0
3083.5,0.6,0,0
3083.6,0.6,0,0
3083.7,0.6,0,0
3083.8,0.6,0,0
3083.9,0.6,0,0
3084,0.6,0,0
3084.1,0.6,0,0
3084.2,0.9,0,0
3084.3,0.9,0,0
3084.4,0.9,0,0
3084.5,0.6,0,0
3084.6,0.6,0,0
3084.7,0.6,0,0
3084.8,0.6,0,0
3085,0.6,0,0
3085.1,0.6,0,0
3085.2,0.6,0,0
3085.3,0.6,0,0
3085.4,0.6,0,0
3085.5,0.6,0,0
3085.6,0.6,0,0
3085.7,0.6,0,0
3085.8,0.6,0,0
3085.9,0.6,0,0
3086,0.6,0,0
3086.1,0.6,0,0
3086.2,0.3,0,0
3086.3,0.6,0,0
3086.4,0.6,0,0
3086.5,0.6,0,0
3086.6,0.6,0,0
3086.8,0.6,0,0
3086.9,0.6,0,0
3087,0.9,0,0
3087.1,0.6,0,0
3087.2,0.6,0,0
3087.3,0.6,0,0
3087.4,0.6,0,0
3087.5,0.6,0,0
3087.6,0.6,0,0
3087.7,0.6,0,0
3087.8,0.6,0,0
3087.9,0.6,0,0
3088,0.6,0,0
3088.1,0.6,0,0
3088.2,0.6,0,0
3088.3,0.6,0,0
3088.5,0.6,0,0
3088.6,0.6,0,0
3088.7,0.6,0,0
3088.8,0.6,0,0
3088.9,0.6,0,0
3089,0.6,0,0
3089.1,0.6,0,0
3089.2,0.6,0,0
3089.3,0.6,0,0
3089.4,0.6,0,0
3089.5,0.6,0,0
3089.6,0.6,0,0
3089.7,0.9,0,0
3089.8,0.6,0,0
3089.9,0.6,0,0
3090,0.6,0,0
3090.2,0.6,0,0
3090.3,0.6,0,0
3090.4,0.6,0,0
3090.5,0.6,0,0
3090.6,0.6,0,0
3090.7,0.6,0,0
3090.8,0.6,0,0
3090.9,0.6,0,0
3091,0.6,0,0
3091.1,0.6,0,0
3091.2,0.6,0,0
3091.3,0.6,0,0
3091.4,0.6,0,0
3091.5,0.6,0,0
3091.6,0.6,0,0
3091.7,0.6,0,0
3091.8,0.6,0,0
3092,0.6,0,0
3092.1,0.6,0,0
3092.2,0.6,0,0
3092.3,0.6,0,0
3092.4,0.6,0,0
3092.5,0.9,0,0
3092.6,0.6,0,0
3092.7,0.6,0,0
3092.8,0.6,0,0
3092.9,0.6,0,0
3093,0.6,0,0
3093.1,0.6,0,0
3093.2,0.6,0,0
3093.3,0.6,0,0
3093.4,0.6,0,0
3093.5,0.6,0,0
3093.6,0.6,0,0
3093.8,0.6,0,0
3093.9,0.6,0,0
3094,0.6,0,0
3094.1,0.6,0,0
3094.2,0.6,0,0
3094.3,0.6,0,0
3094.4,0.6,0,0
3094.5,0.6,0,0
3094.6,0.6,0,0
3094.7,0.6,0,0
3094.8,0.6,0,0
3094.9,0.6,0,0
3095,0.6,0,0
3095.1,0.6,0,0
3095.2,0.6,0,0
3095.3,0.6,0,0
3095.5,0.6,0,0
3095.6,0.3,0,0
3095.7,0.6,0,0
3095.8,0.6,0,0
3095.9,0.6,0,0
3096,0.6,0,0
3096.1,0.6,0,0
3096.2,0.6,0,0
3096.3,0.6,0,0
3096.4,0.6,0,0
3096.5,0.3,0,0
3096.6,0.6,0,0
3096.7,0.6,0,0
3096.8,0.6,0,0
3096.9,0.3,0,0
3097,0.3,0,0
3097.2,0.3,0,0
3097.3,0.6,0,0
3097.4,0.6,0,0
3097.5,0.6,0,0
3097.6,0.6,0,0
3097.7,0.6,0,0
3097.8,0.6,0,0
3097.9,0.3,0,0
3098,0.3,0,0
3098.1,0.3,0,0
3098.2,0.6,0,0
3098.3,0.6,0,0
3098.4,0.6,0,0
3098.5,0.6,0,0
3098.6,0.6,0,0
3098.7,0.3,0,0
3098.9,0.6,0,0
3099,0.6,0,0
3099.1,0.6,0,0
3099.2,0.6,0,0
3099.3,0.6,0,0
3099.4,0.6,0,0
3099.5,0.6,0,0
3099.6,0.6,0,0
3099.7,0.6,0,0
3099.8,0.6,0,0
3099.9,0.6,0,0
3100,0.3,0,0
3100.1,0.6,0,0
3100.2,0.3,0,0
3100.3,0.6,0,0
3100.4,0.3,0,0
3100.6,0.6,0,0
3100.7,0.6,0,0
3100.8,0.6,0,0
3100.9,0.6,0,0
3101,0.6,0,0
3101.1,0.6,0,0
3101.2,0.6,0,0
3101.3,0.6,0,0
3101.4,0.6,0,0
3101.5,0.6,0,0
3101.6,0.6,0,0
3101.7,0.6,0,0
3101.8,0.6,0,0
3101.9,0.6,0,0
3102,0.6,0,0
3102.1,0.3,0,0
3102.3,0.6,0,0
3102.4,0.6,0,0
3102.5,0.3,0,0
3102.6,0.3,0,0
3102.7,0.6,0,0
3102.8,0.3,0,0
3102.9,0.6,0,0
3103,0.3,0,0
3103.1,0.3,0,0
3103.2,0.3,0,0
3103.3,0.6,0,0
3103.4,0.3,0,0
3103.5,0.6,0,0
3103.6,0.9,0,0
3103.7,0.3,0,0
3103.8,0.6,0,0
3104,0.6,0,0
3104.1,0.3,0,0
3104.2,0.3,0,0
3104.3,0.6,0,0
3104.4,0.6,0,0
3104.5,0.6,0,0
3104.6,0.6,0,0
3104.7,0.6,0,0
3104.8,0.3,0,0
3104.9,0.6,0,0
3105,0.6,0,0
3105.1,0.6,0,0
3105.2,0.3,0,0
3105.3,0.3,0,0
3105.4,0.6,0,0
3105.5,0.6,0,0
3105.6,0.3,0,0
3105.8,0.6,0,0
3105.9,0.6,0,0
3106,0.6,0,0
3106.1,0.6,0,0
3106.2,0.6,0,0
3106.3,0.6,0,0
3106.4,0.9,0,0
3106.5,0.6,0,0
3106.6,0.6,0,0
3106.7,0.3,0,0
3106.8,0.6,0,0
3106.9,0.6,0,0
3107,0.6,0,0
3107.1,0.6,0,0
3107.2,0.6,0,0
3107.3,0.6,0,0
3107.5,0.6,0,0
3107.6,0.6,0,0
3107.7,0.6,0,0
3107.8,0.6,0,0
3107.9,0.3,0,0
3108,0.6,0,0
3108.1,0.3,0,0
3108.2,0.6,0,0
3108.3,0.3,0,0
3108.4,0.6,0,0
3108.5,0.6,0,0
3108.6,0.6,0,0
3108.7,0.6,0,0
3108.8,0.3,0,0
3108.9,0.3,0,0
3109,0.3,0,0
3109.1,0.9,0,0
3109.3,0.6,0,0
3109.4,0.6,0,0
3109.5,0.6,0,0
3109.6,0.6,0,0
3109.7,0.6,0,0
3109.8,0.6,0,0
3109.9,0.6,0,0
3110,0.6,0,0
3110.1,0.6,0,0
3110.2,0.3,0,0
3110.3,0.6,0,0
3110.4,0.6,0,0
3110.5,0.6,0,0
3110.6,0.6,0,0
3110.7,0.6,0,0
3110.8,0.6,0,0
3111,0.6,0,0
3111.1,0.6,0,0
3111.2,0.6,0,0
3111.3,0.3,0,0
3111.4,0.3,0,0
3111.5,0.6,0,0
3111.6,0.6,0,0
3111.7,0.3,0,0
3111.8,0.6,0,0
3111.9,0.9,0,0
3112,0.6,0,0
3112.1,0.6,0,0
3112.2,0.6,0,0
3112.3,0.6,0,0
3112.4,0.6,0,0
3112.5,0.6,0,0
3112.7,0.6,0,0
3112.8,0.6,0,0
3112.9,0.6,0,0
3113,0.6,0,0
3113.1,0.6,0,0
3113.2,0.6,0,0
3113.3,0.6,0,0
3113.4,0.3,0,0
3113.5,0.6,0,0
3113.6,0.3,0,0
3113.7,0.3,0,0
3113.8,0.6,0,0
3113.9,0.3,0,0
3114,0.6,0,0
3114.1,0.3,0,0
3114.2,0.6,0,0
3114.4,0.6,0,0
3114.5,0.3,0,0
3114.6,0.6,0,0
3114.7,0.9,0,0
3114.8,0.3,0,0
3114.9,0.6,0,0
3115,0.6,0,0
3115.1,0.6,0,0
3115.2,0.6,0,0
3115.3,0.6,0,0
3115.4,0.6,0,0
3115.5,0.6,0,0
3115.6,0.6,0,0
3115.7,0.6,0,0
3115.8,0.6,0,0
3115.9,0.6,0,0
3116.1,0.6,0,0
3116.2,0.6,0,0
3116.3,0.6,0,0
3116.4,0.6,0,0
3116.5,0.3,0,0
3116.6,0.6,0,0
3116.7,0.6,0,0
3116.8,0.6,0,0
3116.9,0.6,0,0
3117,0.6,0,0
3117.1,0.6,0,0
3117.2,0.6,0,0
3117.3,0.6,0,0
3117.4,0.9,0,0
3117.5,0.6,0,0
3117.6,0.3,0,0
3117.8,0.6,0,0
3117.9,0.6,0,0
3118,0.3,0,0
3118.1,0.6,0,0
3118.2,0.6,0,0
3118.3,0.6,0,0
3118.4,0.6,0,0
3118.5,0.6,0,0
3118.6,0.6,0,0
3118.7,0.6,0,0
3118.8,0.6,0,0
3118.9,0.6,0,0
3119,0.3,0,0
3119.1,0.6,0,0
3119.2,0.6,0,0
3119.4,0.6,0,0
3119.5,0.6,0,0
3119.6,0.6,0,0
3119.7,0.3,0,0
3119.8,0.6,0,0
3119.9,0.6,0,0
3120,0.6,0,0
3120.1,0.6,0,0
3120.2,0.9,0,0
3120.3,0.6,0,0
3120.4,0.6,0,0
3120.5,0.6,0,0
3120.6,0.3,0,0
3120.7,0.6,0,0
3120.8,0.3,0,0
3120.9,0.6,0,0
3121,0.6,0,0
3121.2,0.6,0,0
3121.3,0.6,0,0
3121.4,0.6,0,0
3121.5,0.6,0,0
3121.6,0.6,0,0
3121.7,0.6,0,0
3121.8,0.6,0,0
3121.9,0.6,0,0
3122,0.6,0,0
3122.1,0.6,0,0
3122.2,0.6,0,0
3122.3,0.3,0,0
3122.4,0.3,0,0
3122.5,0.6,0,0
3122.6,0.3,0,0
3122.7,0.3,0,0
3122.9,0.6,0,0
3123,0.9,0,0
3123.1,0.6,0,0
3123.2,0.6,0,0
3123.3,0.6,0,0
3123.4,0.3,0,0
3123.5,0.6,0,0
3123.6,0.6,0,0
3123.7,0.6,0,0
3123.8,0.6,0,0
3123.9,0.6,0,0
3124,0.3,0,0
3124.1,0.3,0,0
3124.2,0.3,0,0
3124.3,0.3,0,0
3124.4,0.6,0,0
3124.6,0.6,0,0
3124.7,0.6,0,0
3124.8,0.6,0,0
3124.9,0.3,0,0
3125,0.3,0,0
3125.1,0.3,0,0
3125.2,0.3,0,0
3125.3,0.3,0,0
3125.4,0.6,0,0
3125.5,0.3,0,0
3125.6,0.6,0,0
3125.7,0.9,0,0
3125.8,0.3,0,0
3125.9,0.3,0,0
3126,0.6,0,0
3126.1,0.6,0,0
3126.2,0.6,0,0
3126.4,0.6,0,0
3126.5,0.3,0,0
3126.6,0.6,0,0
3126.7,0.6,0,0
3126.8,0.6,0,0
3126.9,0.6,0,0
3127,0.6,0,0
3127.1,0.6,0,0
3127.2,0.6,0,0
3127.3,0.6,0,0
3127.4,0.6,0,0
3127.5,0.6,0,0
3127.6,0.3,0,0
3127.7,0.6,0,0
3127.8,0.6,0,0
3127.9,0.6,0,0
3128.1,0.6,0,0
3128.2,0.6,0,0
3128.3,0.6,0,0
3128.4,0.6,0,0
3128.5,0.9,0,0
3128.6,0.6,0,0
3128.7,0.6,0,0
3128.8,0.6,0,0
3128.9,0.6,0,0
3129,0.6,0,0
3129.1,0.6,0,0
3129.2,0.6,0,0
3129.3,0.6,0,0
3129.4,0.6,0,0
3129.5,0.6,0,0
3129.6,0.6,0,0
3129.8,0.6,0,0
3129.9,0.6,0,0
3130,0.6,0,0
3130.1,0.6,0,0
3130.2,0.6,0,0
3130.3,0.6,0,0
3130.4,0.3,0,0
3130.5,0.6,0,0
3130.6,0.6,0,0
3130.7,0.6,0,0
3130.8,0.6,0,0
3130.9,0.6,0,0
3131,0.3,0,0
3131.1,0.6,0,0
3131.2,0.9,0,0
3131.3,0.6,0,0
3131.4,0.6,0,0
3131.6,0.6,0,0
3131.7,0.6,0,0
3131.8,0.3,0,0
3131.9,0.6,0,0
3132,0.6,0,0
3132.1,0.6,0,0
3132.2,0.6,0,0
3132.3,0.6,0,0
3132.4,0.6,0,0
3132.5,0.6,0,0
3132.6,0.3,0,0
3132.7,0.3,0,0
3132.8,0.6,0,0
3132.9,0.6,0,0
3133,0.6,0,0
3133.1,0.6,0,0
3133.3,0.6,0,0
3133.4,0.6,0,0
3133.5,0.6,0,0
3133.6,0.6,0,0
3133.7,0.6,0,0
3133.8,0.6,0,0
3133.9,0.6,0,0
3134,0.6,0,0
3134.1,0.6,0,0
3134.2,0.6,0,0
3134.3,0.6,0,0
3134.4,0.6,0,0
3134.5,0.6,0,0
3134.6,0.6,0,0
3134.7,0.6,0,0
3134.8,0.6,0,0
3135,0.6,0,0
3135.1,0.6,0,0
3135.2,0.6,0,0
3135.3,0.6,0,0
3135.4,0.6,0,0
3135.5,0.6,0,0
3135.6,0.6,0,0
3135.7,0.6,0,0
3135.8,0.6,0,0
3135.9,0.6,0,0
3136,0.6,0,0
3136.1,0.6,0,0
3136.2,0.6,0,0
3136.3,0.3,0,0
3136.4,0.6,0,0
3136.6,0.3,0,0
3136.7,0.6,0,0
3136.8,0.6,0,0
3136.9,0.6,0,0
3137,0.6,0,0
3137.1,0.6,0,0
3137.2,0.6,0,0
3137.3,0.6,0,0
3137.4,0.6,0,0
3137.5,0.6,0,0
3137.6,0.6,0,0
3137.7,0.6,0,0
3137.8,0.6,0,0
3137.9,0.6,0,0
3138,0.3,0,0
3138.1,0.6,0,0
3138.3,0.6,0,0
3138.4,0.6,0,0
3138.5,0.3,0,0
3138.6,0.6,0,0
3138.7,0.6,0,0
3138.8,0.6,0,0
3138.9,0.6,0,0
3139,0.6,0,0
3139.1,0.6,0,0
3139.2,0.6,0,0
3139.3,0.6,0,0
3139.4,0.3,0,0
3139.5,0.6,0,0
3139.6,0.6,0,0
3139.7,0.6,0,0
3139.8,0.6,0,0
3140,0.6,0,0
3140.1,0.6,0,0
3140.2,0.6,0,0
3140.3,0.6,0,0
3140.4,0.6,0,0
3140.5,0.6,0,0
3140.6,0.6,0,0
3140.7,0.6,0,0
3140.8,0.6,0,0
3140.9,0.6,0,0
3141,0.6,0,0
3141.1,0.6,0,0
3141.2,0.6,0,0
3141.3,0.6,0,0
3141.4,0.6,0,0
3141.5,0.6,0,0
3141.6,0.3,0,0
3141.8,0.3,0,0
3141.9,0.6,0,0
3142,0.6,0,0
3142.1,0.6,0,0
3142.2,0.6,0,0
3142.3,0.6,0,0
3142.4,0.6,0,0
3142.5,0.6,0,0
3142.6,0.6,0,0
3142.7,0.6,0,0
3142.8,0.6,0,0
3142.9,0.6,0,0
3143,0.6,0,0
3143.1,0.6,0,0
3143.2,0.6,0,0
3143.3,0.6,0,0
3143.5,0.6,0,0
3143.6,0.3,0,0
3143.7,0.6,0,0
3143.8,0.6,0,0
3143.9,0.6,0,0
3144,0.6,0,0
3144.1,0.6,0,0
3144.2,0.6,0,0
3144.3,0.6,0,0
3144.4,0.6,0,0
3144.5,0.6,0,0
3144.6,0.6,0,0
3144.7,0.6,0,0
3144.8,0.6,0,0
3144.9,0.6,0,0
3145,0.6,0,0
3145.1,0.9,0,0
3145.3,0.3,0,0
3145.4,0.6,0,0
3145.5,0.6,0,0
3145.6,0.3,0,0
3145.7,0.6,0,0
3145.8,0.6,0,0
3145.9,0.6,0,0
3146,0.6,0,0
3146.1,0.6,0,0
3146.2,0.6,0,0
3146.3,0.3,0,0
3146.4,0.3,0,0
3146.5,0.6,0,0
3146.6,0.6,0,0
3146.7,0.6,0,0
3146.8,0.3,0,0
3147,0.6,0,0
3147.1,0.6,0,0
3147.2,0.6,0,0
3147.3,0.6,0,0
3147.4,0.6,0,0
3147.5,0.6,0,0
3147.6,0.6,0,0
3147.7,0.6,0,0
3147.8,0.3,0,0
3147.9,0.9,0,0
3148,0.3,0,0
3148.1,0.6,0,0
3148.2,0.6,0,0
3148.3,0.6,0,0
3148.4,0.6,0,0
3148.5,0.6,0,0
3148.7,0.6,0,0
3148.8,0.6,0,0
3148.9,0.6,0,0
3149,0.3,0,0
3149.1,0.3,0,0
3149.2,0.3,0,0
3149.3,0.6,0,0
3149.4,0.6,0,0
3149.5,0.6,0,0
3149.6,0.6,0,0
3149.7,0.6,0,0
3149.8,0.6,0,0
3149.9,0.6,0,0
3150,0.6,0,0
3150.1,0.6,0,0
3150.2,0.6,0,0
3150.4,0.6,0,0
3150.5,0.6,0,0
3150.6,0.6,0,0
3150.7,0.6,0,0
3150.8,0.6,0,0
3150.9,0.6,0,0
3151,0.6,0,0
3151.1,0.6,0,0
3151.2,0.3,0,0
3151.3,0.6,0,0
3151.4,0.6,0,0
3151.5,0.3,0,0
3151.6,0.6,0,0
3151.7,0.6,0,0
3151.8,0.6,0,0
3151.9,0.6,0,0
3152.1,0.6,0,0
3152.2,0.3,0,0
3152.3,0.6,0,0
3152.4,0.6,0,0
3152.5,0.6,0,0
3152.6,0.6,0,0
3152.7,0.6,0,0
3152.8,0.6,0,0
3152.9,0.3,0,0
3153,0.3,0,0
3153.1,0.6,0,0
3153.2,0.6,0,0
3153.3,0.6,0,0
3153.4,0.9,0,0
3153.5,0.6,0,0
3153.6,0.6,0,0
3153.8,0.6,0,0
3153.9,0.6,0,0
3154,0.6,0,0
3154.1,0.6,0,0
3154.2,0.6,0,0
3154.3,0.6,0,0
3154.4,0.6,0,0
3154.5,0.6,0,0
3154.6,0.6,0,0
3154.7,0.3,0,0
3154.8,0.6,0,0
3154.9,0.6,0,0
3155,0.6,0,0
3155.1,0.6,0,0
3155.2,0.6,0,0
3155.3,0.6,0,0
3155.5,0.6,0,0
3155.6,0.6,0,0
3155.7,0.6,0,0
3155.8,0.6,0,0
3155.9,0.6,0,0
3156,0.6,0,0
3156.1,0.6,0,0
3156.2,0.9,0,0
3156.3,0.6,0,0
3156.4,0.6,0,0
3156.5,0.6,0,0
3156.6,0.6,0,0
3156.7,0.6,0,0
3156.8,0.3,0,0
3156.9,0.6,0,0
3157,0.3,0,0
3157.1,0.6,0,0
3157.3,0.6,0,0
3157.4,0.6,0,0
3157.5,0.6,0,0
3157.6,0.6,0,0
3157.7,0.6,0,0
3157.8,0.3,0,0
3157.9,0.3,0,0
3158,0.3,0,0
3158.1,0.6,0,0
3158.2,0.6,0,0
3158.3,0.6,0,0
3158.4,0.6,0,0
3158.5,0.6,0,0
3158.6,0.6,0,0
3158.7,0.6,0,0
3158.8,0.6,0,0
3159,0.9,0,0
3159.1,0.6,0,0
3159.2,0.6,0,0
3159.3,0.6,0,0
3159.4,0.6,0,0
3159.5,0.6,0,0
3159.6,0.6,0,0
3159.7,0.6,0,0
3159.8,0.6,0,0
3159.9,0.6,0,0
3160,0.6,0,0
3160.1,0.6,0,0
3160.2,0.3,0,0
3160.3,0.3,0,0
3160.4,0.6,0,0
3160.5,0.6,0,0
3160.7,0.6,0,0
3160.8,0.6,0,0
3160.9,0.6,0,0
3161,0.3,0,0
3161.1,0.3,0,0
3161.2,0.3,0,0
3161.3,0.6,0,0
3161.4,0.6,0,0
3161.5,0.3,0,0
3161.6,0.6,0,0
3161.7,0.9,0,0
3161.8,0.6,0,0
3161.9,0.3,0,0
3162,0.6,0,0
3162.1,0.6,0,0
3162.2,0.6,0,0
3162.3,0.6,0,0
3162.5,0.6,0,0
3162.6,0.6,0,0
3162.7,0.6,0,0
3162.8,0.6,0,0
3162.9,0.6,0,0
3163,0.6,0,0
3163.1,0.6,0,0
3163.2,0.6,0,0
3163.3,0.6,0,0
3163.4,0.6,0,0
3163.5,0.3,0,0
3163.6,0.6,0,0
3163.7,0.6,0,0
3163.8,0.6,0,0
3163.9,0.6,0,0
3164,0.6,0,0
3164.2,0.6,0,0
3164.3,0.3,0,0
3164.4,0.6,0,0
3164.5,0.9,0,0
3164.6,0.6,0,0
3164.7,0.3,0,0
3164.8,0.6,0,0
3164.9,0.6,0,0
3165,0.6,0,0
3165.1,0.6,0,0
3165.2,0.6,0,0
3165.3,0.6,0,0
3165.4,0.6,0,0
3165.5,0.6,0,0
3165.6,0.6,0,0
3165.7,0.6,0,0
3165.9,0.6,0,0
3166,0.3,0,0
3166.1,0.3,0,0
3166.2,0.6,0,0
3166.3,0.6,0,0
3166.4,0.6,0,0
3166.5,0.6,0,0
3166.6,0.6,0,0
3166.7,0.6,0,0
3166.8,0.6,0,0
3166.9,0.6,0,0
3167,0.6,0,0
3167.1,0.6,0,0
3167.2,0.6,0,0
3167.3,0.6,0,0
3167.5,0.6,0,0
3167.6,0.6,0,0
3167.7,0.6,0,0
3167.8,0.3,0,0
3167.9,0.3,0,0
3168,0.3,0,0
3168.1,0.3,0,0
3168.2,0.3,0,0
3168.3,0.3,0,0
3168.4,0.6,0,0
3168.5,0.6,0,0
3168.6,0.6,0,0
3168.7,0.6,0,0
3168.8,0.6,0,0
3168.9,0.6,0,0
3169,0.6,0,0
3169.2,0.6,0,0
3169.3,0.3,0,0
3169.4,0.6,0,0
3169.5,0.6,0,0
3169.6,0.6,0,0
3169.7,0.6,0,0
3169.8,0.6,0,0
3169.9,0.6,0,0
3170,0.9,0,0
3170.1,0.6,0,0
3170.2,0.6,0,0
3170.3,0.6,0,0
3170.4,0.6,0,0
3170.5,0.6,0,0
3170.6,0.6,0,0
3170.7,0.6,0,0
3170.9,0.6,0,0
3171,0.6,0,0
3171.1,0.6,0,0
3171.2,0.6,0,0
3171.3,0.6,0,0
3171.4,0.6,0,0
3171.5,0.6,0,0
3171.6,0.3,0,0
3171.7,0.3,0,0
3171.8,0.3,0,0
3171.9,0.6,0,0
3172,0.6,0,0
3172.1,0.3,0,0
3172.2,0.6,0,0
3172.3,0.6,0,0
3172.4,0.6,0,0
3172.5,0.6,0,0
3172.7,0.3,0,0
3172.8,0.9,0,0
3172.9,0.6,0,0
3173,0.6,0,0
3173.1,0.6,0,0
3173.2,0.6,0,0
3173.3,0.6,0,0
3173.4,0.6,0,0
3173.5,0.6,0,0
3173.6,0.6,0,0
3173.7,0.3,0,0
3173.8,0.6,0,0
3173.9,0.6,0,0
3174,0.6,0,0
3174.1,0.6,0,0
3174.3,0.6,0,0
3174.4,0.6,0,0
3174.5,0.3,0,0
3174.6,0.3,0,0
3174.7,0.3,0,0
3174.8,0.6,0,0
3174.9,0.6,0,0
3175,0.3,0,0
3175.1,0.3,0,0
3175.2,0.3,0,0
3175.3,0.6,0,0
3175.4,0.6,0,0
3175.5,0.6,0,0
3175.6,0.3,0,0
3175.7,0.3,0,0
3175.8,0.6,0,0
3175.9,0.6,0,0
3176.1,0.3,0,0
3176.2,0.6,0,0
3176.3,0.6,0,0
3176.4,0.6,0,0
3176.5,0.6,0,0
3176.6,0.6,0,0
3176.7,0.6,0,0
3176.8,0.3,0,0
3176.9,0.6,0,0
3177,0.3,0,0
3177.1,0.3,0,0
3177.2,0.3,0,0
3177.3,0.3,0,0
3177.4,0.3,0,0
3177.5,0.6,0,0
3177.6,0.6,0,0
3177.8,0.3,0,0
3177.9,0.3,0,0
3178,0.3,0,0
3178.1,0.3,0,0
3178.2,0.3,0,0
3178.3,0.6,0,0
3178.4,0.3,0,0
3178.5,0.3,0,0
3178.6,0.6,0,0
3178.7,0.6,0,0
3178.8,0.6,0,0
3178.9,0.6,0,0
3179,0.6,0,0
3179.1,0.3,0,0
3179.2,0.6,0,0
3179.3,0.6,0,0
3179.5,0.6,0,0
3179.6,0.6,0,0
3179.7,0.6,0,0
3179.8,0.6,0,0
3179.9,0.6,0,0
3180,0.3,0,0
3180.1,0.6,0,0
3180.2,0.6,0,0
3180.3,0.3,0,0
3180.4,0.3,0,0
3180.5,0.3,0,0
3180.6,0.3,0,0
3180.7,0.6,0,0
3180.8,0.6,0,0
3180.9,0.6,0,0
3181,0.6,0,0
3181.2,0.6,0,0
3181.3,0.6,0,0
3181.4,0.6,0,0
3181.5,0.6,0,0
3181.6,0.6,0,0
3181.7,0.6,0,0
3181.8,0.3,0,0
3181.9,0.3,0,0
3182,0.6,0,0
3182.1,0.6,0,0
3182.2,0.3,0,0
3182.3,0.6,0,0
3182.4,0.6,0,0
3182.5,0.6,0,0
3182.6,0.6,0,0
3182.7,0.3,0,0
3182.9,0.6,0,0
3183,0.6,0,0
3183.1,0.6,0,0
3183.2,0.6,0,0
3183.3,0.6,0,0
3183.4,0.6,0,0
3183.5,0.6,0,0
3183.6,0.6,0,0
3183.7,0.6,0,0
3183.8,0.6,0,0
3183.9,0.6,0,0
3184,0.6,0,0
3184.1,0.6,0,0
3184.2,0.6,0,0
3184.3,0.3,0,0
3184.4,0.6,0,0
3184.6,0.6,0,0
3184.7,0.6,0,0
3184.8,0.6,0,0
3184.9,0.6,0,0
3185,0.3,0,0
3185.1,0.3,0,0
3185.2,0.6,0,0
3185.3,0.6,0,0
3185.4,0.6,0,0
3185.5,0.6,0,0
3185.6,0.3,0,0
3185.7,0.3,0,0
3185.8,0.3,0,0
3185.9,0.6,0,0
3186,0.3,0,0
3186.1,0.3,0,0
3186.3,0.6,0,0
3186.4,0.6,0,0
3186.5,0.6,0,0
3186.6,0.6,0,0
3186.7,0.6,0,0
3186.8,0.3,0,0
3186.9,0.6,0,0
3187,0.3,0,0
3187.1,0.6,0,0
3187.2,0.3,0,0
3187.3,0.3,0,0
3187.4,0.3,0,0
3187.5,0.3,0,0
3187.6,0.3,0,0
3187.7,0.6,0,0
3187.8,0.6,0,0
3188,0.3,0,0
3188.1,0.3,0,0
3188.2,0.3,0,0
3188.3,0.3,0,0
3188.4,0.3,0,0
3188.5,0.6,0,0
3188.6,0.6,0,0
3188.7,0.6,0,0
3188.8,0.3,0,0
3188.9,0.3,0,0
3189,0.3,0,0
3189.1,0.3,0,0
3189.2,0.3,0,0
3189.3,0.3,0,0
3189.4,0.6,0,0
3189.5,0.3,0,0
3189.7,0.6,0,0
3189.8,0.3,0,0
3189.9,0.3,0,0
3190,0.3,0,0
3190.1,0.6,0,0
3190.2,0.6,0,0
3190.3,0.6,0,0
3190.4,0.6,0,0
3190.5,0.6,0,0
3190.6,0.6,0,0
3190.7,0.6,0,0
3190.8,0.6,0,0
3190.9,0.3,0,0
3191,0.6,0,0
3191.1,0.6,0,0
3191.2,0.6,0,0
3191.4,0.6,0,0
3191.5,0.6,0,0
3191.6,0.3,0,0
3191.7,0.3,0,0
3191.8,0.3,0,0
3191.9,0.3,0,0
3192,0.3,0,0
3192.1,0.3,0,0
3192.2,0.9,0,0
3192.3,0.3,0,0
3192.4,0.3,0,0
3192.5,0.3,0,0
3192.6,0.3,0,0
3192.7,0.3,0,0
3192.8,0.6,0,0
3192.9,0.3,0,0
3193.1,0.3,0,0
3193.2,0.3,0,0
3193.3,0.3,0,0
3193.4,0.3,0,0
3193.5,0.3,0,0
3193.6,0.3,0,0
3193.7,0.3,0,0
3193.8,0.3,0,0
3193.9,0.3,0,0
3194,0.3,0,0
3194.1,0.3,0,0
3194.2,0.3,0,0
3194.3,0.3,0,0
3194.4,0.3,0,0
3194.5,0.3,0,0
3194.6,0.3,0,0
3194.8,0.3,0,0
3194.9,0.3,0,0
3195,0.9,0,0
3195.1,0.3,0,0
3195.2,0.3,0,0
3195.3,0.3,0,0
3195.4,0.6,0,0
3195.5,0.3,0,0
3195.6,0.3,0,0
3195.7,0.3,0,0
3195.8,0.6,0,0
3195.9,0.3,0,0
3196,0.3,0,0
3196.1,0.6,0,0
3196.2,0.3,0,0
3196.3,0.3,0,0
3196.5,0.3,0,0
3196.6,0.3,0,0
3196.7,0.3,0,0
3196.8,0.6,0,0
3196.9,0.6,0,0
3197,0.3,0,0
3197.1,0.3,0,0
3197.2,0.3,0,0
3197.3,0.6,0,0
3197.4,0.6,0,0
3197.5,0.6,0,0
3197.6,0.6,0,0
3197.7,0.9,0,0
3197.8,0.6,0,0
3197.9,0.6,0,0
3198,0.6,0,0
3198.2,0.3,0,0
3198.3,0.3,0,0
3198.4,0.3,0,0
3198.5,0.6,0,0
3198.6,0.3,0,0
3198.7,0.6,0,0
3198.8,0.3,0,0
3198.9,0.6,0,0
3199,0.3,0,0
3199.1,0.6,0,0
3199.2,0.6,0,0
3199.3,0.6,0,0
3199.4,0.6,0,0
3199.5,0.6,0,0
3199.6,0.6,0,0
3199.8,0.6,0,0
3199.9,0.6,0,0
3200,0.3,0,0
3200.1,0.6,0,0
3200.2,0.3,0,0
3200.3,0.6,0,0
3200.4,0.6,0,0
3200.5,0.9,0,0
3200.6,0.6,0,0
3200.7,0.3,0,0
3200.8,0.6,0,0
3200.9,0.6,0,0
3201,0.6,0,0
3201.1,0.3,0,0
3201.2,0.6,0,0
3201.3,0.6,0,0
3201.5,0.6,0,0
3201.6,0.3,0,0
3201.7,0.6,0,0
3201.8,0.6,0,0
3201.9,0.6,0,0
3202,0.6,0,0
3202.1,0.3,0,0
3202.2,0.6,0,0
3202.3,0.3,0,0
3202.4,0.6,0,0
3202.5,0.3,0,0
3202.6,0.6,0,0
3202.7,0.6,0,0
3202.8,0.6,0,0
3202.9,0.6,0,0
3203,0.3,0,0
3203.2,0.6,0,0
3203.3,0.9,0,0
3203.4,0.6,0,0
3203.5,0.3,0,0
3203.6,0.6,0,0
3203.7,0.6,0,0
3203.8,0.6,0,0
3203.9,0.6,0,0
3204,0.6,0,0
3204.1,0.6,0,0
3204.2,0.6,0,0
3204.3,0.3,0,0
3204.4,0.6,0,0
3204.5,0.6,0,0
3204.6,0.6,0,0
3204.7,0.6,0,0
3204.8,0.6,0,0
3205,0.6,0,0
3205.1,0.3,0,0
3205.2,0.3,0,0
3205.3,0.6,0,0
3205.4,0.3,0,0
3205.5,0.3,0,0
3205.6,0.3,0,0
3205.7,0.6,0,0
3205.8,0.3,0,0
3205.9,0.6,0,0
3206,0.6,0,0
3206.1,0.3,0,0
3206.2,0.3,0,0
3206.3,0.6,0,0
3206.4,0.6,0,0
3206.5,0.6,0,0
3206.7,0.6,0,0
3206.8,0.6,0,0
3206.9,0.6,0,0
3207,0.3,0,0
3207.1,0.3,0,0
3207.2,0.3,0,0
3207.3,0.6,0,0
3207.4,0.3,0,0
3207.5,0.3,0,0
3207.6,0.6,0,0
3207.7,0.3,0,0
3207.8,0.3,0,0
3207.9,0.3,0,0
3208,0.6,0,0
3208.1,0.3,0,0
3208.2,0.3,0,0
3208.4,0.3,0,0
3208.5,0.6,0,0
3208.6,0.3,0,0
3208.7,0.3,0,0
3208.8,0.9,0,0
3208.9,0.3,0,0
3209,0.6,0,0
3209.1,0.6,0,0
3209.2,0.3,0,0
3209.3,0.3,0,0
3209.4,0.3,0,0
3209.5,0.3,0,0
3209.6,0.6,0,0
3209.7,0.3,0,0
3209.8,0.3,0,0
3209.9,0.3,0,0
3210.1,0.6,0,0
3210.2,0.3,0,0
3210.3,0.3,0,0
3210.4,0.3,0,0
3210.5,0.6,0,0
3210.6,0.6,0,0
3210.7,0.6,0,0
3210.8,0.6,0,0
3210.9,0.3,0,0
3211,0.6,0,0
3211.1,0.6,0,0
3211.2,0.6,0,0
3211.3,0.3,0,0
3211.4,0.6,0,0
3211.5,0.9,0,0
3211.6,0.3,0,0
3211.7,0.3,0,0
3211.9,0.6,0,0
3212,0.6,0,0
3212.1,0.3,0,0
3212.2,0.6,0,0
3212.3,0.3,0,0
3212.4,0.3,0,0
3212.5,0.3,0,0
3212.6,0.6,0,0
3212.7,0.3,0,0
3212.8,0.6,0,0
3212.9,0.3,0,0
3213,0.6,0,0
3213.1,0.6,0,0
3213.2,0.6,0,0
3213.3,0.3,0,0
3213.4,0.6,0,0
3213.6,0.3,0,0
3213.7,0.3,0,0
3213.8,0.3,0,0
3213.9,0.3,0,0
3214,0.3,0,0
3214.1,0.3,0,0
3214.2,0.6,0,0
3214.3,0.6,0,0
3214.4,0.3,0,0
3214.5,0.3,0,0
3214.6,0.3,0,0
3214.7,0.6,0,0
3214.8,0.6,0,0
3214.9,0.3,0,0
3215,0.3,0,0
3215.1,0.6,0,0
3215.3,0.3,0,0
3215.4,0.3,0,0
3215.5,0.3,0,0
3215.6,0.3,0,0
3215.7,0.6,0,0
3215.8,0.3,0,0
3215.9,0.3,0,0
3216,0.3,0,0
3216.1,0.3,0,0
3216.2,0.3,0,0
3216.3,0.3,0,0
3216.4,0.3,0,0
3216.5,0.3,0,0
3216.6,0.3,0,0
3216.7,0.3,0,0
3216.8,0.3,0,0
3216.9,0.3,0,0
3217.1,0.6,0,0
3217.2,0.3,0,0
3217.3,0.6,0,0
3217.4,0.3,0,0
3217.5,0.3,0,0
3217.6,0.3,0,0
3217.7,0.6,0,0
3217.8,0.3,0,0
3217.9,0.3,0,0
3218,0.3,0,0
3218.1,0.3,0,0
3218.2,0.3,0,0
3218.3,0.3,0,0
3218.4,0.3,0,0
3218.5,0.3,0,0
3218.6,0.3,0,0
3218.8,0.3,0,0
3218.9,0.3,0,0
3219,0.3,0,0
3219.1,0.6,0,0
3219.2,0.3,0,0
3219.3,0.3,0,0
3219.4,0.3,0,0
3219.5,0.3,0,0
3219.6,0.3,0,0
3219.7,0.3,0,0
3219.8,0.9,0,0
3219.9,0.6,0,0
3220,0.3,0,0
3220.1,0.3,0,0
3220.2,0.6,0,0
3220.4,0.6,0,0
3220.5,0.6,0,0
3220.6,0.3,0,0
3220.7,0.3,0,0
3220.8,0.3,0,0
3220.9,0.3,0,0
3221,0.3,0,0
3221.1,0.3,0,0
3221.2,0.3,0,0
3221.3,0.3,0,0
3221.4,0.3,0,0
3221.5,0.3,0,0
3221.6,0.3,0,0
3221.7,0.3,0,0
3221.8,0.3,0,0
3221.9,0.3,0,0
3222.1,0.3,0,0
3222.2,0.3,0,0
3222.3,0.3,0,0
3222.4,0.3,0,0
3222.5,0.3,0,0
3222.6,0.6,0,0
3222.7,0.3,0,0
3222.8,0.3,0,0
3222.9,0.3,0,0
3223,0.3,0,0
3223.1,0.3,0,0
3223.2,0.3,0,0
3223.3,0.3,0,0
3223.4,0.3,0,0
3223.5,0.3,0,0
3223.6,0.6,0,0
3223.8,0.3,0,0
3223.9,0.3,0,0
3224,0.6,0,0
3224.1,0.3,0,0
3224.2,0.3,0,0
3224.3,0.3,0,0
3224.4,0.6,0,0
3224.5,0.6,0,0
3224.6,0.3,0,0
3224.7,0.3,0,0
3224.8,0.3,0,0
3224.9,0.6,0,0
3225,0.3,0,0
3225.1,0.3,0,0
3225.2,0.3,0,0
3225.3,0.6,0,0
3225.5,0.6,0,0
3225.6,0.3,0,0
3225.7,0.3,0,0
3225.8,0.3,0,0
3225.9,0.3,0,0
3226,0.3,0,0
3226.1,0.3,0,0
3226.2,0.3,0,0
3226.3,0.3,0,0
3226.4,0.3,0,0
3226.5,0.3,0,0
3226.6,0.3,0,0
3226.7,0.3,0,0
3226.8,0.3,0,0
3226.9,0.3,0,0
3227,0.3,0,0
3227.2,0.3,0,0
3227.3,0.3,0,0
3227.4,0.3,0,0
3227.5,0.3,0,0
3227.6,0.3,0,0
3227.7,0.3,0,0
3227.8,0.3,0,0
3227.9,0.3,0,0
3228,0.3,0,0
3228.1,0.3,0,0
3228.2,0.3,0,0
3228.3,0.3,0,0
3228.4,0.3,0,0
3228.5,0.3,0,0
3228.6,0.3,0,0
3228.7,0.3,0,0
3228.9,0.3,0,0
3229,0.3,0,0
3229.1,0.3,0,0
3229.2,0.3,0,0
3229.3,0.3,0,0
3229.4,0.3,0,0
3229.5,0.3,0,0
3229.6,0.3,0,0
3229.7,0.3,0,0
3229.8,0.3,0,0
3229.9,0.3,0,0
3230,0.3,0,0
3230.1,0.3,0,0
3230.2,0.3,0,0
3230.3,0.3,0,0
3230.4,0.6,0,0
3230.6,0.3,0,0
3230.7,0.3,0,0
3230.8,0.3,0,0
3230.9,0.3,0,0
3231,0.3,0,0
3231.1,0.3,0,0
3231.2,0.3,0,0
3231.3,0.3,0,0
3231.4,0.3,0,0
3231.5,0.6,0,0
3231.6,0.3,0,0
3231.7,0.3,0,0
3231.8,0.3,0,0
3231.9,0.6,0,0
3232.1,0.6,0,0
3232.2,0.3,0,0
3232.3,0.3,0,0
3232.4,0.3,0,0
3232.5,0.3,0,0
3232.6,0.3,0,0
3232.7,0.3,0,0
3232.8,0.3,0,0
3232.9,0.3,0,0
3233,0.3,0,0
3233.1,0.6,0,0
3233.2,0.6,0,0
3233.3,0.6,0,0
3233.4,0.3,0,0
3233.5,0.3,0,0
3233.6,0.3,0,0
3233.8,0.3,0,0
3233.9,0.3,0,0
3234,0.3,0,0
3234.1,0.3,0,0
3234.2,0.3,0,0
3234.3,0.3,0,0
3234.4,0.6,0,0
3234.5,0.3,0,0
3234.6,0.3,0,0
3234.7,0.3,0,0
3234.8,0.3,0,0
3234.9,0.3,0,0
3235,0.3,0,0
3235.1,0.6,0,0
3235.2,0.3,0,0
3235.3,0.3,0,0
3235.5,0.3,0,0
3235.6,0.3,0,0
3235.7,0.3,0,0
3235.8,0.3,0,0
3235.9,0.3,0,0
3236,0.6,0,0
3236.1,0.6,0,0
3236.2,0.6,0,0
3236.3,0.3,0,0
3236.4,0.3,0,0
3236.5,0.3,0,0
3236.6,0.3,0,0
3236.7,0.3,0,0
3236.8,0.3,0,0
3236.9,0.3,0,0
3237,0.3,0,0
3237.2,0.6,0,0
3237.3,0.6,0,0
3237.4,0.6,0,0
3237.5,0.3,0,0
3237.6,0.6,0,0
3237.7,0.6,0,0
3237.8,0.3,0,0
3237.9,0.6,0,0
3238,0.3,0,0
3238.1,0.6,0,0
3238.2,0.3,0,0
3238.3,0.3,0,0
3238.4,0.3,0,0
3238.5,0.3,0,0
3238.6,0.3,0,0
3238.7,0.3,0,0
3238.9,0.3,0,0
3239,0.3,0,0
3239.1,0.6,0,0
3239.2,0.3,0,0
3239.3,0.9,0,0
3239.4,0.3,0,0
3239.5,0.3,0,0
3239.6,0.3,0,0
3239.7,0.6,0,0
3239.8,0.6,0,0
3239.9,0.6,0,0
3240,0.3,0,0
3240.1,0.3,0,0
3240.2,0.6,0,0
3240.3,0.6,0,0
3240.4,0.3,0,0
3240.6,0.6,0,0
3240.7,0.3,0,0
3240.8,0.3,0,0
3240.9,0.6,0,0
3241,0.6,0,0
3241.1,0.6,0,0
3241.2,0.6,0,0
3241.3,0.3,0,0
3241.4,0.3,0,0
3241.5,0.3,0,0
3241.6,0.3,0,0
3241.7,0.3,0,0
3241.8,0.3,0,0
3241.9,0.3,0,0
3242,0.6,0,0
3242.1,0.6,0,0
3242.3,0.3,0,0
3242.4,0.3,0,0
3242.5,0.3,0,0
3242.6,0.3,0,0
3242.7,0.3,0,0
3242.8,0.3,0,0
3242.9,0.3,0,0
3243,0.3,0,0
3243.1,0.3,0,0
3243.2,0.3,0,0
3243.3,0.3,0,0
3243.4,0.6,0,0
3243.5,0.6,0,0
3243.6,0.3,0,0
3243.7,0.3,0,0
3243.8,0.3,0,0
3243.9,0.3,0,0
3244.1,0.3,0,0
3244.2,0.3,0,0
3244.3,0.3,0,0
3244.4,0.3,0,0
3244.5,0.3,0,0
3244.6,0.3,0,0
3244.7,0.3,0,0
3244.8,0.9,0,0
3244.9,0.3,0,0
3245,0.3,0,0
3245.1,0.3,0,0
3245.2,0.3,0,0
3245.3,0.3,0,0
3245.4,0.3,0,0
3245.5,0.3,0,0
3245.6,0.3,0,0
3245.8,0.3,0,0
3245.9,0.3,0,0
3246,0.3,0,0
3246.1,0.3,0,0
3246.2,0.3,0,0
3246.3,0.3,0,0
3246.4,0.3,0,0
3246.5,0.3,0,0
3246.6,0.3,0,0
3246.7,0.3,0,0
3246.8,0.3,0,0
3246.9,0.3,0,0
3247,0.3,0,0
3247.1,0.3,0,0
3247.2,0.3,0,0
3247.3,0.3,0,0
3247.5,0.3,0,0
3247.6,0.6,0,0
3247.7,0.3,0,0
3247.8,0.3,0,0
3247.9,0.3,0,0
3248,0.3,0,0
3248.1,0.3,0,0
3248.2,0.3,0,0
3248.3,0.3,0,0
3248.4,0.3,0,0
3248.5,0.3,0,0
3248.6,0.3,0,0
3248.7,0.3,0,0
3248.8,0.3,0,0
3248.9,0.3,0,0
3249,0.3,0,0
3249.2,0.3,0,0
3249.3,0.3,0,0
3249.4,0.3,0,0
3249.5,0.6,0,0
3249.6,0.6,0,0
3249.7,0.6,0,0
3249.8,0.3,0,0
3249.9,0.3,0,0
3250,0.3,0,0
3250.1,0.3,0,0
3250.2,0.3,0,0
3250.3,0.3,0,0
3250.4,0.6,0,0
3250.5,0.3,0,0
3250.7,0.3,0,0
3250.8,0.3,0,0
3250.9,0.6,0,0
3251,0.3,0,0
3251.1,0.3,0,0
3251.2,0.3,0,0
3251.3,0.6,0,0
3251.4,0.6,0,0
3251.5,0.3,0,0
3251.6,0.3,0,0
3251.7,0.3,0,0
3251.8,0.3,0,0
3251.9,0.3,0,0
3252,0.3,0,0
3252.1,0.3,0,0
3252.3,0.3,0,0
3252.4,0.3,0,0
3252.5,0.3,0,0
3252.6,0.6,0,0
3252.7,0.3,0,0
3252.8,0.3,0,0
3252.9,0.3,0,0
3253,0.3,0,0
3253.1,0.6,0,0
3253.2,0.3,0,0
3253.3,0.3,0,0
3253.4,0.3,0,0
3253.5,0.3,0,0
3253.6,0.3,0,0
3253.7,0.3,0,0
3253.8,0.3,0,0
3254,0.3,0,0
3254.1,0.3,0,0
3254.2,0.3,0,0
3254.3,0.3,0,0
3254.4,0.3,0,0
3254.5,0.3,0,0
3254.6,0.3,0,0
3254.7,0.3,0,0
3254.8,0.3,0,0
3254.9,0.3,0,0
3255,0.3,0,0
3255.1,0.3,0,0
3255.2,0.3,0,0
3255.3,0.3,0,0
3255.4,0.3,0,0
3255.5,0.3,0,0
3255.7,0.3,0,0
3255.8,0.3,0,0
3255.9,0.6,0,0
3256,0.3,0,0
3256.1,0.3,0,0
3256.2,0.3,0,0
3256.3,0.3,0,0
3256.4,0.3,0,0
3256.5,0.3,0,0
3256.6,0.3,0,0
3256.7,0.3,0,0
3256.8,0.3,0,0
3256.9,0.3,0,0
3257,0.3,0,0
3257.1,0.3,0,0
3257.2,0.3,0,0
3257.4,0.3,0,0
3257.5,0.3,0,0
3257.6,0.6,0,0
3257.7,0.6,0,0
3257.8,0.3,0,0
3257.9,0.3,0,0
3258,0.3,0,0
3258.1,0.3,0,0
3258.2,0.3,0,0
3258.3,0.3,0,0
3258.4,0.3,0,0
3258.5,0.3,0,0
3258.6,0.9,0,0
3258.7,0.3,0,0
3258.8,0.3,0,0
3258.9,0.3,0,0
3259.1,0.3,0,0
3259.2,0.3,0,0
3259.3,0.3,0,0
3259.4,0.3,0,0
3259.5,0.3,0,0
3259.6,0.3,0,0
3259.7,0.3,0,0
3259.8,0.3,0,0
3259.9,0.3,0,0
3260,0.3,0,0
3260.1,0.3,0,0
3260.2,0.3,0,0
3260.3,0.3,0,0
3260.4,0.3,0,0
3260.5,0.3,0,0
3260.6,0.3,0,0
3260.8,0.3,0,0
3260.9,0.3,0,0
3261,0.3,0,0
3261.1,0.3,0,0
3261.2,0.3,0,0
3261.3,0.3,0,0
3261.4,0.6,0,0
3261.5,0.3,0,0
3261.6,0.6,0,0
3261.7,0.3,0,0
3261.8,0.3,0,0
3261.9,0.3,0,0
3262,0.3,0,0
3262.1,0.3,0,0
3262.2,0.3,0,0
3262.3,0.3,0,0
3262.5,0.3,0,0
3262.6,0.3,0,0
3262.7,0.3,0,0
3262.8,0.3,0,0
3262.9,0.3,0,0
3263,0.3,0,0
3263.1,0.3,0,0
3263.2,0.3,0,0
3263.3,0.3,0,0
3263.4,0.3,0,0
3263.5,0.3,0,0
3263.6,0.3,0,0
3263.7,0.3,0,0
3263.8,0.3,0,0
3263.9,0.3,0,0
3264,0.3,0,0
3264.1,0.6,0,0
3264.3,0.3,0,0
3264.4,0.3,0,0
3264.5,0.3,0,0
3264.6,0.3,0,0
3264.7,0.3,0,0
3264.8,0.3,0,0
3264.9,0.3,0,0
3265,0.3,0,0
3265.1,0.3,0,0
3265.2,0.3,0,0
3265.3,0.3,0,0
3265.4,0.3,0,0
3265.5,0.3,0,0
3265.6,0.3,0,0
3265.7,0.3,0,0
3265.8,0.3,0,0
3266,0.3,0,0
3266.1,0.3,0,0
3266.2,0.3,0,0
3266.3,0.3,0,0
3266.4,0.3,0,0
3266.5,0.3,0,0
3266.6,0.3,0,0
3266.7,0.3,0,0
3266.8,0.3,0,0
3266.9,0.6,0,0
3267,0.3,0,0
3267.1,0.3,0,0
3267.2,0.3,0,0
3267.3,0.3,0,0
3267.4,0.3,0,0
3267.5,0.3,0,0
3267.6,0.3,0,0
3267.8,0.3,0,0
3267.9,0.3,0,0
3268,0.3,0,0
3268.1,0.3,0,0
3268.2,0.3,0,0
3268.3,0.3,0,0
3268.4,0.3,0,0
3268.5,0.3,0,0
3268.6,0.3,0,0
3268.7,0.3,0,0
3268.8,0.3,0,0
3268.9,0.3,0,0
3269,0.3,0,0
3269.1,0.3,0,0
3269.2,0.3,0,0
3269.4,0.3,0,0
3269.5,0.3,0,0
3269.6,0.3,0,0
3269.7,0.6,0,0
3269.8,0.3,0,0
3269.9,0.6,0,0
3270,0.3,0,0
3270.1,0.3,0,0
3270.2,0.3,0,0
3270.3,0.3,0,0
3270.4,0.3,0,0
3270.5,0.6,0,0
3270.6,0.3,0,0
3270.7,0.3,0,0
3270.8,0.3,0,0
3270.9,0.3,0,0
3271.1,0.3,0,0
3271.2,0.3,0,0
3271.3,0.3,0,0
3271.4,0.3,0,0
3271.5,0.3,0,0
3271.6,0.3,0,0
3271.7,0.3,0,0
3271.8,0.3,0,0
3271.9,0.3,0,0
3272,0.3,0,0
3272.1,0.3,0,0
3272.2,0.3,0,0
3272.3,0.3,0,0
3272.4,0.6,0,0
3272.5,0.3,0,0
3272.6,0.3,0,0
3272.7,0.3,0,0
3272.9,0.3,0,0
3273,0.3,0,0
3273.1,0.3,0,0
3273.2,0.3,0,0
3273.3,0.3,0,0
3273.4,0.3,0,0
3273.5,0.3,0,0
3273.6,0.6,0,0
3273.7,0.3,0,0
3273.8,0.3,0,0
3273.9,0.3,0,0
3274,0.3,0,0
3274.1,0.3,0,0
3274.2,0.3,0,0
3274.3,0.3,0,0
3274.5,0.3,0,0
3274.6,0.3,0,0
3274.7,0.3,0,0
3274.8,0.3,0,0
3274.9,0.3,0,0
3275,0.3,0,0
3275.1,0.3,0,0
3275.2,0.6,0,0
3275.3,0.3,0,0
3275.4,0.3,0,0
3275.5,0.3,0,0
3275.6,0.3,0,0
3275.7,0.3,0,0
3275.8,0.3,0,0
3275.9,0.3,0,0
3276,0.3,0,0
3276.1,0.3,0,0
3276.3,0.3,0,0
3276.4,0.3,0,0
3276.5,0.3,0,0
3276.6,0.3,0,0
3276.7,0.3,0,0
3276.8,0.3,0,0
3276.9,0.3,0,0
3277,0.3,0,0
3277.1,0.3,0,0
3277.2,0.3,0,0
3277.3,0.3,0,0
3277.4,0.3,0,0
3277.5,0.3,0,0
3277.6,0.3,0,0
3277.7,0.3,0,0
3277.8,0.3,0,0
3278,0.6,0,0
3278.1,0.3,0,0
3278.2,0.3,0,0
3278.3,0.3,0,0
3278.4,0.3,0,0
3278.5,0.3,0,0
3278.6,0.3,0,0
3278.7,0.3,0,0
3278.8,0.3,0,0
3278.9,0.3,0,0
3279,0.3,0,0
3279.1,0.3,0,0
3279.2,0.3,0,0
3279.3,0.3,0,0
3279.4,0.3,0,0
3279.5,0.3,0,0
3279.7,0.3,0,0
3279.8,0.3,0,0
3279.9,0.3,0,0
3280,0.3,0,0
3280.1,0.3,0,0
3280.2,0.3,0,0
3280.3,0.3,0,0
3280.4,0.3,0,0
3280.5,0.3,0,0
3280.6,0.3,0,0
3280.7,0.6,0,0
3280.8,0.3,0,0
3280.9,0.3,0,0
3281,0.3,0,0
3281.1,0.3,0,0
3281.3,0.3,0,0
3281.4,0.3,0,0
3281.5,0.6,0,0
3281.6,0.3,0,0
3281.7,0.3,0,0
3281.8,0.3,0,0
3281.9,0.3,0,0
3282,0.3,0,0
3282.1,0.3,0,0
3282.2,0.3,0,0
3282.3,0.3,0,0
3282.4,0.3,0,0
3282.5,0.3,0,0
3282.6,0.3,0,0
3282.7,0.3,0,0
3282.8,0.3,0,0
3283,0.3,0,0
3283.1,0.3,0,0
3283.2,0.3,0,0
3283.3,0.3,0,0
3283.4,0.3,0,0
3283.5,0.6,0,0
3283.6,0.3,0,0
3283.7,0.3,0,0
3283.8,0.3,0,0
3283.9,0.3,0,0
3284,0.3,0,0
3284.1,0.3,0,0
3284.2,0.3,0,0
3284.3,0.3,0,0
3284.4,0.3,0,0
3284.5,0.3,0,0
3284.7,0.3,0,0
3284.8,0.3,0,0
3284.9,0.3,0,0
3285,0.3,0,0
3285.1,0.3,0,0
3285.2,0.3,0,0
3285.3,0.3,0,0
3285.4,0.3,0,0
3285.5,0.3,0,0
3285.6,0.3,0,0
3285.7,0.3,0,0
3285.8,0.3,0,0
3285.9,0.3,0,0
3286,0.3,0,0
3286.1,0.3,0,0
3286.2,0.3,0,0
3286.4,0.3,0,0
3286.5,0.3,0,0
3286.6,0.3,0,0
3286.7,0.3,0,0
3286.8,0.3,0,0
3286.9,0.3,0,0
3287,0.3,0,0
3287.1,0.3,0,0
3287.2,0.3,0,0
3287.3,0.3,0,0
3287.4,0.3,0,0
3287.5,0.3,0,0
3287.6,0.3,0,0
3287.7,0.3,0,0
3287.8,0.3,0,0
3287.9,0.3,0,0
3288.1,0.3,0,0
3288.2,0.3,0,0
3288.3,0.3,0,0
3288.4,0.3,0,0
3288.5,0.3,0,0
3288.6,0.3,0,0
3288.7,0.3,0,0
3288.8,0.3,0,0
3288.9,0.3,0,0
3289,0.3,0,0
3289.1,0.3,0,0
3289.2,0.3,0,0
3289.3,0.3,0,0
3289.4,0.3,0,0
3289.5,0.3,0,0
3289.6,0.3,0,0
3289.8,0.3,0,0
3289.9,0.3,0,0
3290,0.3,0,0
3290.1,0.3,0,0
3290.2,0.3,0,0
3290.3,0.3,0,0
3290.4,0.3,0,0
3290.5,0.3,0,0
3290.6,0.3,0,0
3290.7,0.3,0,0
3290.8,0.3,0,0
3290.9,0.3,0,0
3291,0.3,0,0
3291.1,0.3,0,0
3291.2,0.3,0,0
3291.3,0.3,0,0
3291.4,0.3,0,0
3291.6,0.6,0,0
3291.7,0.3,0,0
3291.8,0.3,0,0
3291.9,0.6,0,0
3292,0.3,0,0
3292.1,0.3,0,0
3292.2,0.3,0,0
3292.3,0.3,0,0
3292.4,0.3,0,0
3292.5,0.3,0,0
3292.6,0.3,0,0
3292.7,0.3,0,0
3292.8,0.3,0,0
3292.9,0.3,0,0
3293,0.3,0,0
3293.1,0.3,0,0
3293.3,0.3,0,0
3293.4,0.3,0,0
3293.5,0.3,0,0
3293.6,0.3,0,0
3293.7,0.3,0,0
3293.8,0.3,0,0
3293.9,0.3,0,0
3294,0.3,0,0
3294.1,0.3,0,0
3294.2,0.3,0,0
3294.3,0.3,0,0
3294.4,0.3,0,0
3294.5,0.3,0,0
3294.6,0.6,0,0
3294.7,0.3,0,0
3294.8,0.3,0,0
3295,0.3,0,0
3295.1,0.3,0,0
3295.2,0.3,0,0
3295.3,0.3,0,0
3295.4,0.3,0,0
3295.5,0.3,0,0
3295.6,0.3,0,0
3295.7,0.3,0,0
3295.8,0.3,0,0
3295.9,0.3,0,0
3296,0.3,0,0
3296.1,0.3,0,0
3296.2,0.3,0,0
3296.3,0.3,0,0
3296.4,0.3,0,0
3296.5,0.3,0,0
3296.7,0.3,0,0
3296.8,0.3,0,0
3296.9,0.3,0,0
3297,0.3,0,0
3297.1,0.3,0,0
3297.2,0.3,0,0
3297.3,0.3,0,0
3297.4,0.6,0,0
3297.5,0.3,0,0
3297.6,0.3,0,0
3297.7,0.6,0,0
3297.8,0.3,0,0
3297.9,0.3,0,0
3298,0.3,0,0
3298.1,0.3,0,0
3298.2,0.3,0,0
3298.4,0.3,0,0
3298.5,0.3,0,0
3298.6,0.3,0,0
3298.7,0.3,0,0
3298.8,0.3,0,0
3298.9,0.3,0,0
3299,0.3,0,0
3299.1,0.3,0,0
3299.2,0.3,0,0
3299.3,0.3,0,0
3299.4,0.3,0,0
3299.5,0.3,0,0
3299.6,0.3,0,0
3299.7,0.3,0,0
3299.8,0.3,0,0
3299.9,0.3,0,0
3300,0.3,0,0
3300.2,0.6,0,0
3300.3,0.3,0,0
3300.4,0.3,0,0
3300.5,0.3,0,0
3300.6,0.3,0,0
3300.7,0.3,0,0
3300.8,0.3,0,0
3300.9,0.3,0,0
3301,0.3,0,0
3301.1,0.3,0,0
3301.2,0.3,0,0
3301.3,0.3,0,0
3301.4,0.3,0,0
3301.5,0.3,0,0
3301.6,0.3,0,0
3301.7,0.3,0,0
3301.9,0.3,0,0
3302,0.3,0,0
3302.1,0.3,0,0
3302.2,0.3,0,0
3302.3,0.3,0,0
3302.4,0.3,0,0
3302.5,0.3,0,0
3302.6,0.3,0,0
3302.7,0.3,0,0
3302.8,0.3,0,0
3302.9,0.6,0,0
3303,0.3,0,0
3303.1,0.3,0,0
3303.2,0.3,0,0
3303.3,0.3,0,0
3303.4,0.3,0,0
3303.6,0.3,0,0
3303.7,0.3,0,0
3303.8,0.3,0,0
3303.9,0.3,0,0
3304,0.3,0,0
3304.1,0.3,0,0
3304.2,0.3,0,0
3304.3,0.3,0,0
3304.4,0.3,0,0
3304.5,0.3,0,0
3304.6,0.3,0,0
3304.7,0.3,0,0
3304.8,0.3,0,0
3304.9,0.3,0,0
3305,0.3,0,0
3305.1,0.3,0,0
3305.2,0.3,0,0
3305.4,0.3,0,0
3305.5,0.3,0,0
3305.6,0.3,0,0
3305.7,0.6,0,0
3305.8,0.3,0,0
3305.9,0.3,0,0
3306,0.3,0,0
3306.1,0.3,0,0
3306.2,0.3,0,0
3306.3,0.3,0,0
3306.4,0.3,0,0
3306.5,0.3,0,0
3306.6,0.3,0,0
3306.7,0.3,0,0
3306.8,0.3,0,0
3306.9,0.3,0,0
3307.1,0.3,0,0
3307.2,0.3,0,0
3307.3,0.3,0,0
3307.4,0.3,0,0
3307.5,0.3,0,0
3307.6,0.3,0,0
3307.7,0.3,0,0
3307.8,0.3,0,0
3307.9,0.3,0,0
3308,0.3,0,0
3308.1,0.3,0,0
3308.2,0.3,0,0
3308.3,0.3,0,0
3308.4,0.6,0,0
3308.5,0.3,0,0
3308.6,0.3,0,0
3308.8,0.3,0,0
3308.9,0.3,0,0
3309,0.3,0,0
3309.1,0.3,0,0
3309.2,0.3,0,0
3309.3,0.3,0,0
3309.4,0.3,0,0
3309.5,0.3,0,0
3309.6,0.3,0,0
3309.7,0.3,0,0
3309.8,0.3,0,0
3309.9,0.3,0,0
3310,0.3,0,0
3310.1,0.3,0,0
3310.2,0.3,0,0
3310.3,0.3,0,0
3310.4,0.3,0,0
3310.6,0.3,0,0
3310.7,0.3,0,0
3310.8,0.3,0,0
3310.9,0.3,0,0
3311,0.3,0,0
3311.1,0.3,0,0
3311.2,0.6,0,0
3311.3,0.3,0,0
3311.4,0.3,0,0
3311.5,0.3,0,0
3311.6,0.3,0,0
3311.7,0.3,0,0
3311.8,0.3,0,0
3311.9,0.3,0,0
3312,0.3,0,0
3312.1,0.3,0,0
3312.3,0.3,0,0
3312.4,0.3,0,0
3312.5,0.3,0,0
3312.6,0.3,0,0
3312.7,0.3,0,0
3312.8,0.3,0,0
3312.9,0.3,0,0
3313,0.3,0,0
3313.1,0.3,0,0
3313.2,0.3,0,0
3313.3,0.3,0,0
3313.4,0.3,0,0
3313.5,0.3,0,0
3313.6,0.3,0,0
3313.7,0.3,0,0
3313.8,0.3,0,0
3313.9,0.6,0,0
3314.1,0.3,0,0
3314.2,0.3,0,0
3314.3,0.3,0,0
3314.4,0.3,0,0
3314.5,0.3,0,0
3314.6,0.3,0,0
3314.7,0.3,0,0
3314.8,0.3,0,0
3314.9,0.3,0,0
3315,0.3,0,0
3315.1,0.3,0,0
3315.2,0.3,0,0
3315.3,0.3,0,0
3315.4,0.3,0,0
3315.5,0.3,0,0
3315.6,0.3,0,0
3315.8,0.3,0,0
3315.9,0.3,0,0
3316,0.3,0,0
3316.1,0.3,0,0
3316.2,0.3,0,0
3316.3,0.3,0,0
3316.4,0.3,0,0
3316.5,0.3,0,0
3316.6,0.3,0,0
3316.7,0.6,0,0
3316.8,0.3,0,0
3316.9,0.3,0,0
3317,0.3,0,0
3317.1,0.3,0,0
3317.2,0.3,0,0
3317.3,0.3,0,0
3317.5,0.3,0,0
3317.6,0.3,0,0
3317.7,0.3,0,0
3317.8,0.3,0,0
3317.9,0.3,0,0
3318,0.3,0,0
3318.1,0.3,0,0
3318.2,0.3,0,0
3318.3,0.3,0,0
3318.4,0.3,0,0
3318.5,0.3,0,0
3318.6,0.3,0,0
3318.7,0.3,0,0
3318.8,0.3,0,0
3318.9,0.3,0,0
3319,0.3,0,0
3319.1,0.3,0,0
3319.3,0.3,0,0
3319.4,0.3,0,0
3319.5,0.3,0,0
3319.6,0.3,0,0
3319.7,0.3,0,0
3319.8,0.3,0,0
3319.9,0.3,0,0
3320,0.3,0,0
3320.1,0.3,0,0
3320.2,0.3,0,0
3320.3,0.3,0,0
3320.4,0.3,0,0
3320.5,0.3,0,0
3320.6,0.3,0,0
3320.7,0.3,0,0
3320.8,0.3,0,0
3321,0.3,0,0
3321.1,0.3,0,0
3321.2,0.3,0,0
3321.3,0.3,0,0
3321.4,0.3,0,0
3321.5,0.3,0,0
3321.6,0.3,0,0
3321.7,0.3,0,0
3321.8,0.3,0,0
3321.9,0.3,0,0
3322,0.3,0,0
3322.1,0.3,0,0
3322.2,0.3,0,0
3322.3,0.3,0,0
3322.4,0.3,0,0
3322.5,0.3,0,0
3322.7,0.3,0,0
3322.8,0.3,0,0
3322.9,0.3,0,0
3323,0.3,0,0
3323.1,0.3,0,0
3323.2,0.3,0,0
3323.3,0.3,0,0
3323.4,0.3,0,0
3323.5,0.3,0,0
3323.6,0.3,0,0
3323.7,0.3,0,0
3323.8,0.3,0,0
3323.9,0.3,0,0
3324,0.3,0,0
3324.1,0.3,0,0
3324.2,0.3,0,0
3324.4,0.3,0,0
3324.5,0.3,0,0
3324.6,0.3,0,0
3324.7,0.3,0,0
3324.8,0.3,0,0
3324.9,0.3,0,0
3325,0.3,0,0
3325.1,0.3,0,0
3325.2,0.3,0,0
3325.3,0.3,0,0
3325.4,0.3,0,0
3325.5,0.3,0,0
3325.6,0.3,0,0
3325.7,0.6,0,0
3325.8,0.3,0,0
3325.9,0.3,0,0
3326.1,0.3,0,0
3326.2,0.3,0,0
3326.3,0.3,0,0
3326.4,0.3,0,0
3326.5,0.3,0,0
3326.6,0.3,0,0
3326.7,0.3,0,0
3326.8,0.3,0,0
3326.9,0.3,0,0
3327,0.3,0,0
3327.1,0.3,0,0
3327.2,0.3,0,0
3327.3,0.3,0,0
3327.4,0.3,0,0
3327.5,0.3,0,0
3327.6,0.3,0,0
3327.8,0.3,0,0
3327.9,0.6,0,0
3328,0.3,0,0
3328.1,0.3,0,0
3328.2,0.3,0,0
3328.3,0.3,0,0
3328.4,0.3,0,0
3328.5,0.3,0,0
3328.6,0.3,0,0
3328.7,0.3,0,0
3328.8,0.3,0,0
3328.9,0.3,0,0
3329,0.3,0,0
3329.1,0.3,0,0
3329.2,0.3,0,0
3329.3,0.3,0,0
3329.5,0.3,0,0
3329.6,0.3,0,0
3329.7,0.3,0,0
3329.8,0.3,0,0
3329.9,0.3,0,0
3330,0.3,0,0
3330.1,0.3,0,0
3330.2,0.3,0,0
3330.3,0.3,0,0
3330.4,0.3,0,0
3330.5,0.3,0,0
3330.6,0.6,0,0
3330.7,0.3,0,0
3330.8,0.3,0,0
3330.9,0.3,0,0
3331,0.3,0,0
3331.1,0.3,0,0
3331.3,0.3,0,0
3331.4,0.3,0,0
3331.5,0.3,0,0
3331.6,0.3,0,0
3331.7,0.3,0,0
3331.8,0.3,0,0
3331.9,0.3,0,0
3332,0.3,0,0
3332.1,0.3,0,0
3332.2,0.3,0,0
3332.3,0.3,0,0
3332.4,0.3,0,0
3332.5,0.3,0,0
3332.6,0.3,0,0
3332.7,0.3,0,0
3332.9,0.3,0,0
3333,0.3,0,0
3333.1,0.3,0,0
3333.2,0.3,0,0
3333.3,0.3,0,0
3333.4,0.6,0,0
3333.5,0.3,0,0
3333.6,0.3,0,0
3333.7,0.3,0,0
3333.8,0.3,0,0
3333.9,0.3,0,0
3334,0.3,0,0
3334.1,0.3,0,0
3334.2,0.3,0,0
3334.3,0.3,0,0
3334.4,0.3,0,0
3334.6,0.3,0,0
3334.7,0.3,0,0
3334.8,0.3,0,0
3334.9,0.3,0,0
3335,0.3,0,0
3335.1,0.3,0,0
3335.2,0.3,0,0
3335.3,0.3,0,0
3335.4,0.3,0,0
3335.5,0.3,0,0
3335.6,0.3,0,0
3335.7,0.3,0,0
3335.8,0.3,0,0
3335.9,0.3,0,0
3336,0.3,0,0
3336.1,0.6,0,0
3336.3,0.3,0,0
3336.4,0.3,0,0
3336.5,0.3,0,0
3336.6,0.3,0,0
3336.7,0.3,0,0
3336.8,0.3,0,0
3336.9,0.3,0,0
3337,0.3,0,0
3337.1,0.3,0,0
3337.2,0.3,0,0
3337.3,0.3,0,0
3337.4,0.3,0,0
3337.5,0.3,0,0
3337.6,0.3,0,0
3337.7,0.3,0,0
3337.8,0.3,0,0
3338,0.3,0,0
3338.1,0.3,0,0
3338.2,0.3,0,0
3338.3,0.3,0,0
3338.4,0.3,0,0
3338.5,0.3,0,0
3338.6,0.3,0,0
3338.7,0.3,0,0
3338.8,0.3,0,0
3338.9,0.6,0,0
3339,0.3,0,0
3339.1,0.3,0,0
3339.2,0.3,0,0
3339.3,0.3,0,0
3339.4,0.3,0,0
3339.5,0.3,0,0
3339.7,0.3,0,0
3339.8,0.3,0,0
3339.9,0.3,0,0
3340,0.3,0,0
3340.1,0.3,0,0
3340.2,0.3,0,0
3340.3,0.3,0,0
3340.4,0.3,0,0
3340.5,0.3,0,0
3340.6,0.3,0,0
3340.7,0.3,0,0
3340.8,0.3,0,0
3340.9,0.3,0,0
3341,0.3,0,0
3341.1,0.3,0,0
3341.2,0.3,0,0
3341.3,0.3,0,0
3341.5,0.3,0,0
3341.6,0.3,0,0
3341.7,0.6,0,0
3341.8,0.3,0,0
3341.9,0.3,0,0
3342,0.3,0,0
3342.1,0.3,0,0
3342.2,0.3,0,0
3342.3,0.3,0,0
3342.4,0.3,0,0
3342.5,0.3,0,0
3342.6,0.3,0,0
3342.7,0.3,0,0
3342.8,0.3,0,0
3342.9,0.3,0,0
3343,0.3,0,0
3343.2,0.3,0,0
3343.3,0.3,0,0
3343.4,0.3,0,0
3343.5,0.3,0,0
3343.6,0.3,0,0
3343.7,0.3,0,0
3343.8,0.3,0,0
3343.9,0.3,0,0
3344,0.3,0,0
3344.1,0.3,0,0
3344.2,0.3,0,0
3344.3,0.3,0,0
3344.4,0.6,0,0
3344.5,0.3,0,0
3344.6,0.3,0,0
3344.7,0.3,0,0
3344.9,0.3,0,0
3345,0.3,0,0
3345.1,0.3,0,0
3345.2,0.3,0,0
3345.3,0.3,0,0
3345.4,0.3,0,0
3345.5,0.3,0,0
3345.6,0.3,0,0
3345.7,0.3,0,0
3345.8,0.3,0,0
3345.9,0.3,0,0
3346,0.3,0,0
3346.1,0.3,0,0
3346.2,0.3,0,0
3346.3,0.3,0,0
3346.4,0.3,0,0
3346.6,0.3,0,0
3346.7,0.3,0,0
3346.8,0.3,0,0
3346.9,0.3,0,0
3347,0.3,0,0
3347.1,0.3,0,0
3347.2,0.6,0,0
3347.3,0.3,0,0
3347.4,0.3,0,0
3347.5,0.3,0,0
3347.6,0.3,0,0
3347.7,0.3,0,0
3347.8,0.3,0,0
3347.9,0.3,0,0
3348,0.9,0,0
3348.1,0.9,0,0
3348.2,0.9,0,0
3348.4,0.9,0,0
3348.5,0.9,0,0
3348.6,0.9,0,0
3348.7,0.6,0,0
3348.8,0.3,0,0
3348.9,0.3,0,0
3349,0.3,0,0
3349.1,0.3,0,0
3349.2,0.3,0,0
3349.3,0.3,0,0
3349.4,0.3,0,0
3349.5,0.3,0,0
3349.6,0.3,0,0
3349.7,0.3,0,0
3349.8,0.3,0,0
3349.9,0.3,0,0
3350.1,0.3,0,0
3350.2,0.3,0,0
3350.3,0.3,0,0
3350.4,0.3,0,0
3350.5,0.3,0,0
3350.6,0.6,0,0
3350.7,0.6,0,0
3350.8,0.3,0,0
3350.9,0.3,0,0
3351,0.3,0,0
3351.1,0.3,0,0
3351.2,0.3,0,0
3351.3,0.3,0,0
3351.4,0.3,0,0
3351.5,0.3,0,0
3351.7,0.3,0,0
3351.8,0.3,0,0
3351.9,0.3,0,0
3352,0.3,0,0
3352.1,0.3,0,0
3352.2,0.3,0,0
3352.3,0.3,0,0
3352.4,0.3,0,0
3352.5,0.3,0,0
3352.6,0.3,0,0
3352.7,0.3,0,0
3352.8,0.3,0,0
3352.9,0.3,0,0
3353,0.3,0,0
3353.1,0.3,0,0
3353.2,0.3,0,0
3353.3,0.3,0,0
3353.5,0.3,0,0
3353.6,0.3,0,0
3353.7,0.3,0,0
3353.8,0.3,0,0
3353.9,0.3,0,0
3354,0.3,0,0
3354.1,0.3,0,0
3354.2,0.3,0,0
3354.3,0.3,0,0
3354.4,0.3,0,0
3354.5,0.3,0,0
3354.6,0.3,0,0
3354.7,0.3,0,0
3354.8,0.3,0,0
3354.9,0.3,0,0
3355,0.3,0,0
3355.2,0.3,0,0
3355.3,0.3,0,0
3355.4,0.3,0,0
3355.5,0.6,0,0
3355.6,0.3,0,0
3355.7,0.3,0,0
3355.8,0.3,0,0
3355.9,0.3,0,0
3356,0.3,0,0
3356.1,0.3,0,0
3356.2,0.3,0,0
3356.3,0.3,0,0
3356.4,0.3,0,0
3356.5,0.3,0,0
3356.6,0.3,0,0
3356.7,0.3,0,0
3356.8,0.3,0,0
3357,0.3,0,0
3357.1,0.3,0,0
3357.2,0.3,0,0
3357.3,0.3,0,0
3357.4,0.3,0,0
3357.5,0.3,0,0
3357.6,0.3,0,0
3357.7,0.3,0,0
3357.8,0.3,0,0
3357.9,0.3,0,0
3358,0.3,0,0
3358.1,0.3,0,0
3358.2,0.6,0,0
3358.3,0.3,0,0
3358.4,0.3,0,0
3358.5,0.3,0,0
3358.7,0.3,0,0
3358.8,0.3,0,0
3358.9,0.3,0,0
3359,0.3,0,0
3359.1,0.3,0,0
3359.2,0.3,0,0
3359.3,0.3,0,0
3359.4,0.3,0,0
3359.5,0.3,0,0
3359.6,0.3,0,0
3359.7,0.3,0,0
3359.8,0.3,0,0
3359.9,0.3,0,0
3360,0.3,0,0
3360.1,0.3,0,0
3360.3,0.3,0,0
3360.4,0.3,0,0
3360.5,0.3,0,0
3360.6,0.3,0,0
3360.7,0.3,0,0
3360.8,0.3,0,0
3360.9,0.3,0,0
3361,0.6,0,0
3361.1,0.3,0,0
3361.2,0.3,0,0
3361.3,0.3,0,0
3361.4,0.3,0,0
3361.5,0.3,0,0
3361.6,0.3,0,0
3361.7,0.3,0,0
3361.8,0.3,0,0
3362,0.3,0,0
3362.1,0.3,0,0
3362.2,0.3,0,0
3362.3,0.3,0,0
3362.4,0.3,0,0
3362.5,0.3,0,0
3362.6,0.3,0,0
3362.7,0.3,0,0
3362.8,0.3,0,0
3362.9,0.3,0,0
3363,0.3,0,0
3363.1,0.3,0,0
3363.2,0.3,0,0
3363.3,0.3,0,0
3363.4,0.3,0,0
3363.5,0.3,0,0
3363.7,0.3,0,0
3363.8,0.3,0,0
3363.9,0.3,0,0
3364,0.3,0,0
3364.1,0.3,0,0
3364.2,0.3,0,0
3364.3,0.3,0,0
3364.4,0.3,0,0
3364.5,0.3,0,0
3364.6,0.3,0,0
3364.7,0.3,0,0
3364.8,0.3,0,0
3364.9,0.3,0,0
3365,0.3,0,0
3365.1,0.3,0,0
3365.2,0.3,0,0
3365.3,0.3,0,0
3365.5,0.3,0,0
3365.6,0.3,0,0
3365.7,0.3,0,0
3365.8,0.3,0,0
3365.9,0.3,0,0
3366,0.3,0,0
3366.1,0.3,0,0
3366.2,0.3,0,0
3366.3,0.3,0,0
3366.4,0.3,0,0
3366.5,0.3,0,0
3366.6,0.3,0,0
3366.7,0.3,0,0
3366.8,0.3,0,0
3366.9,0.3,0,0
3367,0.3,0,0
3367.2,0.3,0,0
3367.3,0.3,0,0
3367.4,0.3,0,0
3367.5,0.3,0,0
3367.6,0.3,0,0
3367.7,0.3,0,0
3367.8,0.3,0,0
3367.9,0.3,0,0
3368,0.3,0,0
3368.1,0.3,0,0
3368.2,0.3,0,0
3368.3,0.3,0,0
3368.4,0.3,0,0
3368.5,0.3,0,0
3368.6,0.3,0,0
3368.7,0.3,0,0
3368.9,0.3,0,0
3369,0.3,0,0
3369.1,0.3,0,0
3369.2,0.3,0,0
3369.3,0.3,0,0
3369.4,0.3,0,0
3369.5,0.3,0,0
3369.6,0.3,0,0
3369.7,0.3,0,0
3369.8,0.3,0,0
3369.9,0.3,0,0
3370,0.3,0,0
3370.1,0.3,0,0
3370.2,0.3,0,0
3370.3,0.3,0,0
3370.4,0.3,0,0
3370.6,0.3,0,0
3370.7,0.3,0,0
3370.8,0.3,0,0
3370.9,0.3,0,0
3371,0.3,0,0
3371.1,0.3,0,0
3371.2,0.3,0,0
3371.3,0.3,0,0
3371.4,0.3,0,0
3371.5,0.3,0,0
3371.6,0.3,0,0
3371.7,0.3,0,0
3371.8,0.3,0,0
3371.9,0.3,0,0
3372,0.3,0,0
3372.2,0.3,0,0
3372.3,0.3,0,0
3372.4,0.3,0,0
3372.5,0.3,0,0
3372.6,0.3,0,0
3372.7,0.3,0,0
3372.8,0.3,0,0
3372.9,0.3,0,0
3373,0.3,0,0
3373.1,0.3,0,0
3373.2,0.3,0,0
3373.3,0.3,0,0
3373.4,0.3,0,0
3373.5,0.3,0,0
3373.6,0.3,0,0
3373.7,0.3,0,0
3373.9,0.3,0,0
3374,0.3,0,0
3374.1,0.3,0,0
3374.2,0.3,0,0
3374.3,0.3,0,0
3374.4,0.3,0,0
3374.5,0.3,0,0
3374.6,0.3,0,0
3374.7,0.3,0,0
3374.8,0.3,0,0
3374.9,0.3,0,0
3375,0.3,0,0
3375.1,0.3,0,0
3375.2,0.3,0,0
3375.3,0.3,0,0
3375.4,0.3,0,0
3375.5,0.3,0,0
3375.7,0.3,0,0
3375.8,0.3,0,0
3375.9,0.3,0,0
3376,0.3,0,0
3376.1,0.3,0,0
3376.2,0.3,0,0
3376.3,0.3,0,0
3376.4,0.3,0,0
3376.5,0.3,0,0
3376.6,0.3,0,0
3376.7,0.3,0,0
3376.8,0.3,0,0
3376.9,0.3,0,0
3377,0.3,0,0
3377.1,0.3,0,0
3377.2,0.3,0,0
3377.4,0.3,0,0
3377.5,0.3,0,0
3377.6,0.3,0,0
3377.7,0.3,0,0
3377.8,0.3,0,0
3377.9,0.3,0,0
3378,0.3,0,0
3378.1,0.3,0,0
3378.2,0.3,0,0
3378.3,0.3,0,0
3378.4,0.3,0,0
3378.5,0.3,0,0
3378.6,0.3,0,0
3378.7,0.3,0,0
3378.8,0.3,0,0
3379,0.3,0,0
3379.1,0.3,0,0
3379.2,0.3,0,0
3379.3,0.3,0,0
3379.4,0.3,0,0
3379.5,0.3,0,0
3379.6,0.3,0,0
3379.7,0.3,0,0
3379.8,0.3,0,0
3379.9,0.3,0,0
3380,0.3,0,0
3380.1,0.3,0,0
3380.2,0.3,0,0
3380.3,0.3,0,0
3380.4,0.6,0,0
3380.5,0.3,0,0
3380.6,0.3,0,0
3380.8,0.3,0,0
3380.9,0.3,0,0
3381,0.3,0,0
3381.1,0.3,0,0
3381.2,0.3,0,0
3381.3,0.3,0,0
3381.4,0.3,0,0
3381.5,0.3,0,0
3381.6,0.3,0,0
3381.7,0.3,0,0
3381.8,0.3,0,0
3381.9,0.3,0,0
3382,0.3,0,0
3382.1,0.3,0,0
3382.2,0.3,0,0
3382.4,0.3,0,0
3382.5,0.3,0,0
3382.6,0.3,0,0
3382.7,0.3,0,0
3382.8,0.3,0,0
3382.9,0.3,0,0
3383,0.3,0,0
3383.1,0.3,0,0
3383.2,0.3,0,0
3383.3,0.3,0,0
3383.4,0.3,0,0
3383.5,0.3,0,0
3383.6,0.3,0,0
3383.7,0.3,0,0
3383.8,0.3,0,0
3383.9,0.3,0,0
3384.1,0.3,0,0
3384.2,0.3,0,0
3384.3,0.3,0,0
3384.4,0.3,0,0
3384.5,0.3,0,0
3384.6,0.3,0,0
3384.7,0.3,0,0
3384.8,0.3,0,0
3384.9,0.3,0,0
3385,0.3,0,0
3385.1,0.3,0,0
3385.2,0.3,0,0
3385.3,0.3,0,0
3385.4,0.3,0,0
3385.5,0.3,0,0
3385.6,0.3,0,0
3385.8,0.3,0,0
3385.9,0.3,0,0
3386,0.6,0,0
3386.1,0.3,0,0
3386.2,0.3,0,0
3386.3,0.3,0,0
3386.4,0.3,0,0
3386.5,0.3,0,0
3386.6,0.3,0,0
3386.7,0.3,0,0
3386.8,0.3,0,0
3386.9,0.3,0,0
3387,0.3,0,0
3387.1,0.3,0,0
3387.2,0.3,0,0
3387.3,0.3,0,0
3387.4,0.3,0,0
3387.6,0.3,0,0
3387.7,0.3,0,0
3387.8,0.3,0,0
3387.9,0.3,0,0
3388,0.3,0,0
3388.1,0.3,0,0
3388.2,0.3,0,0
3388.3,0.3,0,0
3388.4,0.3,0,0
3388.5,0.3,0,0
3388.6,0.3,0,0
3388.7,0.6,0,0
3388.8,0.3,0,0
3388.9,0.3,0,0
3389,0.3,0,0
3389.1,0.3,0,0
3389.3,0.3,0,0
3389.4,0.3,0,0
3389.5,0.3,0,0
3389.6,0.3,0,0
3389.7,0.3,0,0
3389.8,0.3,0,0
3389.9,0.3,0,0
3390,0.3,0,0
3390.1,0.3,0,0
3390.2,0.3,0,0
3390.3,0.3,0,0
3390.4,0.3,0,0
3390.5,0.3,0,0
3390.6,0.3,0,0
3390.7,0.3,0,0
3390.8,0.3,0,0
3390.9,0.3,0,0
3391.1,0.3,0,0
3391.2,0.3,0,0
3391.3,0.3,0,0
3391.4,0.3,0,0
3391.5,0.6,0,0
3391.6,0.3,0,0
3391.7,0.3,0,0
3391.8,0.3,0,0
3391.9,0.3,0,0
3392,0.3,0,0
3392.1,0.3,0,0
3392.2,0.3,0,0
3392.3,0.3,0,0
3392.4,0.3,0,0
3392.5,0.3,0,0
3392.6,0.3,0,0
3392.8,0.3,0,0
3392.9,0.3,0,0
3393,0.3,0,0
3393.1,0.3,0,0
3393.2,0.3,0,0
3393.3,0.3,0,0
3393.4,0.3,0,0
3393.5,0.3,0,0
3393.6,0.3,0,0
3393.7,0.3,0,0
3393.8,0.3,0,0
3393.9,0.3,0,0
3394,0.3,0,0
3394.1,0.3,0,0
3394.2,0.6,0,0
3394.3,0.3,0,0
3394.5,0.3,0,0
3394.6,0.3,0,0
3394.7,0.3,0,0
3394.8,0.3,0,0
3394.9,0.3,0,0
3395,0.3,0,0
3395.1,0.3,0,0
3395.2,0.3,0,0
3395.3,0.3,0,0
3395.4,0.3,0,0
3395.5,0.3,0,0
3395.6,0.3,0,0
3395.7,0.3,0,0
3395.8,0.3,0,0
3395.9,0.3,0,0
3396,0.3,0,0
3396.1,0.3,0,0
3396.3,0.3,0,0
3396.4,0.3,0,0
3396.5,0.3,0,0
3396.6,0.3,0,0
3396.7,0.3,0,0
3396.8,0.3,0,0
3396.9,0.3,0,0
3397,0.3,0,0
3397.1,0.3,0,0
3397.2,0.3,0,0
3397.3,0.3,0,0
3397.4,0.3,0,0
3397.5,0.3,0,0
3397.6,0.3,0,0
3397.7,0.3,0,0
3397.8,0.3,0,0
3397.9,0.3,0,0
3398.1,0.3,0,0
3398.2,0.3,0,0
3398.3,0.3,0,0
3398.4,0.3,0,0
3398.5,0.3,0,0
3398.6,0.3,0,0
3398.7,0.3,0,0
3398.8,0.3,0,0
3398.9,0.3,0,0
3399,0.3,0,0
3399.1,0.3,0,0
3399.2,0.3,0,0
3399.3,0.3,0,0
3399.4,0.3,0,0
3399.5,0.3,0,0
3399.6,0.3,0,0
3399.8,0.3,0,0
3399.9,0.3,0,0
3400,0.3,0,0
3400.1,0.3,0,0
3400.2,0.3,0,0
3400.3,0.3,0,0
3400.4,0.3,0,0
3400.5,0.3,0,0
3400.6,0.3,0,0
3400.7,0.3,0,0
3400.8,0.3,0,0
3400.9,0.3,0,0
3401,0.3,0,0
3401.1,0.3,0,0
3401.2,0.3,0,0
3401.3,0.3,0,0
3401.4,0.3,0,0
3401.6,0.3,0,0
3401.7,0.3,0,0
3401.8,0.3,0,0
3401.9,0.3,0,0
3402,0.3,0,0
3402.1,0.3,0,0
3402.2,0.3,0,0
3402.3,0.3,0,0
3402.4,0.3,0,0
3402.5,0.3,0,0
3402.6,0.3,0,0
3402.7,0.3,0,0
3402.8,0.3,0,0
3402.9,0.3,0,0
3403,0.3,0,0
3403.2,0.3,0,0
3403.3,0.3,0,0
3403.4,0.3,0,0
3403.5,0.3,0,0
3403.6,0.3,0,0
3403.7,0.3,0,0
3403.8,0.3,0,0
3403.9,0.3,0,0
3404,0.3,0,0
3404.1,0.3,0,0
3404.2,0.3,0,0
3404.3,0.3,0,0
3404.4,0.3,0,0
3404.5,0.3,0,0
3404.6,0.3,0,0
3404.7,0.3,0,0
3404.8,0.3,0,0
3405,0.3,0,0
3405.1,0.3,0,0
3405.2,0.3,0,0
3405.3,0.3,0,0
3405.4,0.3,0,0
3405.5,0.3,0,0
3405.6,0.3,0,0
3405.7,0.3,0,0
3405.8,0.3,0,0
3405.9,0.3,0,0
3406,0.3,0,0
3406.1,0.3,0,0
3406.2,0.3,0,0
3406.3,0.3,0,0
3406.4,0.3,0,0
3406.5,0.3,0,0
3406.7,0.3,0,0
3406.8,0.3,0,0
3406.9,0.3,0,0
3407,0.3,0,0
3407.1,0.3,0,0
3407.2,0.3,0,0
3407.3,0.3,0,0
3407.4,0.3,0,0
3407.5,0.3,0,0
3407.6,0.3,0,0
3407.7,0.3,0,0
3407.8,0.3,0,0
3407.9,0.3,0,0
3408,0.3,0,0
3408.1,0.3,0,0
3408.2,0.3,0,0
3408.4,0.3,0,0
3408.5,0.3,0,0
3408.6,0.3,0,0
3408.7,0.3,0,0
3408.8,0.3,0,0
3408.9,0.3,0,0
3409,0.3,0,0
3409.1,0.3,0,0
3409.2,0.3,0,0
3409.3,0.3,0,0
3409.4,0.3,0,0
3409.5,0.3,0,0
3409.6,0.3,0,0
3409.7,0.3,0,0
3409.8,0.3,0,0
3409.9,0.3,0,0
3410.1,0.3,0,0
3410.2,0.3,0,0
3410.3,0.3,0,0
3410.4,0.3,0,0
3410.5,0.3,0,0
3410.6,0.3,0,0
3410.7,0.3,0,0
3410.8,0.3,0,0
3410.9,0.3,0,0
3411,0.3,0,0
3411.1,0.3,0,0
3411.2,0.3,0,0
3411.3,0.3,0,0
3411.4,0.3,0,0
3411.5,0.3,0,0
3411.6,0.3,0,0
3411.8,0.3,0,0
3411.9,0.3,0,0
3412,0.3,0,0
3412.1,0.3,0,0
3412.2,0.3,0,0
3412.3,0.3,0,0
3412.4,0.3,0,0
3412.5,0.3,0,0
3412.6,0.3,0,0
3412.7,0.3,0,0
3412.8,0.3,0,0
3412.9,0.3,0,0
3413,0.3,0,0
3413.1,0.3,0,0
3413.2,0.3,0,0
3413.3,0.3,0,0
3413.5,0.3,0,0
3413.6,0.3,0,0
3413.7,0.3,0,0
3413.8,0.3,0,0
3413.9,0.3,0,0
3414,0.3,0,0
3414.1,0.3,0,0
3414.2,0.3,0,0
3414.3,0.3,0,0
3414.4,0.3,0,0
3414.5,0.3,0,0
3414.6,0.3,0,0
3414.7,0.3,0,0
3414.8,0.3,0,0
3414.9,0.3,0,0
3415,0.3,0,0
3415.2,0.3,0,0
3415.3,0.3,0,0
3415.4,0.3,0,0
3415.5,0.3,0,0
3415.6,0.3,0,0
3415.7,0.3,0,0
3415.8,0.3,0,0
3415.9,0.3,0,0
3416,0.3,0,0
3416.1,0.3,0,0
3416.2,0.3,0,0
3416.3,0.3,0,0
3416.4,0.3,0,0
3416.5,0.3,0,0
3416.6,0.3,0,0
3416.7,0.3,0,0
3416.8,0.3,0,0
3417,0.3,0,0
3417.1,0.3,0,0
3417.2,0.3,0,0
3417.3,0.3,0,0
3417.4,0.3,0,0
3417.5,0.3,0,0
3417.6,0.3,0,0
3417.7,0.3,0,0
3417.8,0.3,0,0
3417.9,0.3,0,0
3418,0.3,0,0
3418.1,0.3,0,0
3418.2,0.3,0,0
3418.3,0.3,0,0
3418.4,0.3,0,0
3418.5,0.3,0,0
3418.7,0.3,0,0
3418.8,0.3,0,0
3418.9,0.3,0,0
3419,0.3,0,0
3419.1,0.3,0,0
3419.2,0.3,0,0
3419.3,0.3,0,0
3419.4,0.3,0,0
3419.5,0.3,0,0
3419.6,0.3,0,0
3419.7,0.3,0,0
3419.8,0.3,0,0
3419.9,0.3,0,0
3420,0.3,0,0
3420.1,0.3,0,0
3420.3,0.3,0,0
3420.4,0.3,0,0
3420.5,0.3,0,0
3420.6,0.3,0,0
3420.7,0.3,0,0
3420.8,0.3,0,0
3420.9,0.3,0,0
3421,0.3,0,0
3421.1,0.3,0,0
3421.2,0.3,0,0
3421.3,0.3,0,0
3421.4,0.3,0,0
3421.5,0.3,0,0
3421.6,0.3,0,0
3421.7,0.3,0,0
3421.8,0.3,0,0
3421.9,0.3,0,0
3422.1,0.3,0,0
3422.2,0.3,0,0
3422.3,0.3,0,0
3422.4,0.3,0,0
3422.5,0.3,0,0
3422.6,0.3,0,0
3422.7,0.3,0,0
3422.8,0.3,0,0
3422.9,0.3,0,0
3423,0.3,0,0
3423.1,0.3,0,0
3423.2,0.3,0,0
3423.3,0.3,0,0
3423.4,0.3,0,0
3423.5,0.3,0,0
3423.6,0.3,0,0
3423.8,0.3,0,0
3423.9,0.3,0,0
3424,0.3,0,0
3424.1,0.3,0,0
3424.2,0.3,0,0
3424.3,0.3,0,0
3424.4,0.3,0,0
3424.5,0.3,0,0
3424.6,0.3,0,0
3424.7,0.3,0,0
3424.8,0.3,0,0
3424.9,0.3,0,0
3425,0.3,0,0
3425.1,0.3,0,0
3425.2,0.3,0,0
3425.3,0.3,0,0
3425.5,0.3,0,0
3425.6,0.3,0,0
3425.7,0.3,0,0
3425.8,0.3,0,0
3425.9,0.3,0,0
3426,0.3,0,0
3426.1,0.3,0,0
3426.2,0.3,0,0
3426.3,0.3,0,0
3426.4,0.3,0,0
3426.5,0.3,0,0
3426.6,0.3,0,0
3426.7,0.3,0,0
3426.8,0.3,0,0
3426.9,0.3,0,0
3427,0.3,0,0
3427.2,0.3,0,0
3427.3,0.3,0,0
3427.4,0.3,0,0
3427.5,0.3,0,0
3427.6,0.3,0,0
3427.7,0.3,0,0
3427.8,0.3,0,0
3427.9,0.3,0,0
3428,0.3,0,0
3428.1,0.3,0,0
3428.2,0.3,0,0
3428.3,0.3,0,0
3428.4,0.3,0,0
3428.5,0.3,0,0
3428.6,0.3,0,0
3428.7,0.3,0,0
3428.8,0.3,0,0
3429,0.3,0,0
3429.1,0.3,0,0
3429.2,0.3,0,0
3429.3,0.3,0,0
3429.4,0.3,0,0
3429.5,0.3,0,0
3429.6,0.3,0,0
3429.7,0.3,0,0
3429.8,0.3,0,0
3429.9,0.3,0,0
3430,0.3,0,0
3430.1,0.3,0,0
3430.2,0.3,0,0
3430.3,0.3,0,0
3430.4,0.3,0,0
3430.5,0.3,0,0
3430.7,0.3,0,0
3430.8,0.3,0,0
3430.9,0.3,0,0
3431,0.3,0,0
3431.1,0.3,0,0
3431.2,0.3,0,0
3431.3,0.3,0,0
3431.4,0.3,0,0
3431.5,0.3,0,0
3431.6,0.3,0,0
3431.7,0.3,0,0
3431.8,0.3,0,0
3431.9,0.3,0,0
3432,0.3,0,0
3432.1,0.3,0,0
3432.2,0,0,0
3432.3,0.3,0,0
3432.5,0.3,0,0
3432.6,0.3,0,0
3432.7,0.3,0,0
3432.8,0.3,0,0
3432.9,0.3,0,0
3433,0.3,0,0
3433.1,0.3,0,0
3433.2,0.3,0,0
3433.3,0.3,0,0
3433.4,0.3,0,0
3433.5,0.3,0,0
3433.6,0.3,0,0
3433.7,0.3,0,0
3433.8,0.3,0,0
3433.9,0.3,0,0
3434,0.3,0,0
3434.2,0.3,0,0
3434.3,0.3,0,0
3434.4,0.3,0,0
3434.5,0.3,0,0
3434.6,0.3,0,0
3434.7,0.3,0,0
3434.8,0.3,0,0
3434.9,0.3,0,0
3435,0.3,0,0
3435.1,0.3,0,0
3435.2,0.3,0,0
3435.3,0.3,0,0
3435.4,0.3,0,0
3435.5,0.3,0,0
3435.6,0.3,0,0
3435.8,0.3,0,0
3435.9,0.3,0,0
3436,0.3,0,0
3436.1,0.3,0,0
3436.2,0.3,0,0
3436.3,0.3,0,0
3436.4,0.3,0,0
3436.5,0.3,0,0
3436.6,0.3,0,0
3436.7,0.3,0,0
3436.8,0.3,0,0
3436.9,0.3,0,0
3437,0.3,0,0
3437.1,0.3,0,0
3437.2,0.3,0,0
3437.3,0.3,0,0
3437.5,0.3,0,0
3437.6,0.3,0,0
3437.7,0.3,0,0
3437.8,0.3,0,0
3437.9,0.3,0,0
3438,0.3,0,0
3438.1,0.3,0,0
3438.2,0.3,0,0
3438.3,0.3,0,0
3438.4,0.3,0,0
3438.5,0.3,0,0
3438.6,0.3,0,0
3438.7,0.3,0,0
3438.8,0.3,0,0
3438.9,0.3,0,0
3439,0.3,0,0
3439.2,0.3,0,0
3439.3,0.3,0,0
3439.4,0.3,0,0
3439.5,0.3,0,0
3439.6,0.3,0,0
3439.7,0.3,0,0
3439.8,0.3,0,0
3439.9,0.3,0,0
3440,0.3,0,0
3440.1,0.3,0,0
3440.2,0.3,0,0
3440.3,0.3,0,0
3440.4,0.3,0,0
3440.5,0.3,0,0
3440.6,0.3,0,0
3440.7,0.3,0,0
3440.9,0.3,0,0
3441,0.3,0,0
3441.1,0.3,0,0
3441.2,0.3,0,0
3441.3,0.3,0,0
3441.4,0.3,0,0
3441.5,0.3,0,0
3441.6,0.3,0,0
3441.7,0.3,0,0
3441.8,0.3,0,0
3441.9,0.3,0,0
3442,0.3,0,0
3442.1,0.3,0,0
3442.2,0.3,0,0
3442.3,0.3,0,0
3442.4,0,0,0
3442.6,0.3,0,0
3442.7,0.3,0,0
3442.8,0.3,0,0
3442.9,0.3,0,0
3443,0.3,0,0
3443.1,0.3,0,0
3443.2,0.3,0,0
3443.3,0.3,0,0
3443.4,0.3,0,0
3443.5,0.3,0,0
3443.6,0.3,0,0
3443.7,0.3,0,0
3443.8,0.3,0,0
3443.9,0.3,0,0
3444,0.3,0,0
3444.1,0.3,0,0
3444.3,0.3,0,0
3444.4,0.3,0,0
3444.5,0.3,0,0
3444.6,0.3,0,0
3444.7,0.3,0,0
3444.8,0.3,0,0
3444.9,0.3,0,0
3445,0.3,0,0
3445.1,0.3,0,0
3445.2,0.3,0,0
3445.3,0.3,0,0
3445.4,0.3,0,0
3445.5,0.3,0,0
3445.6,0.3,0,0
3445.7,0.3,0,0
3445.8,0.3,0,0
3446,0.3,0,0
3446.1,0.3,0,0
3446.2,0.3,0,0
3446.3,0.3,0,0
3446.4,0.3,0,0
3446.5,0.3,0,0
3446.6,0.3,0,0
3446.7,0.3,0,0
3446.8,0.3,0,0
3446.9,0.3,0,0
3447,0.3,0,0
3447.1,0.3,0,0
3447.2,0.3,0,0
3447.3,0.3,0,0
3447.4,0.3,0,0
3447.5,0.3,0,0
3447.6,0.3,0,0
3447.8,0.3,0,0
3447.9,0.3,0,0
3448,0.3,0,0
3448.1,0.3,0,0
3448.2,0.3,0,0
3448.3,0.3,0,0
3448.4,0.3,0,0
3448.5,0.3,0,0
3448.6,0.3,0,0
3448.7,0.3,0,0
3448.8,0.3,0,0
3448.9,0.3,0,0
3449,0.3,0,0
3449.1,0.3,0,0
3449.2,0.3,0,0
3449.3,0.3,0,0
3449.5,0.3,0,0
3449.6,0.3,0,0
3449.7,0.3,0,0
3449.8,0.3,0,0
3449.9,0.3,0,0
3450,0.3,0,0
3450.1,0.3,0,0
3450.2,0.3,0,0
3450.3,0.3,0,0
3450.4,0.3,0,0
3450.5,0.3,0,0
3450.6,0.3,0,0
3450.7,0.3,0,0
3450.8,0.3,0,0
3450.9,0.3,0,0
3451,0.3,0,0
3451.2,0.3,0,0
3451.3,0.3,0,0
3451.4,0.3,0,0
3451.5,0.3,0,0
3451.6,0.3,0,0
3451.7,0,0,0
3451.8,0.3,0,0
3451.9,0.3,0,0
3452,0.3,0,0
3452.1,0.3,0,0
3452.2,0.3,0,0
3452.3,0.3,0,0
3452.4,0.3,0,0
3452.5,0.3,0,0
3452.6,0.3,0,0
3452.7,0.3,0,0
3452.9,0.3,0,0
3453,0.3,0,0
3453.1,0.3,0,0
3453.2,0.3,0,0
3453.3,0.3,0,0
3453.4,0.3,0,0
3453.5,0.3,0,0
3453.6,0.3,0,0
3453.7,0.3,0,0
3453.8,0.3,0,0
3453.9,0.3,0,0
3454,0.3,0,0
3454.1,0.3,0,0
3454.2,0.3,0,0
3454.3,0.3,0,0
3454.4,0.3,0,0
3454.6,0.3,0,0
3454.7,0.3,0,0
3454.8,0.3,0,0
3454.9,0.3,0,0
3455,0.3,0,0
3455.1,0.3,0,0
3455.2,0.3,0,0
3455.3,0.3,0,0
3455.4,0.3,0,0
3455.5,0.3,0,0
3455.6,0.3,0,0
3455.7,0.3,0,0
3455.8,0.3,0,0
3455.9,0.3,0,0
3456,0.3,0,0
3456.1,0.3,0,0
3456.3,0.3,0,0
3456.4,0.3,0,0
3456.5,0.3,0,0
3456.6,0.3,0,0
3456.7,0.3,0,0
3456.8,0.3,0,0
3456.9,0.3,0,0
3457,0.3,0,0
3457.1,0.3,0,0
3457.2,0.3,0,0
3457.3,0.3,0,0
3457.4,0.3,0,0
3457.5,0.3,0,0
3457.6,0.3,0,0
3457.7,0.3,0,0
3457.8,0.3,0,0
3457.9,0.3,0,0
3458.1,0.3,0,0
3458.2,0.3,0,0
3458.3,0.3,0,0
3458.4,0.3,0,0
3458.5,0.3,0,0
3458.6,0.3,0,0
3458.7,0.3,0,0
3458.8,0,0,0
3458.9,0.3,0,0
3459,0.3,0,0
3459.1,0.3,0,0
3459.2,0.3,0,0
3459.3,0.3,0,0
3459.4,0.3,0,0
3459.5,0.3,0,0
3459.6,0.3,0,0
3459.8,0.3,0,0
3459.9,0.3,0,0
3460,0.3,0,0
3460.1,0.3,0,0
3460.2,0.3,0,0
3460.3,0.3,0,0
3460.4,0.3,0,0
3460.5,0.3,0,0
3460.6,0.3,0,0
3460.7,0.3,0,0
3460.8,0.3,0,0
3460.9,0.3,0,0
3461,0.3,0,0
3461.1,0.3,0,0
3461.2,0.3,0,0
3461.3,0.3,0,0
3461.4,0.3,0,0
3461.6,0.3,0,0
3461.7,0.3,0,0
3461.8,0.3,0,0
3461.9,0.3,0,0
3462,0.3,0,0
3462.1,0.3,0,0
3462.2,0.3,0,0
3462.3,0.3,0,0
3462.4,0,0,0
3462.5,0.3,0,0
3462.6,0.3,0,0
3462.7,0.3,0,0
3462.8,0.3,0,0
3462.9,0.3,0,0
3463,0.3,0,0
3463.1,0.3,0,0
3463.3,0.3,0,0
3463.4,0.3,0,0
3463.5,0.3,0,0
3463.6,0.3,0,0
3463.7,0.3,0,0
3463.8,0.3,0,0
3463.9,0.3,0,0
3464,0.3,0,0
3464.1,0.3,0,0
3464.2,0.3,0,0
3464.3,0.3,0,0
3464.4,0.3,0,0
3464.5,0.3,0,0
3464.6,0.3,0,0
3464.7,0.3,0,0
3464.9,0.3,0,0
3465,0.3,0,0
3465.1,0.3,0,0
3465.2,0.3,0,0
3465.3,0.3,0,0
3465.4,0.3,0,0
3465.5,0.3,0,0
3465.6,0.3,0,0
3465.7,0.3,0,0
3465.8,0.3,0,0
3465.9,0.3,0,0
3466,0.3,0,0
3466.1,0.3,0,0
3466.2,0.3,0,0
3466.3,0.3,0,0
3466.4,0.3,0,0
3466.6,0.3,0,0
3466.7,0.3,0,0
3466.8,0.3,0,0
3466.9,0.3,0,0
3467,0.3,0,0
3467.1,0.3,0,0
3467.2,0.3,0,0
3467.3,0.3,0,0
3467.4,0.3,0,0
3467.5,0.3,0,0
3467.6,0.3,0,0
3467.7,0.3,0,0
3467.8,0.3,0,0
3467.9,0.3,0,0
3468,0.3,0,0
3468.2,0.3,0,0
3468.3,0.3,0,0
3468.4,0.3,0,0
3468.5,0.3,0,0
3468.6,0.3,0,0
3468.7,0.3,0,0
3468.8,0.3,0,0
3468.9,0.3,0,0
3469,0.3,0,0
3469.1,0.3,0,0
3469.2,0.3,0,0
3469.3,0.3,0,0
3469.4,0.3,0,0
3469.5,0.3,0,0
3469.6,0.3,0,0
3469.7,0.3,0,0
3469.8,0.3,0,0
3470,0.3,0,0
3470.1,0.3,0,0
3470.2,0.3,0,0
3470.3,0.3,0,0
3470.4,0.3,0,0
3470.5,0.3,0,0
3470.6,0.3,0,0
3470.7,0.3,0,0
3470.8,0.3,0,0
3470.9,0.3,0,0
3471,0.3,0,0
3471.1,0.3,0,0
3471.2,0.3,0,0
3471.3,0.3,0,0
3471.4,0.3,0,0
3471.6,0.3,0,0
3471.7,0.3,0,0
3471.8,0.3,0,0
3471.9,0.3,0,0
3472,0.3,0,0
3472.1,0.3,0,0
3472.2,0.3,0,0
3472.3,0.3,0,0
3472.4,0.3,0,0
3472.5,0.3,0,0
3472.6,0.3,0,0
3472.7,0.3,0,0
3472.8,0.3,0,0
3472.9,0.3,0,0
3473,0.3,0,0
3473.1,0.3,0,0
3473.3,0.3,0,0
3473.4,0.3,0,0
3473.5,0.3,0,0
3473.6,0.3,0,0
3473.7,0.3,0,0
3473.8,0.3,0,0
3473.9,0.3,0,0
3474,0.3,0,0
3474.1,0.3,0,0
3474.2,0.3,0,0
3474.3,0.3,0,0
3474.4,0.3,0,0
3474.5,0.3,0,0
3474.6,0.3,0,0
3474.7,0.3,0,0
3474.8,0.3,0,0
3475,0.3,0,0
3475.1,0.3,0,0
3475.2,0.3,0,0
3475.3,0,0,0
3475.4,0.3,0,0
3475.5,0.3,0,0
3475.6,0.3,0,0
3475.7,0.3,0,0
3475.8,0.3,0,0
3475.9,0.3,0,0
3476,0.3,0,0
3476.1,0.3,0,0
3476.2,0.3,0,0
3476.3,0.3,0,0
3476.4,0.3,0,0
3476.5,0.3,0,0
3476.7,0.3,0,0
3476.8,0.3,0,0
3476.9,0.3,0,0
3477,0.3,0,0
3477.1,0.3,0,0
3477.2,0.3,0,0
3477.3,0.3,0,0
3477.4,0.3,0,0
3477.5,0.3,0,0
3477.6,0.3,0,0
3477.7,0.3,0,0
3477.8,0.3,0,0
3477.9,0.3,0,0
3478,0.3,0,0
3478.1,0.3,0,0
3478.2,0.3,0,0
3478.3,0.3,0,0
3478.5,0.3,0,0
3478.6,0.3,0,0
3478.7,0.3,0,0
3478.8,0.3,0,0
3478.9,0.3,0,0
3479,0.3,0,0
3479.1,0.3,0,0
3479.2,0.3,0,0
3479.3,0.3,0,0
3479.4,0.3,0,0
3479.5,0.3,0,0
3479.6,0.3,0,0
3479.7,0.3,0,0
3479.8,0.3,0,0
3479.9,0.3,0,0
3480,0.3,0,0
3480.2,0.3,0,0
3480.3,0.3,0,0
3480.4,0.3,0,0
3480.5,0.3,0,0
3480.6,0.3,0,0
3480.7,0.3,0,0
3480.8,0.3,0,0
3480.9,0.3,0,0
3481,0.3,0,0
3481.1,0.3,0,0
3481.2,0.3,0,0
3481.3,0.3,0,0
3481.4,0.3,0,0
3481.5,0.3,0,0
3481.6,0.3,0,0
3481.7,0.3,0,0
3481.9,0.3,0,0
3482,0.3,0,0
3482.1,0.3,0,0
3482.2,0.3,0,0
3482.3,0.3,0,0
3482.4,0.3,0,0
3482.5,0.3,0,0
3482.6,0.3,0,0
3482.7,0.3,0,0
3482.8,0.3,0,0
3482.9,0.3,0,0
3483,0.3,0,0
3483.1,0.3,0,0
3483.2,0.3,0,0
3483.3,0.3,0,0
3483.4,0.3,0,0
3483.5,0.3,0,0
3483.7,0.3,0,0
3483.8,0.3,0,0
3483.9,0.3,0,0
3484,0.3,0,0
3484.1,0.3,0,0
3484.2,0.3,0,0
3484.3,0.3,0,0
3484.4,0.3,0,0
3484.5,0.3,0,0
3484.6,0.3,0,0
3484.7,0.3,0,0
3484.8,0.3,0,0
3484.9,0.3,0,0
3485,0.3,0,0
3485.1,0.3,0,0
3485.2,0.3,0,0
3485.4,0.3,0,0
3485.5,0.3,0,0
3485.6,0.3,0,0
3485.7,0.3,0,0
3485.8,0.3,0,0
3485.9,0.3,0,0
3486,0.3,0,0
3486.1,0.3,0,0
3486.2,0.3,0,0
3486.3,0.3,0,0
3486.4,0.3,0,0
3486.5,0.3,0,0
3486.6,0,0,0
3486.7,0.3,0,0
3486.8,0.3,0,0
3486.9,0.3,0,0
3487.1,0.3,0,0
3487.2,0.3,0,0
3487.3,0.3,0,0
3487.4,0.3,0,0
3487.5,0.3,0,0
3487.6,0.3,0,0
3487.7,0.3,0,0
3487.8,0.3,0,0
3487.9,0.3,0,0
3488,0.3,0,0
3488.1,0.3,0,0
3488.2,0.3,0,0
3488.3,0.3,0,0
3488.4,0.3,0,0
3488.5,0.3,0,0
3488.6,0.3,0,0
3488.7,0.3,0,0
3488.9,0.3,0,0
3489,0.3,0,0
3489.1,0.3,0,0
3489.2,0.3,0,0
3489.3,0.3,0,0
3489.4,0.3,0,0
3489.5,0.3,0,0
3489.6,0,0,0
3489.7,0.3,0,0
3489.8,0.3,0,0
3489.9,0.3,0,0
3490,0.3,0,0
3490.1,0.3,0,0
3490.2,0.3,0,0
3490.3,0.3,0,0
3490.4,0.3,0,0
3490.6,0.3,0,0
3490.7,0.3,0,0
3490.8,0.3,0,0
3490.9,0.3,0,0
3491,0.3,0,0
3491.1,0.3,0,0
3491.2,0.3,0,0
3491.3,0.3,0,0
3491.4,0.3,0,0
3491.5,0.3,0,0
3491.6,0.3,0,0
3491.7,0.3,0,0
3491.8,0.3,0,0
3491.9,0.3,0,0
3492,0.3,0,0
3492.2,0.3,0,0
3492.3,0.3,0,0
3492.4,0.3,0,0
3492.5,0.3,0,0
3492.6,0.3,0,0
3492.7,0.3,0,0
3492.8,0.3,0,0
3492.9,0.3,0,0
3493,0.3,0,0
3493.1,0.3,0,0
3493.2,0.3,0,0
3493.3,0.3,0,0
3493.4,0.3,0,0
3493.5,0.3,0,0
3493.6,0.3,0,0
3493.7,0.3,0,0
3493.9,0.3,0,0
3494,0.3,0,0
3494.1,0.3,0,0
3494.2,0.3,0,0
3494.3,0.3,0,0
3494.4,0.3,0,0
3494.5,0.3,0,0
3494.6,0.3,0,0
3494.7,0.3,0,0
3494.8,0.3,0,0
3494.9,0.3,0,0
3495,0.3,0,0
3495.1,0.3,0,0
3495.2,0.3,0,0
3495.3,0.3,0,0
3495.5,0.3,0,0
3495.6,0.3,0,0
3495.7,0.3,0,0
3495.8,0.3,0,0
3495.9,0.3,0,0
3496,0.3,0,0
3496.1,0.3,0,0
3496.2,0.3,0,0
3496.3,0.3,0,0
3496.4,0.3,0,0
3496.5,0.3,0,0
3496.6,0.3,0,0
3496.7,0.3,0,0
3496.8,0.3,0,0
3496.9,0.3,0,0
3497,0.3,0,0
3497.2,0.3,0,0
3497.3,0.3,0,0
3497.4,0.3,0,0
3497.5,0.3,0,0
3497.6,0.3,0,0
3497.7,0.3,0,0
3497.8,0.3,0,0
3497.9,0.3,0,0
3498,0.3,0,0
3498.1,0.3,0,0
3498.2,0.3,0,0
3498.3,0.3,0,0
3498.4,0.3,0,0
3498.5,0.3,0,0
3498.6,0.3,0,0
3498.8,0.3,0,0
3498.9,0.3,0,0
3499,0.3,0,0
3499.1,0.3,0,0
3499.2,0.3,0,0
3499.3,0.3,0,0
3499.4,0.3,0,0
3499.5,0.3,0,0
3499.6,0.3,0,0
3499.7,0.3,0,0
3499.8,0.3,0,0
3499.9,0.3,0,0
3500,0.3,0,0
3500.1,0.3,0,0
3500.2,0.3,0,0
3500.3,0.3,0,0
3500.5,0.3,0,0
3500.6,0.3,0,0
3500.7,0.3,0,0
3500.8,0.3,0,0
3500.9,0.3,0,0
3501,0.3,0,0
3501.1,0.3,0,0
3501.2,0.3,0,0
3501.3,0.3,0,0
3501.4,0.3,0,0
3501.5,0.3,0,0
3501.6,0.3,0,0
3501.7,0,0,0
3501.8,0.3,0,0
3501.9,0.3,0,0
3502,0.3,0,0
3502.2,0.3,0,0
3502.3,0.3,0,0
3502.4,0.3,0,0
3502.5,0.3,0,0
3502.6,0.3,0,0
3502.7,0.3,0,0
3502.8,0.3,0,0
3502.9,0.3,0,0
3503,0.3,0,0
3503.1,0.3,0,0
3503.2,0.3,0,0
3503.3,0.3,0,0
3503.4,0.3,0,0
3503.5,0.3,0,0
3503.6,0.3,0,0
3503.7,0.3,0,0
3503.9,0.3,0,0
3504,0.3,0,0
3504.1,0.3,0,0
3504.2,0.3,0,0
3504.3,0.3,0,0
3504.4,0.3,0,0
3504.5,0.3,0,0
3504.6,0.3,0,0
3504.7,0.3,0,0
3504.8,0.3,0,0
3504.9,0.3,0,0
3505,0.3,0,0
3505.1,0.3,0,0
3505.2,0.3,0,0
3505.3,0.3,0,0
3505.4,0.3,0,0
3505.6,0.3,0,0
3505.7,0.3,0,0
3505.8,0.3,0,0
3505.9,0.3,0,0
3506,0.3,0,0
3506.1,0.3,0,0
3506.2,0.3,0,0
3506.3,0.3,0,0
3506.4,0.3,0,0
3506.5,0.3,0,0
3506.6,0.3,0,0
3506.7,0.3,0,0
3506.8,0.3,0,0
3506.9,0.3,0,0
3507,0.3,0,0
3507.1,0.3,0,0
3507.3,0.3,0,0
3507.4,0.3,0,0
3507.5,0.3,0,0
3507.6,0.3,0,0
3507.7,0.3,0,0
3507.8,0.3,0,0
3507.9,0.3,0,0
3508,0.3,0,0
3508.1,0.3,0,0
3508.2,0.3,0,0
3508.3,0.3,0,0
3508.4,0.3,0,0
3508.5,0.3,0,0
3508.6,0.3,0,0
3508.7,0.3,0,0
3508.8,0.3,0,0
3508.9,0.3,0,0
3509.1,0.3,0,0
3509.2,0.3,0,0
3509.3,0.3,0,0
3509.4,0.3,0,0
3509.5,0.3,0,0
3509.6,0.3,0,0
3509.7,0.3,0,0
3509.8,0.3,0,0
3509.9,0.3,0,0
3510,0.3,0,0
3510.1,0.3,0,0
3510.2,0.3,0,0
3510.3,0.3,0,0
3510.4,0,0,0
3510.5,0.3,0,0
3510.6,0.3,0,0
3510.8,0.3,0,0
3510.9,0.3,0,0
3511,0.3,0,0
3511.1,0.3,0,0
3511.2,0.3,0,0
3511.3,0.3,0,0
3511.4,0.3,0,0
3511.5,0.3,0,0
3511.6,0.3,0,0
3511.7,0.3,0,0
3511.8,0.3,0,0
3511.9,0.3,0,0
3512,0.3,0,0
3512.1,0.3,0,0
3512.2,0.3,0,0
3512.3,0.3,0,0
3512.4,0.3,0,0
3512.6,0.3,0,0
3512.7,0.3,0,0
3512.8,0.3,0,0
3512.9,0.3,0,0
3513,0.3,0,0
3513.1,0.3,0,0
3513.2,0.3,0,0
3513.3,0.3,0,0
3513.4,0.3,0,0
3513.5,0.3,0,0
3513.6,0.3,0,0
3513.7,0.3,0,0
3513.8,0.3,0,0
3513.9,0.3,0,0
3514,0,0,0
3514.1,0.3,0,0
3514.3,0.3,0,0
3514.4,0.3,0,0
3514.5,0.3,0,0
3514.6,0.3,0,0
3514.7,0.3,0,0
3514.8,0.3,0,0
3514.9,0.3,0,0
3515,0.3,0,0
3515.1,0.3,0,0
3515.2,0.3,0,0
3515.3,0.3,0,0
3515.4,0.3,0,0
3515.5,0.3,0,0
3515.6,0.3,0,0
3515.7,0.3,0,0
3515.8,0.3,0,0
3515.9,0.3,0,0
3516.1,0.3,0,0
3516.2,0.3,0,0
3516.3,0.3,0,0
3516.4,0.3,0,0
3516.5,0.3,0,0
3516.6,0.3,0,0
3516.7,0.3,0,0
3516.8,0.3,0,0
3516.9,0.3,0,0
3517,0.3,0,0
3517.1,0.3,0,0
3517.2,0.3,0,0
3517.3,0.3,0,0
3517.4,0.3,0,0
3517.5,0.3,0,0
3517.6,0.3,0,0
3517.8,0.3,0,0
3517.9,0.3,0,0
3518,0.3,0,0
3518.1,0.3,0,0
3518.2,0,0,0
3518.3,0.3,0,0
3518.4,0.3,0,0
3518.5,0.3,0,0
3518.6,0.3,0,0
3518.7,0.3,0,0
3518.8,0.3,0,0
3518.9,0.3,0,0
3519,0.3,0,0
3519.1,0.3,0,0
3519.2,0.3,0,0
3519.3,0.3,0,0
3519.5,0.3,0,0
3519.6,0.3,0,0
3519.7,0.3,0,0
3519.8,0.3,0,0
3519.9,0.3,0,0
3520,0.3,0,0
3520.1,0.3,0,0
3520.2,0.3,0,0
3520.3,0.3,0,0
3520.4,0.3,0,0
3520.5,0.3,0,0
3520.6,0.3,0,0
3520.7,0.3,0,0
3520.8,0.3,0,0
3520.9,0.3,0,0
3521,0.3,0,0
3521.2,0.3,0,0
3521.3,0.3,0,0
3521.4,0.3,0,0
3521.5,0.3,0,0
3521.6,0.3,0,0
3521.7,0.3,0,0
3521.8,0.3,0,0
3521.9,0.3,0,0
3522,0.3,0,0
3522.1,0.3,0,0
3522.2,0.3,0,0
3522.3,0.3,0,0
3522.4,0.3,0,0
3522.5,0.3,0,0
3522.6,0.3,0,0
3522.7,0.3,0,0
3522.9,0.3,0,0
3523,0.3,0,0
3523.1,0.3,0,0
3523.2,0.3,0,0
3523.3,0.3,0,0
3523.4,0.3,0,0
3523.5,0.3,0,0
3523.6,0.3,0,0
3523.7,0.3,0,0
3523.8,0.3,0,0
3523.9,0.3,0,0
3524,0.3,0,0
3524.1,0.3,0,0
3524.2,0.3,0,0
3524.3,0.3,0,0
3524.4,0.3,0,0
3524.6,0.3,0,0
3524.7,0.3,0,0
3524.8,0.3,0,0
3524.9,0.3,0,0
3525,0.3,0,0
3525.1,0.3,0,0
3525.2,0.3,0,0
3525.3,0.3,0,0
3525.4,0.3,0,0
3525.5,0.3,0,0
3525.6,0.3,0,0
3525.7,0.3,0,0
3525.8,0.3,0,0
3525.9,0.3,0,0
3526,0.3,0,0
3526.1,0.3,0,0
3526.3,0.3,0,0
3526.4,0.3,0,0
3526.5,0.3,0,0
3526.6,0.3,0,0
3526.7,0.3,0,0
3526.8,0.3,0,0
3526.9,0.3,0,0
3527,0.3,0,0
3527.1,0.3,0,0
3527.2,0.3,0,0
3527.3,0.3,0,0
3527.4,0.3,0,0
3527.5,0.3,0,0
3527.6,0.3,0,0
3527.7,0.3,0,0
3527.8,0.3,0,0
3528,0.3,0,0
3528.1,0.3,0,0
3528.2,0.3,0,0
3528.3,0.3,0,0
3528.4,0.3,0,0
3528.5,0.3,0,0
3528.6,0.3,0,0
3528.7,0.3,0,0
3528.8,0.3,0,0
3528.9,0.3,0,0
3529,0.3,0,0
3529.1,0.3,0,0
3529.2,0.3,0,0
3529.3,0.3,0,0
3529.4,0.3,0,0
3529.5,0.3,0,0
3529.7,0.3,0,0
3529.8,0.3,0,0
3529.9,0.3,0,0
3530,0.3,0,0
3530.1,0.3,0,0
3530.2,0.3,0,0
3530.3,0.3,0,0
3530.4,0.3,0,0
3530.5,0.3,0,0
3530.6,0.3,0,0
3530.7,0.3,0,0
3530.8,0.3,0,0
3530.9,0.3,0,0
3531,0.3,0,0
3531.1,0.3,0,0
3531.2,0.3,0,0
3531.4,0.3,0,0
3531.5,0,0,0
3531.6,0.3,0,0
3531.7,0.3,0,0
3531.8,0.3,0,0
3531.9,0.3,0,0
3532,0.3,0,0
3532.1,0.3,0,0
3532.2,0.3,0,0
3532.3,0.3,0,0
3532.4,0.3,0,0
3532.5,0.3,0,0
3532.6,0.3,0,0
3532.7,0.3,0,0
3532.8,0.3,0,0
3532.9,0.3,0,0
3533.1,0.3,0,0
3533.2,0.3,0,0
3533.3,0.3,0,0
3533.4,0.3,0,0
3533.5,0.3,0,0
3533.6,0.3,0,0
3533.7,0.3,0,0
3533.8,0.3,0,0
3533.9,0.3,0,0
3534,0.3,0,0
3534.1,0.3,0,0
3534.2,0.3,0,0
3534.3,0.3,0,0
3534.4,0.3,0,0
3534.5,0.3,0,0
3534.6,0.3,0,0
3534.7,0.3,0,0
3534.9,0.3,0,0
3535,0.3,0,0
3535.1,0.3,0,0
3535.2,0.3,0,0
3535.3,0.3,0,0
3535.4,0.3,0,0
3535.5,0.3,0,0
3535.6,0.3,0,0
3535.7,0,0,0
3535.8,0.3,0,0
3536,0.3,0,0
3536.1,0.3,0,0
3536.2,0.3,0,0
3536.3,0.3,0,0
3536.4,0.3,0,0
3536.5,0.3,0,0
3536.7,0.3,0,0
3536.8,0.3,0,0
3536.9,0.3,0,0
3537,0.3,0,0
3537.1,0.3,0,0
3537.2,0.3,0,0
3537.4,0.3,0,0
3537.5,0.3,0,0
3537.6,0.3,0,0
3537.7,0.3,0,0
3537.8,0.3,0,0
3537.9,0.3,0,0
3538.1,0.3,0,0
3538.2,0.3,0,0
3538.3,0.3,0,0
3538.4,0.3,0,0
3538.5,0.3,0,0
3538.6,0.3,0,0
3538.8,0.3,0,0
3538.9,0.3,0,0
3539,0.3,0,0
3539.1,0.3,0,0
3539.2,0.3,0,0
3539.3,0.3,0,0
3539.4,0.3,0,0
3539.6,0.3,0,0
3539.7,0.3,0,0
3539.8,0.3,0,0
3539.9,0.3,0,0
3540,0.3,0,0
3540.1,0.3,0,0
3540.3,0.3,0,0
3540.4,0.3,0,0
3540.5,0.3,0,0
3540.6,0.3,0,0
3540.7,0.3,0,0
3540.8,0.3,0,0
3540.9,0.3,0,0
3541,0.3,0,0
3541.1,0.3,0,0
3541.3,0.3,0,0
3541.4,0.3,0,0
3541.5,0,0,0
3541.6,0.3,0,0
3541.7,0.3,0,0
3541.8,0.3,0,0
3541.9,0.3,0,0
3542,0.3,0,0
3542.1,0.3,0,0
3542.2,0.3,0,0
3542.3,0.3,0,0
3542.4,0.3,0,0
3542.5,0.3,0,0
3542.6,0.3,0,0
3542.7,0.3,0,0
3542.8,0.3,0,0
3543,0.3,0,0
3543.1,0.3,0,0
3543.2,0.3,0,0
3543.3,0.3,0,0
3543.4,0.3,0,0
3543.5,0.3,0,0
3543.6,0.3,0,0
3543.7,0.3,0,0
3543.8,0.3,0,0
3543.9,0.3,0,0
3544,0.3,0,0
3544.1,0.3,0,0
3544.2,0.3,0,0
3544.3,0.3,0,0
3544.4,0.3,0,0
3544.5,0.3,0,0
3544.7,0.3,0,0
3544.8,0.3,0,0
3544.9,0.3,0,0
3545,0.3,0,0
3545.1,0.3,0,0
3545.2,0.3,0,0
3545.3,0.3,0,0
3545.4,0.3,0,0
3545.5,0.3,0,0
3545.6,0.3,0,0
3545.7,0.3,0,0
3545.8,0.3,0,0
3545.9,0.3,0,0
3546,0.3,0,0
3546.1,0.3,0,0
3546.3,0.3,0,0
3546.4,0.3,0,0
3546.5,0.3,0,0
3546.6,0.3,0,0
3546.7,0.3,0,0
3546.8,0.3,0,0
3546.9,0.3,0,0
3547,0.3,0,0
3547.1,0.3,0,0
3547.2,0.3,0,0
3547.3,0.3,0,0
3547.4,0.3,0,0
3547.5,0,0,0
3547.6,0.3,0,0
3547.7,0.3,0,0
3547.8,0.3,0,0
3548,0.3,0,0
3548.1,0.3,0,0
3548.2,0.3,0,0
3548.3,0.3,0,0
3548.4,0.3,0,0
3548.5,0.3,0,0
3548.6,0.3,0,0
3548.7,0.3,0,0
3548.8,0.3,0,0
3548.9,0.3,0,0
3549,0.3,0,0
3549.1,0.3,0,0
3549.2,0.3,0,0
3549.3,0.3,0,0
3549.4,0.3,0,0
3549.5,0.3,0,0
3549.7,0.3,0,0
3549.8,0.3,0,0
3549.9,0.3,0,0
3550,0.3,0,0
3550.1,0.3,0,0
3550.2,0.3,0,0
3550.3,0.3,0,0
3550.4,0.3,0,0
3550.5,0.3,0,0
3550.6,0,0,0
3550.7,0.3,0,0
3550.8,0.3,0,0
3550.9,0.3,0,0
3551,0.3,0,0
3551.1,0.3,0,0
3551.2,0.3,0,0
3551.4,0.3,0,0
3551.5,0.3,0,0
3551.6,0.3,0,0
3551.7,0.3,0,0
3551.8,0.3,0,0
3551.9,0.3,0,0
3552,0.3,0,0
3552.1,0.3,0,0
3552.2,0.3,0,0
3552.3,0.3,0,0
3552.4,0.3,0,0
3552.5,0.3,0,0
3552.6,0.3,0,0
3552.7,0.3,0,0
3552.8,0.3,0,0
3553,0.3,0,0
3553.1,0.3,0,0
3553.2,0.3,0,0
3553.3,0.3,0,0
3553.4,0.3,0,0
3553.5,0.3,0,0
3553.6,0.3,0,0
3553.7,0.3,0,0
3553.8,0.3,0,0
3553.9,0.3,0,0
3554,0.3,0,0
3554.1,0.3,0,0
3554.2,0.3,0,0
3554.3,0.3,0,0
3554.4,0.3,0,0
3554.5,0.3,0,0
3554.7,0.3,0,0
3554.8,0.3,0,0
3554.9,0.3,0,0
3555,0.3,0,0
3555.1,0.3,0,0
3555.2,0.3,0,0
3555.3,0.3,0,0
3555.4,0.3,0,0
3555.5,0.3,0,0
3555.6,0.3,0,0
3555.7,0.3,0,0
3555.8,0.3,0,0
3555.9,0.3,0,0
3556,0.3,0,0
3556.1,0.3,0,0
3556.2,0.3,0,0
3556.4,0.3,0,0
3556.5,0.3,0,0
3556.6,0.3,0,0
3556.7,0.3,0,0
3556.8,0.3,0,0
3556.9,0.3,0,0
3557,0.3,0,0
3557.1,0.3,0,0
3557.2,0.3,0,0
3557.3,0.3,0,0
3557.4,0.3,0,0
3557.5,0.3,0,0
3557.6,0.3,0,0
3557.7,0.3,0,0
3557.8,0.3,0,0
3557.9,0.3,0,0
3558.1,0.3,0,0
3558.2,0.3,0,0
3558.3,0.3,0,0
3558.4,0.3,0,0
3558.5,0.3,0,0
3558.6,0.3,0,0
3558.7,0.3,0,0
3558.8,0.3,0,0
3558.9,0.3,0,0
3559,0.3,0,0
3559.1,0.3,0,0
3559.2,0.3,0,0
3559.3,0.3,0,0
3559.4,0.3,0,0
3559.5,0.3,0,0
3559.6,0.3,0,0
3559.8,0.3,0,0
3559.9,0.3,0,0
3560,0.3,0,0
3560.1,0.3,0,0
3560.2,0.3,0,0
3560.3,0.3,0,0
3560.4,0.3,0,0
3560.5,0.3,0,0
3560.6,0.3,0,0
3560.7,0.3,0,0
3560.8,0.3,0,0
3560.9,0.3,0,0
3561,0.3,0,0
3561.1,0.3,0,0
3561.2,0.3,0,0
3561.3,0.3,0,0
3561.5,0.3,0,0
3561.6,0.3,0,0
3561.7,0.3,0,0
3561.8,0,0,0
3561.9,0.3,0,0
3562,0.3,0,0
3562.1,0.3,0,0
3562.2,0.3,0,0
3562.3,0.3,0,0
3562.4,0.3,0,0
3562.5,0.3,0,0
3562.6,0.3,0,0
3562.7,0.3,0,0
3562.8,0.3,0,0
3562.9,0.3,0,0
3563,0.3,0,0
3563.2,0.3,0,0
3563.3,0.3,0,0
3563.4,0.3,0,0
3563.5,0.3,0,0
3563.6,0.3,0,0
3563.7,0.3,0,0
3563.8,0.3,0,0
3563.9,0.3,0,0
3564,0.3,0,0
3564.1,0.3,0,0
3564.2,0.3,0,0
3564.3,0.3,0,0
3564.4,0.3,0,0
3564.5,0.3,0,0
3564.6,0.3,0,0
3564.7,0.3,0,0
3564.9,0.3,0,0
3565,0.3,0,0
3565.1,0.3,0,0
3565.2,0.3,0,0
3565.3,0.3,0,0
3565.4,0.3,0,0
3565.5,0.3,0,0
3565.6,0.3,0,0
3565.7,0.3,0,0
3565.8,0,0,0
3565.9,0.3,0,0
3566,0.3,0,0
3566.1,0.3,0,0
3566.2,0.3,0,0
3566.3,0.3,0,0
3566.4,0.3,0,0
3566.6,0.3,0,0
3566.7,0.3,0,0
3566.8,0.3,0,0
3566.9,0.3,0,0
3567,0.3,0,0
3567.1,0.3,0,0
3567.2,0.3,0,0
3567.3,0.3,0,0
3567.4,0.3,0,0
3567.5,0.3,0,0
3567.6,0.3,0,0
3567.7,0.3,0,0
3567.8,0.3,0,0
3567.9,0.3,0,0
3568,0.3,0,0
3568.1,0.3,0,0
3568.3,0.3,0,0
3568.4,0.3,0,0
3568.5,0.3,0,0
3568.6,0.3,0,0
3568.7,0.3,0,0
3568.8,0.3,0,0
3568.9,0.3,0,0
3569,0.3,0,0
3569.1,0.3,0,0
3569.2,0.3,0,0
3569.3,0.3,0,0
3569.4,0.3,0,0
3569.5,0.3,0,0
3569.6,0.3,0,0
3569.7,0.3,0,0
3569.8,0.3,0,0
3570,0.3,0,0
3570.1,0.3,0,0
3570.2,0.3,0,0
3570.3,0.3,0,0
3570.4,0.3,0,0
3570.5,0.3,0,0
3570.6,0.3,0,0
3570.7,0.3,0,0
3570.8,0.3,0,0
3570.9,0.3,0,0
3571,0.3,0,0
3571.1,0.3,0,0
3571.2,0.3,0,0
3571.3,0.3,0,0
3571.4,0.3,0,0
3571.5,0.3,0,0
3571.7,0.3,0,0
3571.8,0.3,0,0
3571.9,0.3,0,0
3572,0.3,0,0
3572.1,0.3,0,0
3572.2,0.3,0,0
3572.3,0.3,0,0
3572.4,0.3,0,0
3572.5,0.3,0,0
3572.6,0.3,0,0
3572.7,0.3,0,0
3572.8,0.3,0,0
3572.9,0.3,0,0
3573,0.3,0,0
3573.1,0.3,0,0
3573.2,0.3,0,0
3573.4,0.3,0,0
3573.5,0.3,0,0
3573.6,0.3,0,0
3573.7,0.3,0,0
3573.8,0.3,0,0
3573.9,0.3,0,0
3574,0.3,0,0
3574.1,0.3,0,0
3574.2,0.3,0,0
3574.3,0.3,0,0
3574.4,0.3,0,0
3574.5,0.3,0,0
3574.6,0.3,0,0
3574.7,0.3,0,0
3574.8,0.3,0,0
3574.9,0.3,0,0
3575.1,0.3,0,0
3575.2,0.3,0,0
3575.3,0.3,0,0
3575.4,0.3,0,0
3575.5,0.3,0,0
3575.6,0.3,0,0
3575.7,0.3,0,0
3575.8,0.3,0,0
3575.9,0.3,0,0
3576,0.3,0,0
3576.1,0.3,0,0
3576.2,0.3,0,0
3576.3,0.3,0,0
3576.4,0.3,0,0
3576.5,0.3,0,0
3576.6,0.3,0,0
3576.8,0.3,0,0
3576.9,0.3,0,0
3577,0.3,0,0
3577.1,0.3,0,0
3577.2,0.3,0,0
3577.3,0.3,0,0
3577.4,0.3,0,0
3577.5,0.3,0,0
3577.6,0.3,0,0
3577.7,0.3,0,0
3577.8,0.3,0,0
3577.9,0.3,0,0
3578,0.3,0,0
3578.1,0.3,0,0
3578.2,0.3,0,0
3578.3,0.3,0,0
3578.5,0.3,0,0
3578.6,0.3,0,0
3578.7,0.3,0,0
3578.8,0.3,0,0
3578.9,0.3,0,0
3579,0.3,0,0
3579.1,0.3,0,0
3579.2,0.3,0,0
3579.3,0.3,0,0
3579.4,0.3,0,0
3579.5,0.3,0,0
3579.6,0.3,0,0
3579.7,0.3,0,0
3579.8,0.3,0,0
3579.9,0.3,0,0
3580,0.3,0,0
3580.2,0.3,0,0
3580.3,0.3,0,0
3580.4,0.3,0,0
3580.5,0.3,0,0
3580.6,0.3,0,0
3580.7,0.3,0,0
3580.8,0.3,0,0
3580.9,0.3,0,0
3581,0.3,0,0
3581.1,0.3,0,0
3581.2,0.3,0,0
3581.3,0.3,0,0
3581.4,0.3,0,0
3581.5,0.3,0,0
3581.6,0.3,0,0
3581.7,0.3,0,0
3581.9,0.3,0,0
3582,0.3,0,0
3582.1,0.3,0,0
3582.2,0.3,0,0
3582.3,0.3,0,0
3582.4,0.3,0,0
3582.5,0.3,0,0
3582.6,0.3,0,0
3582.7,0.3,0,0
3582.8,0.3,0,0
3582.9,0.3,0,0
3583,0.3,0,0
3583.1,0.3,0,0
3583.2,0.3,0,0
3583.3,0.3,0,0
3583.4,0.3,0,0
3583.5,0.3,0,0
3583.7,0.3,0,0
3583.8,0.3,0,0
3583.9,0.3,0,0
3584,0.3,0,0
3584.1,0.3,0,0
3584.2,0.3,0,0
3584.3,0.3,0,0
3584.4,0.3,0,0
3584.5,0.3,0,0
3584.6,0.3,0,0
3584.7,0.3,0,0
3584.8,0.3,0,0
3584.9,0.3,0,0
3585,0.3,0,0
3585.1,0.3,0,0
3585.2,0.3,0,0
3585.4,0.3,0,0
3585.5,0.3,0,0
3585.6,0.3,0,0
3585.7,0.3,0,0
3585.8,0.3,0,0
3585.9,0.3,0,0
3586,0.3,0,0
3586.1,0.3,0,0
3586.2,0.3,0,0
3586.3,0.3,0,0
3586.4,0.3,0,0
3586.5,0.3,0,0
3586.6,0.3,0,0
3586.7,0.3,0,0
3586.8,0.3,0,0
3586.9,0.3,0,0
3587.1,0.3,0,0
3587.2,0.3,0,0
3587.3,0.3,0,0
3587.4,0.3,0,0
3587.5,0.3,0,0
3587.6,0.3,0,0
3587.7,0.3,0,0
3587.8,0.3,0,0
3587.9,0.3,0,0
3588,0.3,0,0
3588.1,0.3,0,0
3588.2,0.3,0,0
3588.3,0.3,0,0
3588.4,0.3,0,0
3588.5,0.3,0,0
3588.6,0.3,0,0
3588.7,0.3,0,0
3588.9,0.3,0,0
3589,0.3,0,0
3589.1,0.3,0,0
3589.2,0.3,0,0
3589.3,0.3,0,0
3589.4,0.3,0,0
3589.5,0.3,0,0
3589.6,0.3,0,0
3589.7,0.3,0,0
3589.8,0.3,0,0
3589.9,0.3,0,0
3590,0.3,0,0
3590.1,0.3,0,0
3590.2,0.3,0,0
3590.3,0,0,0
3590.4,0.3,0,0
3590.5,0.3,0,0
3590.7,0.3,0,0
3590.8,0.3,0,0
3590.9,0.3,0,0
3591,0.3,0,0
3591.1,0.3,0,0
3591.2,0.3,0,0
3591.3,0.3,0,0
3591.4,0.3,0,0
3591.5,0.3,0,0
3591.6,0.3,0,0
3591.7,0.3,0,0
3591.8,0.3,0,0
3591.9,0.3,0,0
3592,0.3,0,0
3592.1,0.3,0,0
3592.2,0,0,0
3592.3,0.3,0,0
3592.5,0.3,0,0
3592.6,0.3,0,0
3592.7,0.3,0,0
3592.8,0.3,0,0
3592.9,0.3,0,0
3593,0.3,0,0
3593.1,0.3,0,0
3593.2,0.3,0,0
3593.3,0.3,0,0
3593.4,0.3,0,0
3593.5,0.3,0,0
3593.6,0.3,0,0
3593.7,0.3,0,0
3593.8,0.3,0,0
3593.9,0.3,0,0
3594,0.3,0,0
3594.2,0.3,0,0
3594.3,0.3,0,0
3594.4,0.3,0,0
3594.5,0.3,0,0
3594.6,0.3,0,0
3594.7,0.3,0,0
3594.8,0.3,0,0
3594.9,0.3,0,0
3595,0.3,0,0
3595.1,0.3,0,0
3595.2,0.3,0,0
3595.3,0.3,0,0
3595.4,0.3,0,0
3595.5,0.3,0,0
3595.6,0.3,0,0
3595.7,0.3,0,0
3595.8,0.3,0,0
3596,0.3,0,0
3596.1,0.3,0,0
3596.2,0.3,0,0
3596.3,0.3,0,0
3596.4,0.3,0,0
3596.5,0.3,0,0
3596.6,0.3,0,0
3596.7,0.3,0,0
3596.8,0.3,0,0
3596.9,0.3,0,0
3597,0.3,0,0
3597.1,0.3,0,0
3597.2,0.3,0,0
3597.3,0.3,0,0
3597.4,0.3,0,0
3597.6,0.3,0,0
3597.7,0.3,0,0
3597.8,0.3,0,0
3597.9,0.3,0,0
3598,0,0,0
3598.1,0.3,0,0
3598.2,0.3,0,0
3598.3,0.3,0,0
3598.4,0.3,0,0
3598.5,0.3,0,0
3598.6,0.3,0,0
3598.7,0.3,0,0
3598.8,0.3,0,0
3598.9,0.3,0,0
3599,0.3,0,0
3599.1,0.3,0,0
3599.2,0.3,0,0
3599.4,0.3,0,0
3599.5,0.3,0,0
3599.6,0.3,0,0
3599.7,0.3,0,0
3599.8,0.3,0,0
3599.9,0.3,0,0
3600,0.3,0,0
3600.1,0.3,0,0
3600.2,0.3,0,0
3600.3,0.3,0,0
3600.4,0.3,0,0
3600.5,0.3,0,0
3600.6,0.3,0,0
3600.7,0.3,0,0
3600.8,0.3,0,0
3600.9,0.3,0,0
3601.1,0.3,0,0
3601.2,0.3,0,0
3601.3,0.3,0,0
3601.4,0.3,0,0
3601.5,0.3,0,0
3601.6,0,0,0
3601.7,0.3,0,0
3601.8,0.3,0,0
3601.9,0.3,0,0
3602,0.3,0,0
3602.1,0.3,0,0
3602.2,0.3,0,0
3602.3,0.3,0,0
3602.4,0.3,0,0
3602.5,0.3,0,0
3602.6,0.3,0,0
3602.8,0.3,0,0
3602.9,0.3,0,0
3603,0.3,0,0
3603.1,0.3,0,0
3603.2,0.3,0,0
3603.3,0.3,0,0
3603.4,0.3,0,0
3603.5,0.3,0,0
3603.6,0.3,0,0
3603.7,0.3,0,0
3603.8,0.3,0,0
3603.9,0.3,0,0
3604,0.3,0,0
3604.1,0.3,0,0
3604.2,0.3,0,0
3604.3,0.3,0,0
3604.4,0.3,0,0
3604.6,0.3,0,0
3604.7,0.3,0,0
3604.8,0.3,0,0
3604.9,0.3,0,0
3605,0.3,0,0
3605.1,0.3,0,0
3605.2,0,0,0
3605.3,0.3,0,0
3605.4,0.3,0,0
3605.5,0.3,0,0
3605.6,0.3,0,0
3605.7,0.3,0,0
3605.8,0.3,0,0
3605.9,0.3,0,0
3606,0.3,0,0
3606.1,0.3,0,0
3606.3,0.3,0,0
3606.4,0.3,0,0
3606.5,0.3,0,0
3606.6,0.3,0,0
3606.7,0.3,0,0
3606.8,0,0,0
3606.9,0.3,0,0
3607,0.3,0,0
3607.1,0.3,0,0
3607.2,0.3,0,0
3607.3,0.3,0,0
3607.4,0.3,0,0
3607.5,0.3,0,0
3607.6,0.3,0,0
3607.7,0.3,0,0
3607.8,0.3,0,0
3607.9,0.3,0,0
3608.1,0.3,0,0
3608.2,0.3,0,0
3608.3,0.3,0,0
3608.4,0.3,0,0
3608.5,0.3,0,0
3608.6,0.3,0,0
3608.7,0.3,0,0
3608.8,0,0,0
3608.9,0.3,0,0
3609,0.3,0,0
3609.1,0.3,0,0
3609.2,0.3,0,0
3609.3,0.3,0,0
3609.4,0.3,0,0
3609.5,0.3,0,0
3609.6,0.3,0,0
3609.8,0.3,0,0
3609.9,0.3,0,0
3610,0.3,0,0
3610.1,0.3,0,0
3610.2,0.3,0,0
3610.3,0.3,0,0
3610.4,0.3,0,0
3610.5,0.3,0,0
3610.6,0,0,0
3610.7,0.3,0,0
3610.8,0,0,0
3610.9,0.3,0,0
3611,0.3,0,0
3611.1,0.3,0,0
3611.2,0.3,0,0
3611.3,0.3,0,0
3611.5,0.3,0,0
3611.6,0.3,0,0
3611.7,0.3,0,0
3611.8,0.3,0,0
3611.9,0.3,0,0
3612,0.3,0,0
3612.1,0.3,0,0
3612.2,0.3,0,0
3612.3,0.3,0,0
3612.4,0.3,0,0
3612.5,0,0,0
3612.6,0,0,0
3612.7,0,0,0
3612.8,0,0,0
3612.9,0.3,0,0
3613,0.3,0,0
3613.2,0.3,0,0
3613.3,0,0,0
3613.4,0,0,0
3613.5,0,0,0
3613.6,0,0,0
3613.7,0,0,0
3613.8,0,0,0
3613.9,0,0,0
3614,0,0,0
3614.1,0,0,0
3614.2,0,0,0
3614.3,0,0,0
3614.4,0,0,0
3614.5,0,0,0
3614.6,0,0,0
3614.7,0,0,0
3614.9,0,0,0
3615,0,0,0
3615.1,0,0,0
3615.2,0,0,0
3615.3,0,0,0
3615.4,0,0,0
3615.5,0,0,0
3615.6,0,0,0
3615.7,0,0,0
3615.8,0,0,0
3615.9,0,0,0
3616,0,0,0
3616.1,0,0,0
3616.2,0,0,0
3616.3,0,0,0
3616.4,0,0,0
3616.6,0,0,0
3616.7,0,0,0
3616.8,0,0,0
3616.9,0,0,0
3617,0,0,0
3617.1,0,0,0
3617.2,0,0,0
3617.3,0,0,0
3617.4,0,0,0
3617.5,0,0,0
3617.6,0,0,0
3617.7,0,0,0
3617.8,0,0,0
3617.9,0,0,0
3618,0,0,0
3618.1,0,0,0
3618.2,0,0,0
3618.4,0,0,0
3618.5,0,0,0
3618.6,0,0,0
3618.7,0,0,0
3618.8,0,0,0
3618.9,0,0,0
3619,0,0,0
3619.1,0,0,0
3619.2,0,0,0
3619.3,0,0,0
3619.4,0,0,0
3619.5,0,0,0
3619.6,0,0,0
3619.7,0,0,0
3619.8,0,0,0
3619.9,0,0,0
3620.1,0,0,0
3620.2,0,0,0
3620.3,0,0,0
3620.4,0,0,0
3620.5,0,0,0
3620.6,0,0,0
3620.7,0,0,0
3620.8,0,0,0
3620.9,0,0,0
3621,0,0,0
3621.1,0,0,0
3621.2,0,0,0
3621.3,0,0,0
3621.4,0,0,0
3621.5,0,0,0
3621.6,0,0,0
3621.7,0,0,0
3621.9,0,0,0
3622,0,0,0
3622.1,0,0,0
3622.2,0,0,0
3622.3,0,0,0
3622.4,0,0,0
3622.5,0,0,0
3622.6,0,0,0
3622.7,0,0,0
3622.8,0,0,0
3622.9,0,0,0
3623,0,0,0
3623.1,0,0,0
3623.2,0,0,0
3623.3,0,0,0
3623.5,0,0,0
3623.6,0,0,0
3623.7,0,0,0
3623.8,0,0,0
3623.9,0,0,0
3624,0,0,0
3624.1,0,0,0
3624.2,0,0,0
3624.3,0,0,0
3624.4,0,0,0
3624.5,0,0,0
3624.6,0,0,0
3624.7,0,0,0
3624.8,0,0,0
3624.9,0,0,0
3625,0,0,0
3625.2,0,0,0
3625.3,0,0,0
3625.4,0,0,0
3625.5,0,0,0
3625.6,0,0,0
3625.7,0,0,0
3625.8,0,0,0
3625.9,0,0,0
3626,0,0,0
3626.1,0,0,0
3626.2,0,0,0
3626.3,0,0,0
3626.4,0,0,0
3626.5,0,0,0
3626.6,0,0,0
3626.7,0,0,0
3626.9,0,0,0
3627,0,0,0
3627.1,0,0,0
3627.2,0,0,0
3627.3,0,0,0
3627.4,0,0,0
3627.5,0,0,0
3627.6,0,0,0
3627.7,0,0,0
3627.8,0,0,0
3627.9,0,0,0
3628,0,0,0
3628.1,0,0,0
3628.2,0,0,0
3628.3,0,0,0
3628.4,0,0,0
3628.5,0,0,0
3628.7,0,0,0
3628.8,0,0,0
3628.9,0,0,0
3629,0,0,0
3629.1,0,0,0
3629.2,0,0,0
3629.3,0,0,0
3629.4,0,0,0
3629.5,0,0,0
3629.6,0,0,0
3629.7,0,0,0
3629.8,0,0,0
3629.9,0,0,0
3630,0,0,0
3630.1,0,0,0
3630.2,0,0,0
3630.4,0,0,0
3630.5,0,0,0
3630.6,0,0,0
3630.7,0,0,0
3630.8,0,0,0
3630.9,0,0,0
3631,0,0,0
3631.1,0,0,0
3631.2,0,0,0
3631.3,0,0,0
3631.4,0,0,0
3631.5,0,0,0
3631.6,0,0,0
3631.7,0,0,0
3631.8,0,0,0
3631.9,0,0,0
3632,0,0,0
3632.2,0,0,0
3632.3,0,0,0
3632.4,0,0,0
3632.5,0,0,0
3632.6,0,0,0
3632.7,0,0,0
3632.8,0,0,0
3632.9,0,0,0
3633,0,0,0
3633.1,0,0,0
3633.2,0,0,0
3633.3,0,0,0
3633.4,0,0,0
3633.5,0,0,0
3633.6,0,0,0
3633.7,0,0,0
3633.9,0,0,0
3634,0,0,0
3634.1,0,0,0
3634.2,0,0,0
3634.3,0,0,0
3634.4,0,0,0
3634.5,0,0,0
3634.6,0,0,0
3634.7,0,0,0
3634.8,0,0,0
3634.9,0,0,0
3635,0,0,0
3635.1,0,0,0
3635.2,0,0,0
3635.3,0,0,0
3635.4,0,0,0
3635.5,0,0,0
3635.7,0,0,0
3635.8,0,0,0
3635.9,0,0,0
3636,0,0,0
3636.1,0,0,0
3636.2,0,0,0
3636.3,0,0,0
3636.4,0,0,0
3636.5,0,0,0
3636.6,0,0,0
3636.7,0,0,0
3636.8,0,0,0
3636.9,0,0,0
3637,0,0,0
3637.1,0,0,0
3637.2,0,0,0
3637.4,0,0,0
3637.5,0,0,0
3637.6,0,0,0
3637.7,0,0,0
3637.8,0,0,0
3637.9,0,0,0
3638,0,0,0
3638.1,0,0,0
3638.2,0,0,0
3638.3,0,0,0
3638.4,0,0,0
3638.5,0,0,0
3638.6,0,0,0
3638.7,0,0,0
3638.8,0,0,0
3638.9,0,0,0
3639.1,0,0,0
3639.2,0,0,0
3639.3,0,0,0
3639.4,0,0,0
3639.5,0,0,0
3639.6,0,0,0
3639.7,0,0,0
3639.8,0,0,0
3639.9,0,0,0
3640,0,0,0
3640.1,0,0,0
3640.2,0,0,0
3640.3,0,0,0
3640.4,0,0,0
3640.5,0,0,0
3640.6,0,0,0
3640.8,0,0,0
3640.9,0,0,0
3641,0,0,0
3641.1,0,0,0
3641.2,0,0,0
3641.3,0,0,0
3641.4,0,0,0
3641.5,0,0,0
3641.6,0,0,0
3641.7,0,0,0
3641.8,0,0,0
3641.9,0,0,0
3642,0,0,0
3642.1,0,0,0
3642.2,0,0,0
3642.3,0,0,0
3642.4,0,0,0
3642.6,0,0,0
3642.7,0,0,0
3642.8,0,0,0
3642.9,0,0,0
3643,0,0,0
3643.1,0,0,0
3643.2,0,0,0
3643.3,0,0,0
3643.4,0,0,0
3643.5,0,0,0
3643.6,0,0,0
3643.7,0,0,0
3643.8,0,0,0
3643.9,0,0,0
3644,0,0,0
3644.2,0,0,0
3644.3,0,0,0
3644.4,0,0,0
3644.5,0,0,0
3644.6,0,0,0
3644.7,0,0,0
3644.8,0,0,0
3644.9,0,0,0
3645,0,0,0
3645.1,0,0,0
3645.2,0,0,0
3645.3,0,0,0
3645.4,0,0,0
3645.5,0,0,0
3645.6,0,0,0
3645.7,0,0,0
3645.9,0,0,0
3646,0,0,0
3646.1,0,0,0
3646.2,0,0,0
3646.3,0,0,0
3646.4,0,0,0
3646.5,0,0,0
3646.6,0,0,0
3646.7,0,0,0
3646.8,0,0,0
3646.9,0,0,0
3647,0,0,0
3647.1,0,0,0
3647.2,0,0,0
3647.3,0,0,0
3647.4,0,0,0
3647.6,0,0,0
3647.7,0,0,0
3647.8,0,0,0
3647.9,0,0,0
3648,0,0,0
3648.1,0,0,0
3648.2,0,0,0
3648.3,0,0,0
3648.4,0,0,0
3648.5,0,0,0
3648.6,0,0,0
3648.7,0,0,0
3648.8,0,0,0
3648.9,0,0,0
3649,0,0,0
3649.2,0,0,0
3649.3,0,0,0
3649.4,0,0,0
3649.5,0,0,0
3649.6,0,0,0
3649.7,0,0,0
3649.8,0,0,0
3649.9,0,0,0
3650,0,0,0
3650.1,0,0,0
3650.2,0,0,0
3650.3,0,0,0
3650.4,0,0,0
3650.5,0,0,0
3650.6,0,0,0
3650.7,0,0,0
3650.9,0,0,0
3651,0,0,0
3651.1,0,0,0
3651.2,0,0,0
3651.3,0,0,0
3651.4,0,0,0
3651.5,0,0,0
3651.6,0,0,0
3651.7,0,0,0
3651.8,0,0,0
3651.9,0,0,0
3652,0,0,0
3652.1,0,0,0
3652.2,0,0,0
3652.3,0,0,0
3652.4,0,0,0
3652.5,0,0,0
3652.7,0,0,0
3652.8,0,0,0
3652.9,0,0,0
3653,0,0,0
3653.1,0,0,0
3653.2,0,0,0
3653.3,0,0,0
3653.4,0,0,0
3653.5,0,0,0
3653.6,0,0,0
3653.7,0,0,0
3653.8,0,0,0
3653.9,0,0,0
3654,0,0,0
3654.1,0,0,0
3654.2,0,0,0
3654.4,0,0,0
3654.5,0,0,0
3654.6,0,0,0
3654.7,0,0,0
3654.8,0,0,0
3654.9,0,0,0
3655,0,0,0
3655.1,0,0,0
3655.2,0,0,0
3655.3,0,0,0
3655.4,0,0,0
3655.5,0,0,0
3655.6,0,0,0
3655.7,0,0,0
3655.8,0,0,0
3656,0,0,0
3656.1,0,0,0
3656.2,0,0,0
3656.3,0,0,0
3656.4,0,0,0
3656.5,0,0,0
3656.6,0,0,0
3656.7,0,0,0
3656.8,0,0,0
3656.9,0,0,0
3657,0,0,0
3657.1,0,0,0
3657.2,0,0,0
3657.3,0,0,0
3657.4,0,0,0
3657.5,0,0,0
3657.7,0,0,0
3657.8,0,0,0
3657.9,0,0,0
3658,0,0,0
3658.1,0,0,0
3658.2,0,0,0
3658.3,0,0,0
3658.4,0,0,0
3658.5,0,0,0
3658.6,0,0,0
3658.7,0,0,0
3658.8,0,0,0
3658.9,0,0,0
3659,0,0,0
3659.1,0,0,0
3659.2,0,0,0
3659.4,0,0,0
3659.5,0,0,0
3659.6,0,0,0
3659.7,0,0,0
3659.8,0,0,0
3659.9,0,0,0
3660,0,0,0
3660.1,0,0,0
3660.2,0,0,0
3660.3,0,0,0
3660.4,0,0,0
3660.5,0,0,0
3660.6,0,0,0
3660.7,0,0,0
3660.8,0,0,0
3660.9,0,0,0
3661,0,0,0
3661.2,0,0,0
3661.3,0,0,0
3661.4,0,0,0
3661.5,0,0,0
3661.6,0,0,0
3661.7,0,0,0
3661.8,0,0,0
3661.9,0,0,0
3662,0,0,0
3662.1,0,0,0
3662.2,0,0,0
3662.3,0,0,0
3662.4,0,0,0
3662.5,0,0,0
3662.6,0,0,0
3662.7,0,0,0
3662.9,0,0,0
3663,0,0,0
3663.1,0,0,0
3663.2,0,0,0
3663.3,0,0,0
3663.4,0,0,0
3663.5,0,0,0
3663.6,0,0,0
3663.7,0,0,0
3663.8,0,0,0
3663.9,0,0,0
3664,0,0,0
3664.1,0,0,0
3664.2,0,0,0
3664.3,0,0,0
3664.5,0,0,0
3664.6,0,0,0
3664.7,0,0,0
3664.8,0,0,0
3664.9,0,0,0
3665,0,0,0
3665.1,0,0,0
3665.2,0,0,0
3665.3,0,0,0
3665.4,0,0,0
3665.5,0,0,0
3665.6,0,0,0
3665.7,0,0,0
3665.8,0,0,0
3665.9,0,0,0
3666,0,0,0
3666.1,0,0,0
3666.3,0,0,0
3666.4,0,0,0
3666.5,0,0,0
3666.6,0,0,0
3666.7,0,0,0
3666.8,0,0,0
3666.9,0,0,0
3667,0,0,0
3667.1,0,0,0
3667.2,0,0,0
3667.3,0,0,0
3667.4,0,0,0
3667.5,0,0,0
3667.6,0,0,0
3667.7,0,0,0
3667.8,0,0,0
3668,0,0,0
3668.1,0,0,0
3668.2,0,0,0
3668.3,0,0,0
3668.4,0,0,0
3668.5,0,0,0
3668.6,0,0,0
3668.7,0,0,0
3668.8,0,0,0
3668.9,0,0,0
3669,0,0,0
3669.1,0,0,0
3669.2,0,0,0
3669.3,0,0,0
3669.4,0,0,0
3669.5,0,0,0
3669.7,0,0,0
3669.8,0,0,0
3669.9,0,0,0
3670,0,0,0
3670.1,0,0,0
3670.2,0,0,0
3670.3,0,0,0
3670.4,0,0,0
3670.5,0,0,0
3670.6,0,0,0
3670.7,0,0,0
3670.8,0,0,0
3670.9,0,0,0
3671,0,0,0
3671.1,0,0,0
3671.2,0,0,0
3671.3,0,0,0
3671.5,0,0,0
3671.6,0,0,0
3671.7,0,0,0
3671.8,0,0,0
3671.9,0,0,0
3672,0,0,0
3672.1,0,0,0
3672.2,0,0,0
3672.3,0,0,0
3672.4,0,0,0
3672.5,0,0,0
3672.6,0,0,0
3672.7,0,0,0
3672.8,0,0,0
3672.9,0,0,0
3673,0,0,0
3673.2,0,0,0
3673.3,0,0,0
3673.4,0,0,0
3673.5,0,0,0
3673.6,0,0,0
3673.7,0,0,0
3673.8,0,0,0
3673.9,0,0,0
3674,0,0,0
3674.1,0,0,0
3674.2,0,0,0
3674.3,0,0,0
3674.4,0,0,0
3674.5,0,0,0
3674.6,0,0,0
3674.7,0,0,0
3674.8,0,0,0
3675,0,0,0
3675.1,0,0,0
3675.2,0,0,0
3675.3,0,0,0
3675.4,0,0,0
3675.5,0,0,0
3675.6,0,0,0
3675.7,0,0,0
3675.8,0,0,0
3675.9,0,0,0
3676,0,0,0
3676.1,0,0,0
3676.2,0,0,0
3676.3,0,0,0
3676.4,0,0,0
3676.5,0,0,0
3676.7,0,0,0
3676.8,0,0,0
3676.9,0,0,0
3677,0,0,0
3677.1,0,0,0
3677.2,0,0,0
3677.3,0,0,0
3677.4,0,0,0
3677.5,0,0,0
3677.6,0,0,0
3677.7,0,0,0
3677.8,0,0,0
3677.9,0,0,0
3678,0,0,0
3678.1,0,0,0
3678.2,0,0,0
3678.3,0,0,0
3678.5,0,0,0
3678.6,0,0,0
3678.7,0,0,0
3678.8,0,0,0
3678.9,0,0,0
3679,0,0,0
3679.1,0,0,0
3679.2,0,0,0
3679.3,0,0,0
3679.4,0,0,0
3679.5,0,0,0
3679.6,0,0,0
3679.7,0,0,0
3679.8,0,0,0
3679.9,0,0,0
3680,0,0,0
3680.2,0,0,0
3680.3,0,0,0
3680.4,0,0,0
3680.5,0,0,0
3680.6,0,0,0
3680.7,0,0,0
3680.8,0,0,0
3680.9,0,0,0
3681,0,0,0
3681.1,0,0,0
3681.2,0,0,0
3681.3,0,0,0
3681.4,0,0,0
3681.5,0,0,0
3681.6,0,0,0
3681.8,0,0,0
3681.9,0,0,0
3682,0,0,0
3682.1,0,0,0
3682.2,0,0,0
3682.3,0,0,0
3682.4,0,0,0
3682.5,0,0,0
3682.6,0,0,0
3682.7,0,0,0
3682.8,0,0,0
3682.9,0,0,0
3683,0,0,0
3683.1,0,0,0
3683.2,0,0,0
3683.3,0,0,0
3683.5,0,0,0
3683.6,0,0,0
3683.7,0,0,0
3683.8,0,0,0
3683.9,0,0,0
3684,0,0,0
3684.1,0,0,0
3684.2,0,0,0
3684.3,0,0,0
3684.4,0,0,0
3684.5,0,0,0
3684.6,0,0,0
3684.7,0,0,0
3684.8,0,0,0
3684.9,0,0,0
3685,0,0,0
3685.1,0,0,0
3685.3,0,0,0
3685.4,0,0,0
3685.5,0,0,0
3685.6,0,0,0
3685.7,0,0,0
3685.8,0,0,0
3685.9,0,0,0
3686,0,0,0
3686.1,0,0,0
3686.2,0,0,0
3686.3,0,0,0
3686.4,0,0,0
3686.5,0,0,0
3686.6,0,0,0
3686.7,0,0,0
3686.8,0,0,0
3687,0,0,0
3687.1,0,0,0
3687.2,0,0,0
3687.3,0,0,0
3687.4,0,0,0
3687.5,0,0,0
3687.6,0,0,0
3687.7,0,0,0
3687.8,0,0,0
3687.9,0,0,0
3688,0,0,0
3688.1,0,0,0
3688.2,0,0,0
3688.3,0,0,0
3688.4,0,0,0
3688.5,0,0,0
3688.7,0,0,0
3688.8,0,0,0
3688.9,0,0,0
3689,0,0,0
3689.1,0,0,0
3689.2,0,0,0
3689.3,0,0,0
3689.4,0,0,0
3689.5,0,0,0
3689.6,0,0,0
3689.7,0,0,0
3689.8,0,0,0
3689.9,0,0,0
3690,0,0,0
3690.1,0,0,0
3690.2,0,0,0
3690.3,0,0,0
3690.5,0,0,0
3690.6,0,0,0
3690.7,0,0,0
3690.8,0,0,0
3690.9,0,0,0
3691,0,0,0
3691.1,0,0,0
3691.2,0,0,0
3691.3,0,0,0
3691.4,0,0,0
3691.5,0,0,0
3691.6,0,0,0
3691.7,0,0,0
3691.8,0,0,0
3691.9,0,0,0
3692,0,0,0
3692.2,0,0,0
3692.3,0,0,0
3692.4,0,0,0
3692.5,0,0,0
3692.6,0,0,0
3692.7,0,0,0
3692.8,0,0,0
3692.9,0,0,0
3693,0,0,0
3693.1,0,0,0
3693.2,0,0,0
3693.3,0,0,0
3693.4,0,0,0
3693.5,0,0,0
3693.6,0,0,0
3693.7,0,0,0
3693.8,0,0,0
3694,0,0,0
3694.1,0,0,0
3694.2,0,0,0
3694.3,0,0,0
3694.4,0,0,0
3694.5,0,0,0
3694.6,0,0,0
3694.7,0,0,0
3694.8,0,0,0
3694.9,0,0,0
3695,0,0,0
3695.1,0,0,0
3695.2,0,0,0
3695.3,0,0,0
3695.4,0,0,0
3695.5,0,0,0
3695.7,0,0,0
3695.8,0,0,0
3695.9,0,0,0
3696,0,0,0
3696.1,0,0,0
3696.2,0,0,0
3696.3,0,0,0
3696.4,0,0,0
3696.5,0,0,0
3696.6,0,0,0
3696.7,0,0,0
3696.8,0,0,0
3696.9,0,0,0
3697,0,0,0
3697.1,0,0,0
3697.2,0,0,0
3697.3,0,0,0
3697.5,0,0,0
3697.6,0,0,0
3697.7,0,0,0
3697.8,0,0,0
3697.9,0,0,0
3698,0,0,0
3698.1,0,0,0
3698.2,0,0,0
3698.3,0,0,0
3698.4,0,0,0
3698.5,0,0,0
3698.6,0,0,0
3698.7,0,0,0
3698.8,0,0,0
3698.9,0,0,0
3699,0,0,0
3699.2,0,0,0
3699.3,0,0,0
3699.4,0,0,0
3699.5,0,0,0
3699.6,0,0,0
3699.7,0,0,0
3699.8,0,0,0
3699.9,0,0,0
3700,0,0,0
3700.1,0,0,0
3700.2,0,0,0
3700.3,0,0,0
3700.4,0,0,0
3700.5,0,0,0
3700.6,0,0,0
3700.8,0,0,0
3700.9,0,0,0
3701,0,0,0
3701.1,0,0,0
3701.2,0,0,0
3701.3,0,0,0
3701.4,0,0,0
3701.5,0,0,0
3701.6,0,0,0
3701.7,0,0,0
3701.8,0,0,0
3701.9,0,0,0
3702,0,0,0
3702.1,0,0,0
3702.2,0,0,0
3702.3,0,0,0
3702.4,0,0,0
3702.6,0,0,0
3702.7,0,0,0
3702.8,0,0,0
3702.9,0,0,0
3703,0,0,0
3703.1,0,0,0
3703.2,0,0,0
3703.3,0,0,0
3703.4,0,0,0
3703.5,0,0,0
3703.6,0,0,0
3703.7,0,0,0
3703.8,0,0,0
3703.9,0,0,0
3704,0,0,0
3704.1,0,0,0
3704.2,0,0,0
3704.4,0,0,0
3704.5,0,0,0
3704.6,0,0,0
3704.7,0,0,0
3704.8,0,0,0
3704.9,0,0,0
3705,0,0,0
3705.1,0,0,0
3705.2,0,0,0
3705.3,0,0,0
3705.4,0,0,0
3705.5,0,0,0
3705.6,0,0,0
3705.7,0,0,0
3705.8,0,0,0
3705.9,0,0,0
3706.1,0,0,0
3706.2,0,0,0
3706.3,0,0,0
3706.4,0,0,0
3706.5,0,0,0
3706.6,0,0,0
3706.7,0,0,0
3706.8,0,0,0
3706.9,0,0,0
3707,0,0,0
3707.1,0,0,0
3707.2,0,0,0
3707.3,0,0,0
3707.4,0,0,0
3707.5,0,0,0
3707.6,0,0,0
3707.8,0,0,0
3707.9,0,0,0
3708,0,0,0
3708.1,0,0,0
3708.2,0,0,0
3708.3,0,0,0
3708.4,0,0,0
3708.5,0,0,0
3708.6,0,0,0
3708.7,0,0,0
3708.8,0,0,0
3708.9,0,0,0
3709,0,0,0
3709.1,0,0,0
3709.2,0,0,0
3709.3,0,0,0
3709.4,0,0,0
3709.6,0,0,0
3709.7,0,0,0
3709.8,0,0,0
3709.9,0,0,0
3710,0,0,0
3710.1,0,0,0
3710.2,0,0,0
3710.3,0,0,0
3710.4,0,0,0
3710.5,0,0,0
3710.6,0,0,0
3710.7,0,0,0
3710.8,0,0,0
3710.9,0,0,0
3711,0,0,0
3711.1,0,0,0
3711.3,0,0,0
3711.4,0,0,0
3711.5,0,0,0
3711.6,0,0,0
3711.7,0,0,0
3711.8,0,0,0
3711.9,0,0,0
3712,0,0,0
3712.1,0,0,0
3712.2,0,0,0
3712.3,0,0,0
3712.4,0,0,0
3712.5,0,0,0
3712.6,0,0,0
3712.7,0,0,0
3712.8,0,0,0
3712.9,0,0,0
3713.1,0,0,0
3713.2,0,0,0
3713.3,0,0,0
3713.4,0,0,0
3713.5,0,0,0
3713.6,0,0,0
3713.7,0,0,0
3713.8,0,0,0
3713.9,0,0,0
3714,0,0,0
3714.1,0,0,0
3714.2,0,0,0
3714.3,0,0,0
3714.4,0,0,0
3714.5,0,0,0
3714.7,0,0,0
3714.8,0,0,0
3714.9,0,0,0
3715,0,0,0
3715.1,0,0,0
3715.2,0,0,0
3715.3,0,0,0
3715.4,0,0,0
3715.5,0,0,0
3715.6,0,0,0
3715.7,0,0,0
3715.8,0,0,0
3715.9,0,0,0
3716,0,0,0
3716.1,0,0,0
3716.2,0,0,0
3716.3,0,0,0
3716.5,0,0,0
3716.6,0,0,0
3716.7,0,0,0
3716.8,0,0,0
3716.9,0,0,0
3717,0,0,0
3717.1,0,0,0
3717.2,0,0,0
3717.3,0,0,0
3717.4,0,0,0
3717.5,0,0,0
3717.6,0,0,0
3717.7,0,0,0
3717.8,0,0,0
3717.9,0,0,0
3718,0,0,0
3718.2,0,0,0
3718.3,0,0,0
3718.4,0,0,0
3718.5,0,0,0
3718.6,0,0,0
3718.7,0,0,0
3718.8,0,0,0
3718.9,0,0,0
3719,0,0,0
3719.1,0,0,0
3719.2,0,0,0
3719.3,0,0,0
3719.4,0,0,0
3719.5,0,0,0
3719.6,0,0,0
3719.8,0,0,0
3719.9,0,0,0
3720,0,0,0
3720.1,0,0,0
3720.2,0,0,0
3720.3,0,0,0
3720.4,0,0,0
3720.5,0,0,0
3720.6,0,0,0
3720.7,0,0,0
3720.8,0,0,0
3720.9,0,0,0
3721,0,0,0
3721.1,0,0,0
3721.2,0,0,0
3721.3,0,0,0
3721.5,0,0,0
3721.6,0,0,0
3721.7,0,0,0
3721.8,0,0,0
3721.9,0,0,0
3722,0,0,0
3722.1,0,0,0
3722.2,0,0,0
3722.3,0,0,0
3722.4,0,0,0
3722.5,0,0,0
3722.6,0,0,0
3722.7,0,0,0
3722.8,0,0,0
3722.9,0,0,0
3723,0,0,0
3723.2,0,0,0
3723.3,0,0,0
3723.4,0,0,0
3723.5,0,0,0
3723.6,0,0,0
3723.7,0,0,0
3723.8,0,0,0
3723.9,0,0,0
3724,0,0,0
3724.1,0,0,0
3724.2,0,0,0
3724.3,0,0,0
3724.4,0,0,0
3724.5,0,0,0
3724.6,0,0,0
3724.7,0,0,0
3724.9,0,0,0
3725,0,0,0
3725.1,0,0,0
3725.2,0,0,0
3725.3,0,0,0
3725.4,0,0,0
3725.5,0,0,0
3725.6,0,0,0
3725.7,0,0,0
3725.8,0,0,0
3725.9,0,0,0
3726,0,0,0
3726.1,0,0,0
3726.2,0,0,0
3726.3,0,0,0
3726.4,0,0,0
3726.6,0,0,0
3726.7,0,0,0
3726.8,0,0,0
3726.9,0,0,0
3727,0,0,0
3727.1,0,0,0
3727.2,0,0,0
3727.3,0,0,0
3727.4,0,0,0
3727.5,0,0,0
3727.6,0,0,0
3727.7,0,0,0
3727.8,0,0,0
3727.9,0,0,0
3728,0,0,0
3728.1,0,0,0
3728.2,0,0,0
3728.4,0,0,0
3728.5,0,0,0
3728.6,0,0,0
3728.7,0,0,0
3728.8,0,0,0
3728.9,0,0,0
3729,0,0,0
3729.1,0,0,0
3729.2,0,0,0
3729.3,0,0,0
3729.4,0,0,0
3729.5,0,0,0
3729.6,0,0,0
3729.7,0,0,0
3729.8,0,0,0
3729.9,0,0,0
3730.1,0,0,0
3730.2,0,0,0
3730.3,0,0,0
3730.4,0,0,0
3730.5,0,0,0
3730.6,0,0,0
3730.7,0,0,0
3730.8,0,0,0
3730.9,0,0,0
3731,0,0,0
3731.1,0,0,0
3731.2,0,0,0
3731.3,0,0,0
3731.4,0,0,0
3731.5,0,0,0
3731.6,0,0,0
3731.8,0,0,0
3731.9,0,0,0
3732,0,0,0
3732.1,0,0,0
3732.2,0,0,0
3732.3,0,0,0
3732.4,0,0,0
3732.5,0,0,0
3732.6,0,0,0
3732.7,0,0,0
3732.8,0,0,0
3732.9,0,0,0
3733,0,0,0
3733.1,0,0,0
3733.2,0,0,0
3733.3,0,0,0
3733.4,0,0,0
3733.6,0,0,0
3733.7,0,0,0
3733.8,0,0,0
3733.9,0,0,0
3734,0,0,0
3734.1,0,0,0
3734.2,0,0,0
3734.3,0,0,0
3734.4,0,0,0
3734.5,0,0,0
3734.6,0,0,0
3734.7,0,0,0
3734.8,0,0,0
3734.9,0,0,0
3735,0,0,0
3735.2,0,0,0
3735.3,0,0,0
3735.4,0,0,0
3735.5,0,0,0
3735.6,0,0,0
3735.7,0,0,0
3735.8,0,0,0
3735.9,0,0,0
3736,0,0,0
3736.1,0,0,0
3736.2,0,0,0
3736.3,0,0,0
3736.4,0,0,0
3736.5,0,0,0
3736.6,0,0,0
3736.7,0,0,0
3736.9,0,0,0
3737,0,0,0
3737.1,0,0,0
3737.2,0,0,0
3737.3,0,0,0
3737.4,0,0,0
3737.5,0,0,0
3737.6,0,0,0
3737.7,0,0,0
3737.8,0,0,0
3737.9,0,0,0
3738,0,0,0
3738.1,0,0,0
3738.2,0,0,0
3738.3,0,0,0
3738.4,0,0,0
3738.6,0,0,0
3738.7,0,0,0
3738.8,0,0,0
3738.9,0,0,0
3739,0,0,0
3739.1,0,0,0
3739.2,0,0,0
3739.3,0,0,0
3739.4,0,0,0
3739.5,0,0,0
3739.6,0,0,0
3739.7,0,0,0
3739.8,0,0,0
3739.9,0,0,0
3740,0,0,0
3740.1,0,0,0
3740.3,0,0,0
3740.4,0,0,0
3740.5,0,0,0
3740.6,0,0,0
3740.7,0,0,0
3740.8,0,0,0
3740.9,0,0,0
3741,0,0,0
3741.1,0,0,0
3741.2,0,0,0
3741.3,0,0,0
3741.4,0,0,0
3741.5,0,0,0
3741.6,0,0,0
3741.7,0,0,0
3741.8,0,0,0
3742,0,0,0
3742.1,0,0,0
3742.2,0,0,0
3742.3,0,0,0
3742.4,0,0,0
3742.5,0,0,0
3742.6,0,0,0
3742.7,0,0,0
3742.8,0,0,0
3742.9,0,0,0
3743,0,0,0
3743.1,0,0,0
3743.2,0,0,0
3743.3,0,0,0
3743.4,0,0,0
3743.5,0,0,0
3743.6,0,0,0
3743.8,0,0,0
3743.9,0,0,0
3744,0,0,0
3744.1,0,0,0
3744.2,0,0,0
3744.3,0,0,0
3744.4,0,0,0
3744.5,0,0,0
3744.6,0,0,0
3744.7,0,0,0
3744.8,0,0,0
3744.9,0,0,0
3745,0,0,0
3745.1,0,0,0
3745.2,0,0,0
3745.3,0,0,0
3745.5,0,0,0
3745.6,0,0,0
3745.7,0,0,0
3745.8,0,0,0
3745.9,0,0,0
3746,0,0,0
3746.1,0,0,0
3746.2,0,0,0
3746.3,0,0,0
3746.4,0,0,0
3746.5,0,0,0
3746.6,0,0,0
3746.7,0,0,0
3746.8,0,0,0
3746.9,0,0,0
3747,0,0,0
3747.1,0,0,0
3747.3,0,0,0
3747.4,0,0,0
3747.5,0,0,0
3747.6,0,0,0
3747.7,0,0,0
3747.8,0,0,0
3747.9,0,0,0
3748,0,0,0
3748.1,0,0,0
3748.2,0,0,0
3748.3,0,0,0
3748.4,0,0,0
3748.5,0,0,0
3748.6,0,0,0
3748.7,0,0,0
3748.8,0,0,0
3749,0,0,0
3749.1,0,0,0
3749.2,0,0,0
3749.3,0,0,0
3749.4,0,0,0
3749.5,0,0,0
3749.6,0,0,0
3749.7,0,0,0
3749.8,0,0,0
3749.9,0,0,0
3750,0,0,0
3750.1,0,0,0
3750.2,0,0,0
3750.3,0,0,0
3750.4,0,0,0
3750.5,0,0,0
3750.7,0,0,0
3750.8,0,0,0
3750.9,0,0,0
3751,0,0,0
3751.1,0,0,0
3751.2,0,0,0
3751.3,0,0,0
3751.4,0,0,0
3751.5,0,0,0
3751.6,0,0,0
3751.7,0,0,0
3751.8,0,0,0
3751.9,0,0,0
3752,0,0,0
3752.1,0,0,0
3752.2,0,0,0
3752.3,0,0,0
3752.5,0,0,0
3752.6,0,0,0
3752.7,0,0,0
3752.8,0,0,0
3752.9,0,0,0
3753,0,0,0
3753.1,0,0,0
3753.2,0,0,0
3753.3,0,0,0
3753.4,0,0,0
3753.5,0,0,0
3753.6,0,0,0
3753.7,0,0,0
3753.8,0,0,0
3753.9,0,0,0
3754,0,0,0
3754.1,0,0,0
3754.3,0,0,0
3754.4,0,0,0
3754.5,0,0,0
3754.6,0,0,0
3754.7,0,0,0
3754.8,0,0,0
3754.9,0,0,0
3755,0,0,0
3755.1,0,0,0
3755.2,0,0,0
3755.3,0,0,0
3755.4,0,0,0
3755.5,0,0,0
3755.6,0,0,0
3755.7,0,0,0
3755.8,0,0,0
3756,0,0,0
3756.1,0,0,0
3756.2,0,0,0
3756.3,0,0,0
3756.4,0,0,0
3756.5,0,0,0
3756.6,0,0,0
3756.7,0,0,0
3756.8,0,0,0
3756.9,0,0,0
3757,0,0,0
3757.1,0,0,0
3757.2,0,0,0
3757.3,0,0,0
3757.4,0,0,0
3757.6,0,0,0
3757.7,0,0,0
3757.8,0,0,0
3757.9,0,0,0
3758,0,0,0
3758.1,0,0,0
3758.2,0,0,0
3758.3,0,0,0
3758.4,0,0,0
3758.5,0,0,0
3758.6,0,0,0
3758.7,0,0,0
3758.8,0,0,0
3758.9,0,0,0
3759,0,0,0
3759.1,0,0,0
3759.3,0,0,0
3759.4,0,0,0
3759.5,0,0,0
3759.6,0,0,0
3759.7,0,0,0
3759.8,0,0,0
3759.9,0,0,0
3760,0,0,0
3760.1,0,0,0
3760.2,0,0,0
3760.3,0,0,0
3760.4,0,0,0
3760.5,0,0,0
3760.6,0,0,0
3760.7,0,0,0
3760.8,0,0,0
3760.9,0,0,0
3761.1,0,0,0
3761.2,0,0,0
3761.3,0,0,0
3761.4,0,0,0
3761.5,0,0,0
3761.6,0,0,0
3761.7,0,0,0
3761.8,0,0,0
3761.9,0,0,0
3762,0,0,0
3762.1,0,0,0
3762.2,0,0,0
3762.3,0,0,0
3762.4,0,0,0
3762.5,0,0,0
3762.6,0,0,0
3762.8,0,0,0
3762.9,0,0,0
3763,0,0,0
3763.1,0,0,0
3763.2,0,0,0
3763.3,0,0,0
3763.4,0,0,0
3763.5,0,0,0
3763.6,0,0,0
3763.7,0,0,0
3763.8,0,0,0
3763.9,0,0,0
3764,0,0,0
3764.1,0,0,0
3764.2,0,0,0
3764.3,0,0,0
3764.5,0,0,0
3764.6,0,0,0
3764.7,0,0,0
3764.8,0,0,0
3764.9,0,0,0
3765,0,0,0
3765.1,0,0,0
3765.2,0,0,0
3765.3,0,0,0
3765.4,0,0,0
3765.5,0,0,0
3765.6,0,0,0
3765.7,0,0,0
3765.8,0,0,0
3765.9,0,0,0
3766,0,0,0
3766.2,0,0,0
3766.3,0,0,0
3766.4,0,0,0
3766.5,0,0,0
3766.6,0,0,0
3766.7,0,0,0
3766.8,0,0,0
3766.9,0,0,0
3767,0,0,0
3767.1,0,0,0
3767.2,0,0,0
3767.3,0,0,0
3767.4,0,0,0
3767.5,0,0,0
3767.6,0,0,0
3767.7,0,0,0
3767.8,0,0,0
3768,0,0,0
3768.1,0,0,0
3768.2,0,0,0
3768.3,0,0,0
3768.4,0,0,0
3768.5,0,0,0
3768.6,0,0,0
3768.7,0,0,0
3768.8,0,0,0
3768.9,0,0,0
3769,0,0,0
3769.1,0,0,0
3769.2,0,0,0
3769.3,0,0,0
3769.4,0,0,0
3769.5,0,0,0
3769.7,0,0,0
3769.8,0,0,0
3769.9,0,0,0
3770,0,0,0
3770.1,0,0,0
3770.2,0,0,0
3770.3,0,0,0
3770.4,0,0,0
3770.5,0,0,0
3770.6,0,0,0
3770.7,0,0,0
3770.8,0,0,0
3770.9,0,0,0
3771,0,0,0
3771.1,0,0,0
3771.2,0,0,0
3771.4,0,0,0
3771.5,0,0,0
3771.6,0,0,0
3771.7,0,0,0
3771.8,0,0,0
3771.9,0,0,0
3772,0,0,0
3772.1,0,0,0
3772.2,0,0,0
3772.3,0,0,0
3772.4,0,0,0
3772.5,0,0,0
3772.6,0,0,0
3772.7,0,0,0
3772.8,0,0,0
3772.9,0,0,0
3773.1,0,0,0
3773.2,0,0,0
3773.3,0,0,0
3773.4,0,0,0
3773.5,0,0,0
3773.6,0,0,0
3773.7,0,0,0
3773.8,0,0,0
3773.9,0,0,0
3774,0,0,0
3774.1,0,0,0
3774.2,0,0,0
3774.3,0,0,0
3774.4,0,0,0
3774.5,0,0,0
3774.6,0,0,0
3774.7,0,0,0
3774.9,0,0,0
3775,0,0,0
3775.1,0,0,0
3775.2,0,0,0
3775.3,0,0,0
3775.4,0,0,0
3775.5,0,0,0
3775.6,0,0,0
3775.7,0,0,0
3775.8,0,0,0
3775.9,0,0,0
3776,0,0,0
3776.1,0,0,0
3776.2,0,0,0
3776.3,0,0,0
3776.4,0,0,0
3776.5,0,0,0
3776.7,0,0,0
3776.8,0,0,0
3776.9,0,0,0
3777,0,0,0
3777.1,0,0,0
3777.2,0,0,0
3777.3,0,0,0
3777.4,0,0,0
3777.5,0,0,0
3777.6,0,0,0
3777.7,0,0,0
3777.8,0,0,0
3777.9,0,0,0
3778,0,0,0
3778.1,0,0,0
3778.2,0,0,0
3778.4,0,0,0
3778.5,0,0,0
3778.6,0,0,0
3778.7,0,0,0
3778.8,0,0,0
3778.9,0,0,0
3779,0,0,0
3779.1,0,0,0
3779.2,0,0,0
3779.3,0,0,0
3779.4,0,0,0
3779.5,0,0,0
3779.6,0,0,0
3779.7,0,0,0
3779.8,0,0,0
3779.9,0,0,0
3780,0,0,0
3780.2,0,0,0
3780.3,0,0,0
3780.4,0,0,0
3780.5,0,0,0
3780.6,0,0,0
3780.7,0,0,0
3780.8,0,0,0
3780.9,0,0,0
3781,0,0,0
3781.1,0,0,0
3781.2,0,0,0
3781.3,0,0,0
3781.4,0,0,0
3781.5,0,0,0
3781.6,0,0,0
3781.7,0,0,0
3781.9,0,0,0
3782,0,0,0
3782.1,0,0,0
3782.2,0,0,0
3782.3,0,0,0
3782.4,0,0,0
3782.5,0,0,0
3782.6,0,0,0
3782.7,0,0,0
3782.8,0,0,0
3782.9,0,0,0
3783,0,0,0
3783.1,0,0,0
3783.2,0,0,0
3783.3,0,0,0
3783.4,0,0,0
3783.6,0,0,0
3783.7,0,0,0
3783.8,0,0,0
3783.9,0,0,0
3784,0,0,0
3784.1,0,0,0
3784.2,0,0,0
3784.3,0,0,0
3784.4,0,0,0
3784.5,0,0,0
3784.6,0,0,0
3784.7,0,0,0
3784.8,0,0,0
3784.9,0,0,0
3785,0,0,0
3785.2,0,0,0
3785.3,0,0,0
3785.4,0,0,0
3785.5,0,0,0
3785.6,0,0,0
3785.7,0,0,0
3785.8,0,0,0
3785.9,0,0,0
3786,0,0,0
3786.1,0,0,0
3786.2,0,0,0
3786.3,0,0,0
3786.4,0,0,0
3786.5,0,0,0
3786.6,0,0,0
3786.7,0,0,0
3786.9,0,0,0
3787,0,0,0
3787.1,0,0,0
3787.2,0,0,0
3787.3,0,0,0
3787.4,0,0,0
3787.5,0,0,0
3787.6,0,0,0
3787.7,0,0,0
3787.8,0,0,0
3787.9,0,0,0
3788,0,0,0
3788.1,0,0,0
3788.2,0,0,0
3788.3,0,0,0
3788.4,0,0,0
3788.6,0,0,0
3788.7,0,0,0
3788.8,0,0,0
3788.9,0,0,0
3789,0,0,0
3789.1,0,0,0
3789.2,0,0,0
3789.3,0,0,0
3789.4,0,0,0
3789.5,0,0,0
3789.6,0,0,0
3789.7,0,0,0
3789.8,0,0,0
3789.9,0,0,0
3790,0,0,0
3790.1,0,0,0
3790.3,0,0,0
3790.4,0,0,0
3790.5,0,0,0
3790.6,0,0,0
3790.7,0,0,0
3790.8,0,0,0
3790.9,0,0,0
3791,0,0,0
3791.1,0,0,0
3791.2,0,0,0
3791.3,0,0,0
3791.4,0,0,0
3791.5,0,0,0
3791.6,0,0,0
3791.7,0,0,0
3791.8,0,0,0
3791.9,0,0,0
3792.1,0,0,0
3792.2,0,0,0
3792.3,0,0,0
3792.4,0,0,0
3792.5,0,0,0
3792.6,0,0,0
3792.7,0,0,0
3792.8,0,0,0
3792.9,0,0,0
3793,0,0,0
3793.1,0,0,0
3793.2,0,0,0
3793.3,0,0,0
3793.4,0,0,0
3793.5,0,0,0
3793.6,0,0,0
3793.8,0,0,0
3793.9,0,0,0
3794,0,0,0
3794.1,0,0,0
3794.2,0,0,0
3794.3,0,0,0
3794.4,0,0,0
3794.5,0,0,0
3794.6,0,0,0
3794.7,0,0,0
3794.8,0,0,0
3794.9,0,0,0
3795,0,0,0
3795.1,0,0,0
3795.2,0,0,0
3795.3,0,0,0
3795.4,0,0,0
3795.6,0,0,0
3795.7,0,0,0
3795.8,0,0,0
3795.9,0,0,0
3796,0,0,0
3796.1,0,0,0
3796.2,0,0,0
3796.3,0,0,0
3796.4,0,0,0
3796.5,0,0,0
3796.6,0,0,0
3796.7,0,0,0
3796.8,0,0,0
3796.9,0,0,0
3797,0,0,0
3797.1,0,0,0
3797.3,0,0,0
3797.4,0,0,0
3797.5,0,0,0
3797.6,0,0,0
3797.7,0,0,0
3797.8,0,0,0
3797.9,0,0,0
3798,0,0,0
3798.1,0,0,0
3798.2,0,0,0
3798.3,0,0,0
3798.4,0,0,0
3798.5,0,0,0
3798.6,0,0,0
3798.7,0,0,0
3798.8,0,0,0
3798.9,0,0,0
3799.1,0,0,0
3799.2,0,0,0
3799.3,0,0,0
3799.4,0,0,0
3799.5,0,0,0
3799.6,0,0,0
3799.7,0,0,0
3799.8,0,0,0
3799.9,0,0,0
3800,0,0,0
3800.1,0,0,0
3800.2,0,0,0
3800.3,0,0,0
3800.4,0,0,0
3800.5,0,0,0
3800.6,0,0,0
3800.8,0,0,0
3800.9,0,0,0
3801,0,0,0
3801.1,0,0,0
3801.2,0,0,0
3801.3,0,0,0
3801.4,0,0,0
3801.5,0,0,0
3801.6,0,0,0
3801.7,0,0,0
3801.8,0,0,0
3801.9,0,0,0
3802,0,0,0
3802.1,0,0,0
3802.2,0,0,0
3802.3,0,0,0
3802.5,0,0,0
3802.6,0,0,0
3802.7,0,0,0
3802.8,0,0,0
3802.9,0,0,0
3803,0,0,0
3803.1,0,0,0
3803.2,0,0,0
3803.3,0,0,0
3803.4,0,0,0
3803.5,0,0,0
3803.6,0,0,0
3803.7,0,0,0
3803.8,0,0,0
3803.9,0,0,0
3804,0,0,0
3804.1,0,0,0
3804.3,0,0,0
3804.4,0,0,0
3804.5,0,0,0
3804.6,0,0,0
3804.7,0,0,0
3804.8,0,0,0
3804.9,0,0,0
3805,0,0,0
3805.1,0,0,0
3805.2,0,0,0
3805.3,0,0,0
3805.4,0,0,0
3805.5,0,0,0
3805.6,0,0,0
3805.7,0,0,0
3805.8,0,0,0
3806,0,0,0
3806.1,0,0,0
3806.2,0,0,0
3806.3,0,0,0
3806.4,0,0,0
3806.5,0,0,0
3806.6,0,0,0
3806.7,0,0,0
3806.8,0,0,0
3806.9,0,0,0
3807,0,0,0
3807.1,0,0,0
3807.2,0,0,0
3807.3,0,0,0
3807.4,0,0,0
3807.5,0,0,0
3807.7,0,0,0
3807.8,0,0,0
3807.9,0,0,0
3808,0,0,0
3808.1,0,0,0
3808.2,0,0,0
3808.3,0,0,0
3808.4,0,0,0
3808.5,0,0,0
3808.6,0,0,0
3808.7,0,0,0
3808.8,0,0,0
3808.9,0,0,0
3809,0,0,0
3809.1,0,0,0
3809.2,0,0,0
3809.4,0,0,0
3809.5,0,0,0
3809.6,0,0,0
3809.7,0,0,0
3809.8,0,0,0
3809.9,0,0,0
3810,0,0,0
3810.1,0,0,0
3810.2,0,0,0
3810.3,0,0,0
3810.4,0,0,0
3810.5,0,0,0
3810.6,0,0,0
3810.7,0,0,0
3810.8,0,0,0
3810.9,0,0,0
3811.1,0,0,0
3811.2,0,0,0
3811.3,0,0,0
3811.4,0,0,0
3811.5,0,0,0
3811.6,0,0,0
3811.7,0,0,0
3811.8,0,0,0
3811.9,0,0,0
3812,0,0,0
3812.1,0,0,0
3812.2,0,0,0
3812.3,0,0,0
3812.4,0,0,0
3812.5,0,0,0
3812.6,0,0,0
3812.8,0,0,0
3812.9,0,0,0
3813,0,0,0
3813.1,0,0,0
3813.2,0,0,0
3813.3,0,0,0
3813.4,0,0,0
3813.5,0,0,0
3813.6,0,0,0
3813.7,0,0,0
3813.8,0,0,0
3813.9,0,0,0
3814,0,0,0
3814.1,0,0,0
3814.2,0,0,0
3814.3,0,0,0
3814.4,0,0,0
3814.6,0,0,0
3814.7,0,0,0
3814.8,0,0,0
3814.9,0,0,0
3815,0,0,0
3815.1,0,0,0
3815.2,0,0,0
3815.3,0,0,0
3815.4,0,0,0
3815.5,0,0,0
3815.6,0,0,0
3815.7,0,0,0
3815.8,0,0,0
3815.9,0,0,0
3816,0,0,0
3816.1,0,0,0
3816.3,0,0,0
3816.4,0,0,0
3816.5,0,0,0
3816.6,0,0,0
3816.7,0,0,0
3816.8,0,0,0
3816.9,0,0,0
3817,0,0,0
3817.1,0,0,0
3817.2,0,0,0
3817.3,0,0,0
3817.4,0,0,0
3817.5,0,0,0
3817.6,0,0,0
3817.7,0,0,0
3817.8,0,0,0
3818,0,0,0
3818.1,0,0,0
3818.2,0,0,0
3818.3,0,0,0
3818.4,0,0,0
3818.5,0,0,0
3818.6,0,0,0
3818.7,0,0,0
3818.8,0,0,0
3818.9,0,0,0
3819,0,0,0
3819.1,0,0,0
3819.2,0,0,0
3819.3,0,0,0
3819.4,0,0,0
3819.5,0,0,0
3819.6,0,0,0
3819.8,0,0,0
3819.9,0,0,0
3820,0,0,0
3820.1,0,0,0
3820.2,0,0,0
3820.3,0,0,0
3820.4,0,0,0
3820.5,0,0,0
3820.6,0,0,0
3820.7,0,0,0
3820.8,0,0,0
3820.9,0,0,0
3821,0,0,0
3821.1,0,0,0
3821.2,0,0,0
3821.3,0,0,0
3821.5,0,0,0
3821.6,0,0,0
3821.7,0,0,0
3821.8,0,0,0
3821.9,0,0,0
3822,0,0,0
3822.1,0,0,0
3822.2,0,0,0
3822.3,0,0,0
3822.4,0,0,0
3822.5,0,0,0
3822.6,0,0,0
3822.7,0,0,0
3822.8,0,0,0
3822.9,0,0,0
3823,0,0,0
3823.2,0,0,0
3823.3,0,0,0
3823.4,0,0,0
3823.5,0,0,0
3823.6,0,0,0
3823.7,0,0,0
3823.8,0,0,0
3823.9,0,0,0
3824,0,0,0
3824.1,0,0,0
3824.2,0,0,0
3824.3,0,0,0
3824.4,0,0,0
3824.5,0,0,0
3824.6,0,0,0
3824.7,0,0,0
3824.8,0,0,0
3825,0,0,0
3825.1,0,0,0
3825.2,0,0,0
3825.3,0,0,0
3825.4,0,0,0
3825.5,0,0,0
3825.6,0,0,0
3825.7,0,0,0
3825.8,0,0,0
3825.9,0,0,0
3826,0,0,0
3826.1,0,0,0
3826.2,0,0,0
3826.3,0,0,0
3826.4,0,0,0
3826.5,0,0,0
3826.7,0,0,0
3826.8,0,0,0
3826.9,0,0,0
3827,0,0,0
3827.1,0,0,0
3827.2,0,0,0
3827.3,0,0,0
3827.4,0,0,0
3827.5,0,0,0
3827.6,0,0,0
3827.7,0,0,0
3827.8,0,0,0
3827.9,0,0,0
3828,0,0,0
3828.1,0,0,0
3828.2,0,0,0
3828.4,0,0,0
3828.5,0,0,0
3828.6,0,0,0
3828.7,0,0,0
3828.8,0,0,0
3828.9,0,0,0
3829,0,0,0
3829.1,0,0,0
3829.2,0,0,0
3829.3,0,0,0
3829.4,0,0,0
3829.5,0,0,0
3829.6,0,0,0
3829.7,0,0,0
3829.8,0,0,0
3829.9,0,0,0
3830.1,0,0,0
3830.2,0,0,0
3830.3,0,0,0
3830.4,0,0,0
3830.5,0,0,0
3830.6,0,0,0
3830.7,0,0,0
3830.8,0,0,0
3830.9,0,0,0
3831,0,0,0
3831.1,0,0,0
3831.2,0,0,0
3831.3,0,0,0
3831.4,0,0,0
3831.5,0,0,0
3831.6,0,0,0
3831.8,0,0,0
3831.9,0,0,0
3832,0,0,0
3832.1,0,0,0
3832.2,0,0,0
3832.3,0,0,0
3832.4,0,0,0
3832.5,0,0,0
3832.6,0,0,0
3832.7,0,0,0
3832.8,0,0,0
3832.9,0,0,0
3833,0,0,0
3833.1,0,0,0
3833.2,0,0,0
3833.3,0,0,0
3833.5,0,0,0
3833.6,0,0,0
3833.7,0,0,0
3833.8,0,0,0
3833.9,0,0,0
3834,0,0,0
3834.1,0,0,0
3834.2,0,0,0
3834.3,0,0,0
3834.4,0,0,0
3834.5,0,0,0
3834.6,0,0,0
3834.7,0,0,0
3834.8,0,0,0
3834.9,0,0,0
3835,0,0,0
3835.2,0,0,0
3835.3,0,0,0
3835.4,0,0,0
3835.5,0,0,0
3835.6,0,0,0
3835.7,0,0,0
3835.8,0,0,0
3835.9,0,0,0
3836,0,0,0
3836.1,0,0,0
3836.2,0,0,0
3836.3,0,0,0
3836.4,0,0,0
3836.5,0,0,0
3836.6,0,0,0
3836.7,0,0,0
3836.9,0,0,0
3837,0,0,0
3837.1,0,0,0
3837.2,0,0,0
3837.3,0,0,0
3837.4,0,0,0
3837.5,0,0,0
3837.6,0,0,0
3837.7,0,0,0
3837.8,0,0,0
3837.9,0,0,0
3838,0,0,0
3838.1,0,0,0
3838.2,0,0,0
3838.3,0,0,0
3838.4,0,0,0
3838.5,0,0,0
3838.7,0,0,0
3838.8,0,0,0
3838.9,0,0,0
3839,0,0,0
3839.1,0,0,0
3839.2,0,0,0
3839.3,0,0,0
3839.4,0,0,0
3839.5,0,0,0
3839.6,0,0,0
3839.7,0,0,0
3839.8,0,0,0
3839.9,0,0,0
3840,0,0,0
3840.1,0,0,0
3840.2,0,0,0
3840.4,0,0,0
3840.5,0,0,0
3840.6,0,0,0
3840.7,0,0,0
3840.8,0,0,0
3840.9,0,0,0
3841,0,0,0
3841.1,0,0,0
3841.2,0,0,0
3841.3,0,0,0
3841.4,0,0,0
3841.5,0,0,0
3841.6,0,0,0
3841.7,0,0,0
3841.8,0,0,0
3841.9,0,0,0
3842.1,0,0,0
3842.2,0,0,0
3842.3,0,0,0
3842.4,0,0,0
3842.5,0,0,0
3842.6,0,0,0
3842.7,0,0,0
3842.8,0,0,0
3842.9,0,0,0
3843,0,0,0
3843.1,0,0,0
3843.2,0,0,0
3843.3,0,0,0
3843.4,0,0,0
3843.5,0,0,0
3843.6,0,0,0
3843.7,0,0,0
3843.9,0,0,0
3844,0,0,0
3844.1,0,0,0
3844.2,0,0,0
3844.3,0,0,0
3844.4,0,0,0
3844.5,0,0,0
3844.6,0,0,0
3844.7,0,0,0
3844.8,0,0,0
3844.9,0,0,0
3845,0,0,0
3845.1,0,0,0
3845.2,0,0,0
3845.3,0,0,0
3845.4,0,0,0
3845.6,0,0,0
3845.7,0,0,0
3845.8,0,0,0
3845.9,0,0,0
3846,0,0,0
3846.1,0,0,0
3846.2,0,0,0
3846.3,0,0,0
3846.4,0,0,0
3846.5,0,0,0
3846.6,0,0,0
3846.7,0,0,0
3846.8,0,0,0
3846.9,0,0,0
3847,0,0,0
3847.1,0,0,0
3847.3,0,0,0
3847.4,0,0,0
3847.5,0,0,0
3847.6,0,0,0
3847.7,0,0,0
3847.8,0,0,0
3847.9,0,0,0
3848,0,0,0
3848.1,0,0,0
3848.2,0,0,0
3848.3,0,0,0
3848.4,0,0,0
3848.5,0,0,0
3848.6,0,0,0
3848.7,0,0,0
3848.8,0,0,0
3848.9,0,0,0
3849.1,0,0,0
3849.2,0,0,0
3849.3,0,0,0
3849.4,0,0,0
3849.5,0,0,0
3849.6,0,0,0
3849.7,0,0,0
3849.8,0,0,0
3849.9,0,0,0
3850,0,0,0
3850.1,0,0,0
3850.2,0,0,0
3850.3,0,0,0
3850.4,0,0,0
3850.5,0,0,0
3850.7,0,0,0
3850.8,0,0,0
3850.9,0,0,0
3851,0,0,0
3851.1,0,0,0
3851.2,0,0,0
3851.3,0,0,0
3851.4,0,0,0
3851.5,0,0,0
3851.6,0,0,0
3851.7,0,0,0
3851.8,0,0,0
3851.9,0,0,0
3852,0,0,0
3852.1,0,0,0
3852.2,0,0,0
3852.4,0,0,0
3852.5,0,0,0
3852.6,0,0,0
3852.7,0,0,0
3852.8,0,0,0
3852.9,0,0,0
3853,0,0,0
3853.1,0,0,0
3853.2,0,0,0
3853.3,0,0,0
3853.4,0,0,0
3853.5,0,0,0
3853.6,0,0,0
3853.7,0,0,0
3853.8,0,0,0
3853.9,0,0,0
3854,0,0,0
3854.2,0,0,0
3854.3,0,0,0
3854.4,0,0,0
3854.5,0,0,0
3854.6,0,0,0
3854.7,0,0,0
3854.8,0,0,0
3854.9,0,0,0
3855,0,0,0
3855.1,0,0,0
3855.2,0,0,0
3855.3,0,0,0
3855.4,0,0,0
3855.5,0,0,0
3855.6,0,0,0
3855.7,0,0,0
3855.9,0,0,0
3856,0,0,0
3856.1,0,0,0
3856.2,0,0,0
3856.3,0,0,0
3856.4,0,0,0
3856.5,0,0,0
3856.6,0,0,0
3856.7,0,0,0
3856.8,0,0,0
3856.9,0,0,0
3857,0,0,0
3857.1,0,0,0
3857.2,0,0,0
3857.3,0,0,0
3857.5,0,0,0
3857.6,0,0,0
3857.7,0,0,0
3857.8,0,0,0
3857.9,0,0,0
3858,0,0,0
3858.1,0,0,0
3858.2,0,0,0
3858.3,0,0,0
3858.4,0,0,0
3858.5,0,0,0
3858.6,0,0,0
3858.7,0,0,0
3858.8,0,0,0
3858.9,0,0,0
3859,0,0,0
3859.2,0,0,0
3859.3,0,0,0
3859.4,0,0,0
3859.5,0,0,0
3859.6,0,0,0
3859.7,0,0,0
3859.8,0,0,0
3859.9,0,0,0
3860,0,0,0
3860.1,0,0,0
3860.2,0,0,0
3860.3,0,0,0
3860.4,0,0,0